course_name,current_round,date_end,date_start,event_id,event_name,last_updated,multi_course,tour,tz_offset,am,country,dg_id,dg_rank,owgr_rank,player_name,player_num,pre_tourn_pageviews,tour_rank,r1_teetime,r1_course,r2_teetime,r2_course,r3_teetime,r3_course,r4_teetime,r4_course
Black Desert Resort,1,2026-10-04,2026-10-01,554,Bank of Utah Championship,2026-09-30 18:51:33 UTC,no,pga,-21600,1,USA,32652,379.0,,"Akina, Kihei",67118,110,,2026-10-01 09:03,,2026-10-02 13:58,,,,,
Black Desert Resort,1,2026-10-04,2026-10-01,554,Bank of Utah Championship,2026-09-30 18:51:33 UTC,no,pga,-21600,1,KOR,29351,,,"An, Seonghyeon",62798,54,,2026-10-01 09:14,,2026-10-02 14:09,,,,,
Black Desert Resort,1,2026-10-04,2026-10-01,554,Bank of Utah Championship,2026-09-30 18:51:33 UTC,no,pga,-21600,0,USA,19846,81.0,152.0,"Bauchou, Zach",48001,412,86,2026-10-01 12:52,,2026-10-02 07:57,,,,,
Black Desert Resort,1,2026-10-04,2026-10-01,554,Bank of Utah Championship,2026-09-30 18:51:33 UTC,no,pga,-21600,0,RSA,18103,75.0,102.0,"Bezuidenhout, Christiaan",45522,368,99,2026-10-01 12:52,,2026-10-02 07:57,,,,,
Black Desert Resort,1,2026-10-04,2026-10-01,554,Bank of Utah Championship,2026-09-30 18:51:33 UTC,no,pga,-21600,0,USA,17639,101.0,144.0,"Blair, Zac",40058,287,124,2026-10-01 08:30,,2026-10-02 13:25,,,,,
Black Desert Resort,1,2026-10-04,2026-10-01,554,Bank of Utah Championship,2026-09-30 18:51:33 UTC,no,pga,-21600,0,USA,24956,259.0,130.0,"Blanchet, Chandler",54788,150,113,2026-10-01 14:09,,2026-10-02 09:14,,,,,
Black Desert Resort,1,2026-10-04,2026-10-01,554,Bank of Utah Championship,2026-09-30 18:51:33 UTC,no,pga,-21600,1,USA,30037448,,,"Bracken, Boston",71475,98,,2026-10-01 13:58,,2026-10-02 09:03,,,,,
Black Desert Resort,1,2026-10-04,2026-10-01,554,Bank of Utah Championship,2026-09-30 18:51:33 UTC,no,pga,-21600,0,USA,29197,34.0,33.0,"Brennan, Michael",61522,1057,46,2026-10-01 08:08,,2026-10-02 13:03,,,,,
Black Desert Resort,1,2026-10-04,2026-10-01,554,Bank of Utah Championship,2026-09-30 18:51:33 UTC,no,pga,-21600,0,PUR,12909,,,"Campos, Rafael",32070,108,166,2026-10-01 07:46,,2026-10-02 12:41,,,,,
Black Desert Resort,1,2026-10-04,2026-10-01,554,Bank of Utah Championship,2026-09-30 18:51:33 UTC,no,pga,-21600,0,USA,30620,180.0,248.0,"Chatfield, Davis",59006,220,134,2026-10-01 13:58,,2026-10-02 09:03,,,,,
Black Desert Resort,1,2026-10-04,2026-10-01,554,Bank of Utah Championship,2026-09-30 18:51:33 UTC,no,pga,-21600,0,USA,32330,274.0,340.0,"Clanton, Luke",66743,246,150,2026-10-01 13:58,,2026-10-02 09:03,,,,,
Black Desert Resort,1,2026-10-04,2026-10-01,554,Bank of Utah Championship,2026-09-30 18:51:33 UTC,no,pga,-21600,0,USA,21756,63.0,78.0,"Cole, Eric",47591,416,49,2026-10-01 13:14,,2026-10-02 08:19,,,,,
Black Desert Resort,1,2026-10-04,2026-10-01,554,Bank of Utah Championship,2026-09-30 18:51:33 UTC,no,pga,-21600,0,USA,28309,125.0,70.0,"Coody, Pierceson",59836,549,54,2026-10-01 13:25,,2026-10-02 08:30,,,,,
Black Desert Resort,1,2026-10-04,2026-10-01,554,Bank of Utah Championship,2026-09-30 18:51:33 UTC,no,pga,-21600,0,USA,27780,221.0,261.0,"Crowe, Trace",52514,217,147,2026-10-01 08:52,,2026-10-02 13:47,,,,,
Black Desert Resort,1,2026-10-04,2026-10-01,554,Bank of Utah Championship,2026-09-30 18:51:33 UTC,no,pga,-21600,0,USA,14509,184.0,243.0,"Dahmen, Joel",34076,245,123,2026-10-01 08:41,,2026-10-02 13:36,,,,,
Black Desert Resort,1,2026-10-04,2026-10-01,554,Bank of Utah Championship,2026-09-30 18:51:33 UTC,no,pga,-21600,0,AUS,17786,,395.0,"Davis, Cam",45157,179,190,2026-10-01 13:03,,2026-10-02 08:08,,,,,
Black Desert Resort,1,2026-10-04,2026-10-01,554,Bank of Utah Championship,2026-09-30 18:51:33 UTC,no,pga,-21600,0,CHN,16757,124.0,175.0,"Dou, Zecheng",37338,272,111,2026-10-01 14:09,,2026-10-02 09:14,,,,,
Black Desert Resort,1,2026-10-04,2026-10-01,554,Bank of Utah Championship,2026-09-30 18:51:33 UTC,no,pga,-21600,0,BEL,22002,209.0,210.0,"Dumont De Chassart, Adrien",50497,174,126,2026-10-01 09:03,,2026-10-02 13:58,,,,,
Black Desert Resort,1,2026-10-04,2026-10-01,554,Bank of Utah Championship,2026-09-30 18:51:33 UTC,no,pga,-21600,0,USA,18187,278.0,396.0,"Duncan, Tyler",45609,166,172,2026-10-01 12:41,,2026-10-02 07:46,,,,,
Black Desert Resort,1,2026-10-04,2026-10-01,554,Bank of Utah Championship,2026-09-30 18:51:33 UTC,no,pga,-21600,0,USA,28270,,454.0,"Dunlap, Nick",59866,166,167,2026-10-01 13:25,,2026-10-02 08:30,,,,,
Black Desert Resort,1,2026-10-04,2026-10-01,554,Bank of Utah Championship,2026-09-30 18:51:33 UTC,no,pga,-21600,0,CAN,21883,197.0,198.0,"Ewart, A.J.",50286,199,108,2026-10-01 13:47,,2026-10-02 08:52,,,,,
Black Desert Resort,1,2026-10-04,2026-10-01,554,Bank of Utah Championship,2026-09-30 18:51:33 UTC,no,pga,-21600,0,USA,11676,219.0,151.0,"Finau, Tony",29725,369,100,2026-10-01 13:14,,2026-10-02 08:19,,,,,
Black Desert Resort,1,2026-10-04,2026-10-01,554,Bank of Utah Championship,2026-09-30 18:51:33 UTC,no,pga,-21600,0,USA,25094,172.0,256.0,"Fishburn, Patrick",54576,232,146,2026-10-01 08:52,,2026-10-02 13:47,,,,,
Black Desert Resort,1,2026-10-04,2026-10-01,554,Bank of Utah Championship,2026-09-30 18:51:33 UTC,no,pga,-21600,0,USA,26657,162.0,82.0,"Fisk, Steven",57123,242,70,2026-10-01 08:30,,2026-10-02 13:25,,,,,
Black Desert Resort,1,2026-10-04,2026-10-01,554,Bank of Utah Championship,2026-09-30 18:51:33 UTC,no,pga,-21600,0,USA,31343,232.0,373.0,"Ford, David",65256,357,158,2026-10-01 09:03,,2026-10-02 13:58,,,,,
Black Desert Resort,1,2026-10-04,2026-10-01,554,Bank of Utah Championship,2026-09-30 18:51:33 UTC,no,pga,-21600,0,USA,11451,317.0,311.0,"Garnett, Brice",29535,129,137,2026-10-01 13:36,,2026-10-02 08:41,,,,,
Black Desert Resort,1,2026-10-04,2026-10-01,554,Bank of Utah Championship,2026-09-30 18:51:33 UTC,no,pga,-21600,0,USA,24550,53.0,156.0,"Ghim, Doug",52375,530,89,2026-10-01 07:35,,2026-10-02 12:30,,,,,
Black Desert Resort,1,2026-10-04,2026-10-01,554,Bank of Utah Championship,2026-09-30 18:51:33 UTC,no,pga,-21600,0,USA,7399,222.0,124.0,"Glover, Lucas",25900,353,103,2026-10-01 13:14,,2026-10-02 08:19,,,,,
Black Desert Resort,1,2026-10-04,2026-10-01,554,Bank of Utah Championship,2026-09-30 18:51:33 UTC,no,pga,-21600,0,USA,26660,429.0,399.0,"Gordon, Will",56762,113,177,2026-10-01 08:30,,2026-10-02 13:25,,,,,
Black Desert Resort,1,2026-10-04,2026-10-01,554,Bank of Utah Championship,2026-09-30 18:51:33 UTC,no,pga,-21600,0,USA,23465,96.0,87.0,"Greyserman, Max",51977,520,97,2026-10-01 07:57,,2026-10-02 12:52,,,,,
Black Desert Resort,1,2026-10-04,2026-10-01,554,Bank of Utah Championship,2026-09-30 18:51:33 UTC,no,pga,-21600,0,ARG,12808,103.0,113.0,"Grillo, Emiliano",31646,361,112,2026-10-01 13:25,,2026-10-02 08:30,,,,,
Black Desert Resort,1,2026-10-04,2026-10-01,554,Bank of Utah Championship,2026-09-30 18:51:33 UTC,no,pga,-21600,0,ENG,27194,77.0,69.0,"Hall, Harry",57975,524,56,2026-10-01 08:19,,2026-10-02 13:14,,,,,
Black Desert Resort,1,2026-10-04,2026-10-01,554,Bank of Utah Championship,2026-09-30 18:51:33 UTC,no,pga,-21600,0,RSA,24342,267.0,134.0,"Higgo, Garrick",54421,208,171,2026-10-01 08:08,,2026-10-02 13:03,,,,,
Black Desert Resort,1,2026-10-04,2026-10-01,554,Bank of Utah Championship,2026-09-30 18:51:33 UTC,no,pga,-21600,0,USA,14140,385.0,383.0,"Higgs, Harry",33597,50,185,2026-10-01 12:30,,2026-10-02 07:35,,,,,
Black Desert Resort,1,2026-10-04,2026-10-01,554,Bank of Utah Championship,2026-09-30 18:51:33 UTC,no,pga,-21600,0,USA,28469,350.0,247.0,"Highsmith, Joe",60067,175,152,2026-10-01 08:30,,2026-10-02 13:25,,,,,
Black Desert Resort,1,2026-10-04,2026-10-01,554,Bank of Utah Championship,2026-09-30 18:51:33 UTC,no,pga,-21600,0,JPN,20954,,391.0,"Hirata, Kensei",49120,117,175,2026-10-01 08:52,,2026-10-02 13:47,,,,,
Black Desert Resort,1,2026-10-04,2026-10-01,554,Bank of Utah Championship,2026-09-30 18:51:33 UTC,no,pga,-21600,0,USA,25157,134.0,142.0,"Hodges, Lee",54628,255,109,2026-10-01 13:25,,2026-10-02 08:30,,,,,
Black Desert Resort,1,2026-10-04,2026-10-01,554,Bank of Utah Championship,2026-09-30 18:51:33 UTC,no,pga,-21600,0,PHI,23504,122.0,110.0,"Hoey, Rico",51696,554,114,2026-10-01 08:41,,2026-10-02 13:36,,,,,
Black Desert Resort,1,2026-10-04,2026-10-01,554,Bank of Utah Championship,2026-09-30 18:51:33 UTC,no,pga,-21600,0,USA,15575,174.0,141.0,"Hoge, Tom",35532,221,84,2026-10-01 07:46,,2026-10-02 12:41,,,,,
Black Desert Resort,1,2026-10-04,2026-10-01,554,Bank of Utah Championship,2026-09-30 18:51:33 UTC,no,pga,-21600,0,DEN,23838,89.0,75.0,"Hojgaard, Rasmus",52686,397,110,2026-10-01 07:57,,2026-10-02 12:52,,,,,
Black Desert Resort,1,2026-10-04,2026-10-01,554,Bank of Utah Championship,2026-09-30 18:51:33 UTC,no,pga,-21600,0,USA,17538,70.0,74.0,"Homa, Max",39977,732,53,2026-10-01 13:03,,2026-10-02 08:08,,,,,
Black Desert Resort,1,2026-10-04,2026-10-01,554,Bank of Utah Championship,2026-09-30 18:51:33 UTC,no,pga,-21600,0,USA,11276,104.0,164.0,"Horschel, Billy",29420,513,101,2026-10-01 13:03,,2026-10-02 08:08,,,,,
Black Desert Resort,1,2026-10-04,2026-10-01,554,Bank of Utah Championship,2026-09-30 18:51:33 UTC,no,pga,-21600,0,USA,15470,99.0,98.0,"Hossler, Beau",35461,293,75,2026-10-01 13:36,,2026-10-02 08:41,,,,,
Black Desert Resort,1,2026-10-04,2026-10-01,554,Bank of Utah Championship,2026-09-30 18:51:33 UTC,no,pga,-21600,0,USA,16333,242.0,160.0,"Hubbard, Mark",36801,184,122,2026-10-01 07:57,,2026-10-02 12:52,,,,,
Black Desert Resort,1,2026-10-04,2026-10-01,554,Bank of Utah Championship,2026-09-30 18:51:33 UTC,no,pga,-21600,0,CAN,15556,106.0,161.0,"Hughes, Mackenzie",35506,314,116,2026-10-01 12:30,,2026-10-02 07:35,,,,,
Black Desert Resort,1,2026-10-04,2026-10-01,554,Bank of Utah Championship,2026-09-30 18:51:33 UTC,no,pga,-21600,0,GER,16394,155.0,128.0,"Jaeger, Stephan",36799,485,83,2026-10-01 08:19,,2026-10-02 13:14,,,,,
Black Desert Resort,1,2026-10-04,2026-10-01,554,Bank of Utah Championship,2026-09-30 18:51:33 UTC,no,pga,-21600,0,USA,29827,45.0,92.0,"James, Ben",57869,949,66,2026-10-01 08:08,,2026-10-02 13:03,,,,,
Black Desert Resort,1,2026-10-04,2026-10-01,554,Bank of Utah Championship,2026-09-30 18:51:33 UTC,no,pga,-21600,0,USA,17619,,,"Johnson, Zach J.",29747,120,,2026-10-01 14:09,,2026-10-02 09:14,,,,,
Black Desert Resort,1,2026-10-04,2026-10-01,554,Bank of Utah Championship,2026-09-30 18:51:33 UTC,no,pga,-21600,0,JPN,19729,195.0,188.0,"Kanaya, Takumi",47917,208,142,2026-10-01 13:25,,2026-10-02 08:30,,,,,
Black Desert Resort,1,2026-10-04,2026-10-01,554,Bank of Utah Championship,2026-09-30 18:51:33 UTC,no,pga,-21600,0,USA,21889,393.0,318.0,"Kang, Jeffrey",47393,119,170,2026-10-01 08:52,,2026-10-02 13:47,,,,,
Black Desert Resort,1,2026-10-04,2026-10-01,554,Bank of Utah Championship,2026-09-30 18:51:33 UTC,no,pga,-21600,0,USA,32457,80.0,66.0,"Keefer, Johnny",63454,671,73,2026-10-01 07:35,,2026-10-02 12:30,,,,,
Black Desert Resort,1,2026-10-04,2026-10-01,554,Bank of Utah Championship,2026-09-30 18:51:33 UTC,no,pga,-21600,0,USA,12423,87.0,106.0,"Kirk, Chris",30926,437,118,2026-10-01 13:03,,2026-10-02 08:08,,,,,
Black Desert Resort,1,2026-10-04,2026-10-01,554,Bank of Utah Championship,2026-09-30 18:51:33 UTC,no,pga,-21600,0,USA,13470,496.0,,"Kizzire, Patton",32757,125,163,2026-10-01 07:35,,2026-10-02 12:30,,,,,
Black Desert Resort,1,2026-10-04,2026-10-01,554,Bank of Utah Championship,2026-09-30 18:51:33 UTC,no,pga,-21600,0,USA,16395,67.0,95.0,"Kohles, Ben",36884,662,90,2026-10-01 13:25,,2026-10-02 08:30,,,,,
Black Desert Resort,1,2026-10-04,2026-10-01,554,Bank of Utah Championship,2026-09-30 18:51:33 UTC,no,pga,-21600,0,USA,32319,22.0,58.0,"Koivun, Jackson",66701,1108,62,2026-10-01 08:08,,2026-10-02 13:03,,,,,
Black Desert Resort,1,2026-10-04,2026-10-01,554,Bank of Utah Championship,2026-09-30 18:51:33 UTC,no,pga,-21600,0,RSA,24343,,360.0,"Lamprecht, Christo",54422,153,198,2026-10-01 14:09,,2026-10-02 09:14,,,,,
Black Desert Resort,1,2026-10-04,2026-10-01,554,Bank of Utah Championship,2026-09-30 18:51:33 UTC,no,pga,-21600,0,USA,21943,273.0,281.0,"Lebioda, Hank",49766,120,140,2026-10-01 12:30,,2026-10-02 07:35,,,,,
Black Desert Resort,1,2026-10-04,2026-10-01,554,Bank of Utah Championship,2026-09-30 18:51:33 UTC,no,pga,-21600,0,CHN,15310,146.0,116.0,"Li, Haotong",35296,439,121,2026-10-01 08:52,,2026-10-02 13:47,,,,,
Black Desert Resort,1,2026-10-04,2026-10-01,554,Bank of Utah Championship,2026-09-30 18:51:33 UTC,no,pga,-21600,0,SWE,14815,,,"Lingmerth, David",34409,124,,2026-10-01 13:47,,2026-10-02 08:52,,,,,
Black Desert Resort,1,2026-10-04,2026-10-01,554,Bank of Utah Championship,2026-09-30 18:51:33 UTC,no,pga,-21600,0,USA,15980,241.0,136.0,"Lipsky, David",36326,159,88,2026-10-01 07:57,,2026-10-02 12:52,,,,,
Black Desert Resort,1,2026-10-04,2026-10-01,554,Bank of Utah Championship,2026-09-30 18:51:33 UTC,no,pga,-21600,0,USA,17723,301.0,349.0,"Lower, Justin",40162,225,173,2026-10-01 13:36,,2026-10-02 08:41,,,,,
Black Desert Resort,1,2026-10-04,2026-10-01,554,Bank of Utah Championship,2026-09-30 18:51:33 UTC,no,pga,-21600,0,USA,30049,,,"Lundell, Carson",60014,66,,2026-10-01 14:09,,2026-10-02 09:14,,,,,
Black Desert Resort,1,2026-10-04,2026-10-01,554,Bank of Utah Championship,2026-09-30 18:51:33 UTC,no,pga,-21600,0,USA,14926,347.0,,"Malnati, Peter",34466,178,156,2026-10-01 07:35,,2026-10-02 12:30,,,,,
Black Desert Resort,1,2026-10-04,2026-10-01,554,Bank of Utah Championship,2026-09-30 18:51:33 UTC,no,pga,-21600,0,USA,14007,363.0,469.0,"Martin, Ben",33413,172,159,2026-10-01 12:41,,2026-10-02 07:46,,,,,
Black Desert Resort,1,2026-10-04,2026-10-01,554,Bank of Utah Championship,2026-09-30 18:51:33 UTC,no,pga,-21600,1,USA,32986,,,"Mauss, Bowen",67803,57,,2026-10-01 09:14,,2026-10-02 14:09,,,,,
Black Desert Resort,1,2026-10-04,2026-10-01,554,Bank of Utah Championship,2026-09-30 18:51:33 UTC,no,pga,-21600,0,USA,19870,92.0,97.0,"McCarthy, Denny",47993,320,92,2026-10-01 07:46,,2026-10-02 12:41,,,,,
Black Desert Resort,1,2026-10-04,2026-10-01,554,Bank of Utah Championship,2026-09-30 18:51:33 UTC,no,pga,-21600,0,USA,28635,90.0,76.0,"McCarty, Matt",59141,764,50,2026-10-01 08:19,,2026-10-02 13:14,,,,,
Black Desert Resort,1,2026-10-04,2026-10-01,554,Bank of Utah Championship,2026-09-30 18:51:33 UTC,no,pga,-21600,0,USA,23505,160.0,131.0,"McGreevy, Max",51950,288,125,2026-10-01 08:30,,2026-10-02 13:25,,,,,
Black Desert Resort,1,2026-10-04,2026-10-01,554,Bank of Utah Championship,2026-09-30 18:51:33 UTC,no,pga,-21600,0,USA,18634,19.0,48.0,"McNealy, Maverick",46442,604,42,2026-10-01 13:03,,2026-10-02 08:08,,,,,
Black Desert Resort,1,2026-10-04,2026-10-01,554,Bank of Utah Championship,2026-09-30 18:51:33 UTC,no,pga,-21600,0,USA,28159,68.0,88.0,"Meissner, Mac",59143,337,78,2026-10-01 07:46,,2026-10-02 12:41,,,,,
Black Desert Resort,1,2026-10-04,2026-10-01,554,Bank of Utah Championship,2026-09-30 18:51:33 UTC,no,pga,-21600,0,USA,21944,192.0,185.0,"Moore, Taylor",49947,215,106,2026-10-01 12:30,,2026-10-02 07:35,,,,,
Black Desert Resort,1,2026-10-04,2026-10-01,554,Bank of Utah Championship,2026-09-30 18:51:33 UTC,no,pga,-21600,0,USA,29770,161.0,147.0,"Mouw, William",63121,231,119,2026-10-01 08:30,,2026-10-02 13:25,,,,,
Black Desert Resort,1,2026-10-04,2026-10-01,554,Bank of Utah Championship,2026-09-30 18:51:33 UTC,no,pga,-21600,0,DEN,23841,105.0,72.0,"Neergaard-Petersen, Rasmus",52689,436,102,2026-10-01 12:52,,2026-10-02 07:57,,,,,
Black Desert Resort,1,2026-10-04,2026-10-01,554,Bank of Utah Championship,2026-09-30 18:51:33 UTC,no,pga,-21600,0,SWE,25475,288.0,284.0,"Nyholm, Pontus",55851,161,136,2026-10-01 09:14,,2026-10-02 14:09,,,,,
Black Desert Resort,1,2026-10-04,2026-10-01,554,Bank of Utah Championship,2026-09-30 18:51:33 UTC,no,pga,-21600,0,TPE,15475,352.0,,"Pan, C.T.",29908,142,,2026-10-01 12:52,,2026-10-02 07:57,,,,,
Black Desert Resort,1,2026-10-04,2026-10-01,554,Bank of Utah Championship,2026-09-30 18:51:33 UTC,no,pga,-21600,0,ENG,13764,109.0,101.0,"Parry, John",28723,307,91,2026-10-01 12:52,,2026-10-02 07:57,,,,,
Black Desert Resort,1,2026-10-04,2026-10-01,554,Bank of Utah Championship,2026-09-30 18:51:33 UTC,no,pga,-21600,0,FRA,19960,215.0,258.0,"Pavon, Matthieu",48153,384,130,2026-10-01 12:41,,2026-10-02 07:46,,,,,
Black Desert Resort,1,2026-10-04,2026-10-01,554,Bank of Utah Championship,2026-09-30 18:51:33 UTC,no,pga,-21600,0,ENG,22465,64.0,53.0,"Penge, Marco",51003,785,105,2026-10-01 13:47,,2026-10-02 08:52,,,,,
Black Desert Resort,1,2026-10-04,2026-10-01,554,Bank of Utah Championship,2026-09-30 18:51:33 UTC,no,pga,-21600,0,USA,16341,233.0,296.0,"Peterson, Paul",36824,138,155,2026-10-01 09:03,,2026-10-02 13:58,,,,,
Black Desert Resort,1,2026-10-04,2026-10-01,554,Bank of Utah Championship,2026-09-30 18:51:33 UTC,no,pga,-21600,0,USA,27164,137.0,138.0,"Phillips, Chandler",57900,202,96,2026-10-01 08:41,,2026-10-02 13:36,,,,,
Black Desert Resort,1,2026-10-04,2026-10-01,554,Bank of Utah Championship,2026-09-30 18:51:33 UTC,no,pga,-21600,0,RSA,27900,231.0,91.0,"Potgieter, Aldrich",63343,356,71,2026-10-01 13:14,,2026-10-02 08:19,,,,,
Black Desert Resort,1,2026-10-04,2026-10-01,554,Bank of Utah Championship,2026-09-30 18:51:33 UTC,no,pga,-21600,0,IRL,10104,141.0,190.0,"Power, Seamus",28252,294,104,2026-10-01 08:41,,2026-10-02 13:36,,,,,
Black Desert Resort,1,2026-10-04,2026-10-01,554,Bank of Utah Championship,2026-09-30 18:51:33 UTC,no,pga,-21600,0,USA,14704,133.0,109.0,"Putnam, Andrew",34256,237,80,2026-10-01 08:41,,2026-10-02 13:36,,,,,
Black Desert Resort,1,2026-10-04,2026-10-01,554,Bank of Utah Championship,2026-09-30 18:51:33 UTC,no,pga,-21600,0,USA,19840,220.0,200.0,"Ramey, Chad",47983,171,129,2026-10-01 13:36,,2026-10-02 08:41,,,,,
Black Desert Resort,1,2026-10-04,2026-10-01,554,Bank of Utah Championship,2026-09-30 18:51:33 UTC,no,pga,-21600,0,USA,25083,,,"Rasmussen, Rhett",55416,64,,2026-10-01 13:47,,2026-10-02 08:52,,,,,
Black Desert Resort,1,2026-10-04,2026-10-01,554,Bank of Utah Championship,2026-09-30 18:51:33 UTC,no,pga,-21600,0,USA,19872,394.0,132.0,"Riley, Davis",47995,183,115,2026-10-01 08:19,,2026-10-02 13:14,,,,,
Black Desert Resort,1,2026-10-04,2026-10-01,554,Bank of Utah Championship,2026-09-30 18:51:33 UTC,no,pga,-21600,0,USA,16283,201.0,107.0,"Rodgers, Patrick",36699,260,67,2026-10-01 07:46,,2026-10-02 12:41,,,,,
Black Desert Resort,1,2026-10-04,2026-10-01,554,Bank of Utah Championship,2026-09-30 18:51:33 UTC,no,pga,-21600,0,USA,18424,110.0,115.0,"Roy, Kevin",39335,320,87,2026-10-01 12:41,,2026-10-02 07:46,,,,,
Black Desert Resort,1,2026-10-04,2026-10-01,554,Bank of Utah Championship,2026-09-30 18:51:33 UTC,no,pga,-21600,0,COL,16591,,,"Rozo, Marcelo",37076,86,202,2026-10-01 13:58,,2026-10-02 09:03,,,,,
Black Desert Resort,1,2026-10-04,2026-10-01,554,Bank of Utah Championship,2026-09-30 18:51:33 UTC,no,pga,-21600,0,USA,27183,327.0,389.0,"Salinda, Isaiah",56781,229,193,2026-10-01 13:47,,2026-10-02 08:52,,,,,
Black Desert Resort,1,2026-10-04,2026-10-01,554,Bank of Utah Championship,2026-09-30 18:51:33 UTC,no,pga,-21600,0,USA,30814,391.0,331.0,"Sargent, Gordon",64442,343,132,2026-10-01 14:09,,2026-10-02 09:14,,,,,
Black Desert Resort,1,2026-10-04,2026-10-01,554,Bank of Utah Championship,2026-09-30 18:51:33 UTC,no,pga,-21600,0,USA,19477,419.0,218.0,"Schenk, Adam",47347,120,160,2026-10-01 13:14,,2026-10-02 08:19,,,,,
Black Desert Resort,1,2026-10-04,2026-10-01,554,Bank of Utah Championship,2026-09-30 18:51:33 UTC,no,pga,-21600,1,USA,31437,,,"Shelley, Tyson",65546,58,,2026-10-01 13:58,,2026-10-02 09:03,,,,,
Black Desert Resort,1,2026-10-04,2026-10-01,554,Bank of Utah Championship,2026-09-30 18:51:33 UTC,no,pga,-21600,0,USA,32055,170.0,166.0,"Shipley, Neal",63807,448,135,2026-10-01 08:19,,2026-10-02 13:14,,,,,
Black Desert Resort,1,2026-10-04,2026-10-01,554,Bank of Utah Championship,2026-09-30 18:51:33 UTC,no,pga,-21600,0,CAN,17381,260.0,265.0,"Silverman, Ben",39327,234,138,2026-10-01 12:41,,2026-10-02 07:46,,,,,
Black Desert Resort,1,2026-10-04,2026-10-01,554,Bank of Utah Championship,2026-09-30 18:51:33 UTC,no,pga,-21600,0,ENG,10873,271.0,302.0,"Skinns, David",27139,114,139,2026-10-01 07:57,,2026-10-02 12:52,,,,,
Black Desert Resort,1,2026-10-04,2026-10-01,554,Bank of Utah Championship,2026-09-30 18:51:33 UTC,no,pga,-21600,0,ENG,18586,76.0,73.0,"Smith, Jordan",46464,509,69,2026-10-01 12:30,,2026-10-02 07:35,,,,,
Black Desert Resort,1,2026-10-04,2026-10-01,554,Bank of Utah Championship,2026-09-30 18:51:33 UTC,no,pga,-21600,0,USA,22985,199.0,121.0,"Smotherman, Austin",50095,342,79,2026-10-01 13:36,,2026-10-02 08:41,,,,,
Black Desert Resort,1,2026-10-04,2026-10-01,554,Bank of Utah Championship,2026-09-30 18:51:33 UTC,no,pga,-21600,0,USA,27286,,,"Snyder, Matt",46123,58,,2026-10-01 09:03,,2026-10-02 13:58,,,,,
Black Desert Resort,1,2026-10-04,2026-10-01,554,Bank of Utah Championship,2026-09-30 18:51:33 UTC,no,pga,-21600,0,USA,21995,179.0,280.0,"Springer, Hayden",50484,223,133,2026-10-01 13:58,,2026-10-02 09:03,,,,,
Black Desert Resort,1,2026-10-04,2026-10-01,554,Bank of Utah Championship,2026-09-30 18:51:33 UTC,no,pga,-21600,0,USA,23048,470.0,363.0,"Stanger, Jimmy",51600,124,141,2026-10-01 09:03,,2026-10-02 13:58,,,,,
Black Desert Resort,1,2026-10-04,2026-10-01,554,Bank of Utah Championship,2026-09-30 18:51:33 UTC,no,pga,-21600,0,USA,8480,266.0,433.0,"Streelman, Kevin",27214,207,151,2026-10-01 13:14,,2026-10-02 08:19,,,,,
Black Desert Resort,1,2026-10-04,2026-10-01,554,Bank of Utah Championship,2026-09-30 18:51:33 UTC,no,pga,-21600,0,USA,29279,71.0,94.0,"Suber, Jackson",60019,744,74,2026-10-01 07:57,,2026-10-02 12:52,,,,,
Black Desert Resort,1,2026-10-04,2026-10-01,554,Bank of Utah Championship,2026-09-30 18:51:33 UTC,no,pga,-21600,0,CAN,13997,340.0,,"Svensson, Adam",40115,142,176,2026-10-01 13:36,,2026-10-02 08:41,,,,,
Black Desert Resort,1,2026-10-04,2026-10-01,554,Bank of Utah Championship,2026-09-30 18:51:33 UTC,no,pga,-21600,0,SWE,26850,286.0,193.0,"Svensson, Jesper",57586,256,128,2026-10-01 09:14,,2026-10-02 14:09,,,,,
Black Desert Resort,1,2026-10-04,2026-10-01,554,Bank of Utah Championship,2026-09-30 18:51:33 UTC,no,pga,-21600,0,CAN,13126,73.0,85.0,"Taylor, Nick",25493,484,65,2026-10-01 13:03,,2026-10-02 08:08,,,,,
Black Desert Resort,1,2026-10-04,2026-10-01,554,Bank of Utah Championship,2026-09-30 18:51:33 UTC,no,pga,-21600,0,USA,27364,66.0,123.0,"Thompson, Davis",58168,487,82,2026-10-01 08:19,,2026-10-02 13:14,,,,,
Black Desert Resort,1,2026-10-04,2026-10-01,554,Bank of Utah Championship,2026-09-30 18:51:33 UTC,no,pga,-21600,0,USA,12946,,,"Thompson, Michael",32150,119,215,2026-10-01 08:52,,2026-10-02 13:47,,,,,
Black Desert Resort,1,2026-10-04,2026-10-01,554,Bank of Utah Championship,2026-09-30 18:51:33 UTC,no,pga,-21600,0,USA,12425,,,"Todd, Brendon",30927,116,218,2026-10-01 12:30,,2026-10-02 07:35,,,,,
Black Desert Resort,1,2026-10-04,2026-10-01,554,Bank of Utah Championship,2026-09-30 18:51:33 UTC,no,pga,-21600,0,ARG,17032,,493.0,"Tosti, Alejandro",38991,120,188,2026-10-01 09:14,,2026-10-02 14:09,,,,,
Black Desert Resort,1,2026-10-04,2026-10-01,554,Bank of Utah Championship,2026-09-30 18:51:33 UTC,no,pga,-21600,0,RSA,17550,248.0,226.0,"Van Rooyen, Erik",40006,187,148,2026-10-01 12:52,,2026-10-02 07:57,,,,,
Black Desert Resort,1,2026-10-04,2026-10-01,554,Bank of Utah Championship,2026-09-30 18:51:33 UTC,no,pga,-21600,0,USA,25319,287.0,293.0,"VanDerLaan, John",55573,191,149,2026-10-01 09:14,,2026-10-02 14:09,,,,,
Black Desert Resort,1,2026-10-04,2026-10-01,554,Bank of Utah Championship,2026-09-30 18:51:33 UTC,no,pga,-21600,0,NOR,15651,131.0,195.0,"Ventura, Kristoffer",35658,589,107,2026-10-01 13:47,,2026-10-02 08:52,,,,,
Black Desert Resort,1,2026-10-04,2026-10-01,554,Bank of Utah Championship,2026-09-30 18:51:33 UTC,no,pga,-21600,0,USA,25003,483.0,323.0,"Walker, Danny",54607,112,162,2026-10-01 12:41,,2026-10-02 07:46,,,,,
Black Desert Resort,1,2026-10-04,2026-10-01,554,Bank of Utah Championship,2026-09-30 18:51:33 UTC,no,pga,-21600,0,ENG,20706,31.0,54.0,"Wallace, Matt",48887,541,76,2026-10-01 08:41,,2026-10-02 13:36,,,,,
Black Desert Resort,1,2026-10-04,2026-10-01,554,Bank of Utah Championship,2026-09-30 18:51:33 UTC,no,pga,-21600,0,USA,25908,280.0,220.0,"Whaley, Vince",51894,167,174,2026-10-01 07:35,,2026-10-02 12:30,,,,,
Black Desert Resort,1,2026-10-04,2026-10-01,554,Bank of Utah Championship,2026-09-30 18:51:33 UTC,no,pga,-21600,0,USA,22051,444.0,480.0,"Wise, Aaron",49964,198,154,2026-10-01 08:08,,2026-10-02 13:03,,,,,
Black Desert Resort,1,2026-10-04,2026-10-01,554,Bank of Utah Championship,2026-09-30 18:51:33 UTC,no,pga,-21600,0,USA,25002,328.0,442.0,"Wu, Dylan",54783,119,164,2026-10-01 07:35,,2026-10-02 12:30,,,,,
Black Desert Resort,1,2026-10-04,2026-10-01,554,Bank of Utah Championship,2026-09-30 18:51:33 UTC,no,pga,-21600,0,CAN,29925,144.0,108.0,"Yellamaraju, Sudarshan",60386,338,59,2026-10-01 07:46,,2026-10-02 12:41,,,,,
Black Desert Resort,1,2026-10-04,2026-10-01,554,Bank of Utah Championship,2026-09-30 18:51:33 UTC,no,pga,-21600,0,TPE,17881,62.0,105.0,"Yu, Kevin",45242,636,93,2026-10-01 08:08,,2026-10-02 13:03,,,,,
