player_name,c_hist,base_skill,c_adj,zero_history,majors
kihei akina,0.028584824914341785,-1.3512218248518324,-0.5173942420561275,0,0.0
seonghyeon an,0.29244474720057356,0.39309866127795584,-0.02851779286923539,1,0.0
zach bauchou,-0.23527509737188998,0.874290519520656,-0.02851779286923539,1,0.0
christiaan bezuidenhout,-0.49913501965812174,1.0547374663616687,-2.2284618142102497,0,0.0
zac blair,0.8201645917730371,0.5434711169787997,-0.27295601746268144,0,0.0
chandler blanchet,-0.23527509737188998,-0.22342840709550377,0.46035865631765677,0,0.0
boston bracken,0.29244474720057356,0.39309866127795584,-0.02851779286923539,1,0.0
michael brennan,-0.23527509737188998,1.74645076258555,0.9492351055045488,0,0.0
rafael campos,0.028584824914341785,-1.3512218248518324,-0.5173942420561275,0,0.0
davis chatfield,-0.23527509737188998,0.33294967899761835,0.2159204317242107,1,0.0
luke clanton,-0.7629949419443536,-0.26854014380575675,-0.27295601746268144,0,0.0
eric cole,-0.23527509737188998,0.8442160283804874,-0.27295601746268144,1,0.0
pierceson coody,1.3478844363455007,0.43821039798820904,-0.02851779286923539,0,0.0
trace crowe,-0.49913501965812174,0.0622792587360995,0.9492351055045488,0,0.0
joel dahmen,0.29244474720057356,0.16753997772669016,1.6825497792848874,0,0.0
cameron davis,-0.23527509737188998,-1.8474509286646168,-1.4951471404299117,1,0.0
zecheng dou,-0.23527509737188998,0.678806327109559,0.2159204317242107,1,0.0
adrien dumont de chassart,-0.7629949419443536,-0.25350289823567257,-1.984023589616804,0,0.0
tyler duncan,1.0840245140592688,-0.4038753539365163,1.193673330097995,0,0.0
nick dunlap,0.028584824914341785,-1.8775254198047855,-1.739585365023358,0,0.0
a.j. ewart,-0.23527509737188998,0.1374654865865214,-1.4951471404299117,1,0.0
tony finau,-0.23527509737188998,-0.32868912608609435,-0.5173942420561275,1,0.0
patrick fishburn,-1.2907147865168171,0.2878379422873652,0.9492351055045488,0,0.0
steven fisk,-1.554574708803049,0.3028751878574496,0.46035865631765677,0,0.0
david ford,0.028584824914341785,-0.027944214684406818,1.193673330097995,0,0.0
brice garnett,-1.5545747088030486,-0.79484373875871,-0.02851779286923539,0,0.0
doug ghim,-0.2352750973718899,1.4757803423240314,1.9269880038783334,0,0.0
lucas glover,1.0840245140592688,-0.4038753539365163,0.2159204317242107,0,0.0
will gordon,0.028584824914341785,-1.0053651767398915,-0.02851779286923539,0,0.0
max greyserman,-0.23527509737188998,0.7539925549599811,-0.27295601746268144,1,0.0
emiliano grillo,-1.0268548642305855,1.0246629752215,1.193673330097995,0,0.0
harry hall,-0.23527509737188998,1.2201471676325968,-1.984023589616804,0,0.0
garrick higgo,-1.0268548642305855,-0.28357738937584115,0.2159204317242107,0,0.0
harry higgs,-2.610014397947976,-0.9752906855997227,-0.02851779286923539,0,0.0
joe highsmith,1.3478844363455007,-0.5542478096373601,-0.27295601746268144,0,0.0
kensei hirata,-0.23527509737188998,-1.546706017262929,-0.7618324666495736,1,0.0
lee hodges,1.0840245140592688,0.6637690815394747,0.9492351055045488,0,0.0
rico hoey,2.6671840477766593,0.7690298005300652,0.7047968809111028,0,0.0
tom hoge,0.820164591773037,-0.012906969114322424,-0.5173942420561275,0,0.0
rasmus hojgaard,-1.0268548642305855,1.1299236942120903,-0.7618324666495736,1,0.0
max homa,1.3478844363455007,0.9795512385112466,-0.5173942420561275,0,0.0
billy horschel,1.3478844363455007,0.7389553093898966,0.46035865631765677,0,0.0
beau hossler,-0.49913501965812174,0.9344395018009936,0.2159204317242107,0,0.0
mark hubbard,-1.0268548642305855,-0.26854014380575675,-0.02851779286923539,0,0.0
mackenzie hughes,-0.23527509737188998,0.7539925549599809,-0.02851779286923539,1,0.0
stephan jaeger,3.194903892349123,0.0622792587360995,-1.0062706912430197,0,0.0
ben james,-1.0268548642305855,1.6712645347351283,2.6603026776586716,1,0.0
zach j. johnson,0.29244474720057356,0.39309866127795584,-0.02851779286923539,1,0.0
takumi kanaya,-0.23527509737188998,0.0622792587360995,0.2159204317242107,0,0.0
jeffrey kang,-0.23527509737188998,-0.9602534400296386,-1.0062706912430197,1,0.0
johnny keefer,-0.23527509737188998,0.9945884840813312,0.2159204317242107,1,0.0
chris kirk,0.29244474720057356,0.8592532739505716,0.2159204317242107,0,0.0
patton kizzire,1.6117443586317326,-1.5617432628330132,-1.250708915836466,0,0.0
ben kohles,1.0840245140592688,0.8592532739505716,1.193673330097995,0,0.0
jackson koivun,-1.0268548642305855,2.423126813239347,2.9047409022521173,1,0.0
christo lamprecht,-0.23527509737188998,-2.253456559056895,-0.02851779286923539,1,0.0
hank lebioda,-0.23527509737188998,-0.4339498450766851,-1.0062706912430197,1,0.0
haotong li,-0.23527509737188998,0.6186573448292215,0.46035865631765677,1,0.0
david lingmerth,-0.23527509737188998,-2.5542014704585827,-0.27295601746268144,1,0.0
david lipsky,0.8201645917730371,-0.5392105640672756,-0.27295601746268144,0,0.0
justin lower,2.6671840477766593,-0.5843223007775289,-0.27295601746268144,0,0.0
carson lundell,-0.23527509737188998,-2.674499435019258,-2.472900038803696,0,0.0
peter malnati,-0.23527509737188998,-1.065514159020229,-0.7618324666495736,0,0.0
ben martin,-0.49913501965812174,-0.5542478096373601,0.46035865631765677,0,0.0
bowen mauss,0.29244474720057356,0.39309866127795584,-0.02851779286923539,0,0.0
denny mccarthy,-1.0268548642305855,0.9194022562309092,-2.717338263397142,1,0.0
matt mccarty,1.6117443586317326,0.6637690815394747,-0.27295601746268144,0,0.0
max mcgreevy,2.139464203204196,0.1374654865865214,0.46035865631765677,0,0.0
maverick mcnealy,-1.290714786516817,2.0020839372769843,-0.7618324666495736,0,0.0
mac meissner,0.8201645917730371,1.1299236942120903,0.46035865631765677,0,0.0
taylor moore,-1.5545747088030486,0.09235374987626824,-0.02851779286923539,0,0.0
william mouw,-1.8184346310892807,0.1976144688668589,-0.02851779286923539,0,0.0
rasmus neergaard-petersen,-0.23527509737188998,1.0096257296514155,1.438111554691441,1,0.0
pontus nyholm,-0.23527509737188998,-0.26854014380575675,0.2159204317242107,1,0.0
c.t. pan,-0.7629949419443536,-0.749732002048457,0.2159204317242107,0,0.0
john parry,-0.23527509737188998,0.6487318359693903,0.2159204317242107,1,0.0
matthieu pavon,-0.23527509737188998,-0.07305595139465991,0.2159204317242107,1,0.0
marco penge,-1.0268548642305855,1.4005941144736094,3.1491791268455636,1,0.0
paul peterson,0.028584824914341785,-0.2685401438057569,-0.27295601746268144,0,0.0
chandler phillips,-1.0268548642305855,0.7088808182497278,0.46035865631765677,0,0.0
aldrich potgieter,-0.23527509737188998,-0.22342840709550377,0.7047968809111028,0,0.0
seamus power,0.028584824914341785,0.12242824101643703,-0.02851779286923539,0,0.0
andrew putnam,-1.290714786516817,0.09235374987626824,-1.739585365023358,0,0.0
chad ramey,2.139464203204196,-0.23846565266558806,-0.27295601746268144,0,0.0
rhett rasmussen,0.29244474720057356,0.39309866127795584,-0.02851779286923539,1,0.0
davis riley,-0.23527509737188998,-0.9452161944595538,-0.5173942420561275,1,0.0
patrick rodgers,1.875604280917964,-0.22342840709550368,-0.5173942420561275,0,0.0
kevin roy,-1.2907147865168171,0.9344395018009936,0.7047968809111028,0,0.0
marcelo rozo,-0.23527509737188998,-1.7722647008141952,0.2159204317242107,1,0.0
isaiah salinda,0.29244474720057356,-0.2835773893758413,0.9492351055045488,0,0.0
gordon sargent,-0.23527509737188998,-0.3738008627963475,1.193673330097995,0,0.0
adam schenk,0.29244474720057356,-1.065514159020229,-1.0062706912430197,0,0.0
tyson shelley,0.29244474720057356,0.39309866127795584,-0.02851779286923539,1,0.0
neal shipley,-0.23527509737188998,0.7088808182497278,1.9269880038783334,1,0.0
ben silverman,2.139464203204196,-0.29861463494592555,-0.27295601746268144,0,0.0
david skinns,-0.49913501965812174,-0.6294340374877818,-1.0062706912430197,0,0.0
jordan smith,-0.23527509737188998,0.9344395018009936,1.6825497792848874,1,0.0
austin smotherman,-0.23527509737188998,0.047242013166015104,0.9492351055045488,0,0.0
matt snyder,0.29244474720057356,0.39309866127795584,-0.02851779286923539,1,0.0
hayden springer,1.0840245140592688,0.24272620557711208,-0.27295601746268144,0,0.0
jimmy stanger,-0.23527509737188998,-1.1707748780108198,-0.27295601746268144,1,0.0
kevin streelman,0.8201645917730371,-0.4038753539365163,0.2159204317242107,0,0.0
jackson suber,1.6117443586317324,1.1750354309223436,0.2159204317242107,0,0.0
adam svensson,0.8201645917730371,-1.0504769134501446,-1.250708915836466,0,0.0
jesper svensson,1.0840245140592688,-0.46402433621685385,0.46035865631765677,0,0.0
nick taylor,0.028584824914341785,0.8592532739505716,-1.0062706912430197,0,0.0
davis thompson,-1.554574708803049,1.475780342324031,0.7047968809111028,0,0.0
michael thompson,-0.23527509737188998,-1.456482543842423,-0.02851779286923539,1,0.0
brendon todd,-0.23527509737188998,-2.9602071008508615,-1.739585365023358,1,0.0
alejandro tosti,0.5563046694868053,-1.65196673625352,-0.02851779286923539,0,0.0
erik van rooyen,0.028584824914341785,-0.5091360729271069,-1.0062706912430197,0,0.0
john vanderlaan,-0.23527509737188998,-0.25350289823567246,0.46035865631765677,1,0.0
kristoffer ventura,1.6117443586317324,0.8141415372403185,1.193673330097995,0,0.0
danny walker,-0.7629949419443536,-1.2008493691509885,-0.27295601746268144,0,0.0
matt wallace,-1.290714786516817,1.475780342324031,-0.02851779286923539,0,0.0
vince whaley,-0.7629949419443536,-0.7948437387587103,-1.739585365023358,0,0.0
aaron wise,-0.23527509737188998,-0.6595085286279506,-0.02851779286923539,1,0.0
dylan wu,-2.082294553375512,-0.8399554754689634,-0.5173942420561275,0,0.0
sudarshan yellamaraju,-0.23527509737188998,0.36302417013778704,0.7047968809111028,1,0.0
kevin yu,0.028584824914341785,1.4156313600436938,1.193673330097995,0,0.0
