course_name,current_round,date_end,date_start,event_id,event_name,last_updated,multi_course,tour_x,tz_offset,am,country,dg_id,dg_rank,owgr_rank,player_name,player_num,pre_tourn_pageviews,tour_rank,r1_course,r2_course,r3_teetime,r3_course,r4_teetime,r4_course,Birthday,c_exp,player_age,std_dev,skill_est,ema_8_great_shots,max_skill,sma_50_max_skill,tour_y,Date,age_squared,adj_skill_est,delta_adj_skill_est,delta_sg_putt,delta_sg_ott,dsle,consecutive_weeks_played,sample,relative_consecutive_weeks,relative_dsle,course_adjustment,putt_adj,app_adj,dd_adj,acc_adj,arg_adj,course_history_raw,comp_adj_skill_est,comp_max_skill,comp_ema_sg_adj,comp_putt,comp_ott,comp_max_skill_50,comp_6m_sg,comp_sma20_sg,pred_step2,comp_sma50_sg,comp_sma6m_sg,majors_history_raw,links_adj,comp_age,comp_relative_dsle,comp_c_exp,comp_c_adj,comp_c_hist,comp_major,comp_links,pred,r1_teetime,r2_teetime
TPC River Highlands,1,2026-06-28,2026-06-25,34,Travelers Championship,2026-06-23 07:31:28 UTC,no,pga,-14400,0,SWE,23950,8,14.0,"aberg, ludvig",52955,923,7,0.0,0.0,0.0,0.0,0.0,0.0,1999-10-31,5.5,26,2.999594040091833,1.5707214577087898,-0.1736111111111111,1.94196489416066,1.7412,pga,2026-06-15,676,1.5707214577087898,-0.32,0.0799999999999999,-0.13,1,2,53.0,0.0,-2.2916666666666665,-0.1115093789515783,-0.0245123347602597,0.0637775808056709,-0.0794501406308627,0.0650592108191617,-0.1363836951852884,-9.272532281158536,0.8667519071788105,,0.1392876849645762,-0.0084559393963549,0.133274356270903,0.3548967400711951,0.1624097375604604,,1.6266356834154192,-0.0554024849132428,-0.0218091428452716,16.725802504326374,0.0167568055029885,0.055682824524343,0.0297916666666666,0.0352,-0.0585424239495786,-0.0463626614057926,0.0,0.0,1.5867222647267143,2026-06-25 10:00,2026-06-26 13:10
TPC River Highlands,1,2026-06-28,2026-06-25,34,Travelers Championship,2026-06-23 07:31:28 UTC,no,pga,-14400,0,USA,17606,87,50.0,"berger, daniel",40026,347,51,0.0,0.0,0.0,0.0,0.0,0.0,1993-04-07,7.5,33,2.971864592555601,0.5878608910742,0.2013888888888888,1.7234642606912147,1.5714,pga,2026-06-15,1089,0.5878608910742,-0.0999999999999999,0.02,0.0699999999999999,3,1,53.0,-1.0,-0.2916666666666665,0.2151440429033562,-0.0005447681163113,0.0543857736933108,0.0161267541235209,0.0022778705841176,0.1428984126187181,-8.188737558510596,0.3249552104523013,,-0.0508133299885758,-0.0015856564193101,-0.0012319787348441,0.3202875817527428,0.0611833927669943,,0.6229686221742643,-0.0153867455012545,-0.0063808450711592,-26.24925278798856,0.0417889047912087,-0.0080590070826301,0.0037916666666666,0.048,0.112950622524262,-0.0409436877925529,-0.0,0.0,0.74676722357264,2026-06-25 11:55,2026-06-26 08:45
TPC River Highlands,1,2026-06-28,2026-06-25,34,Travelers Championship,2026-06-23 07:31:28 UTC,no,pga,-14400,0,USA,26096,36,31.0,"bhatia, akshay",56630,696,13,0.0,0.0,0.0,0.0,0.0,0.0,2002-01-31,1.5,24,2.987296421518044,0.8161757099399887,-0.5486111111111112,1.4612419125796994,1.0466000000000002,pga,2026-06-15,576,0.8161757099399887,-0.4100000000000001,-0.15,0.0,1,2,54.0,0.0,-2.2916666666666665,-0.140500939253638,-0.0464478924611206,0.0374673609903938,0.0160709713774802,-0.069986259362327,-0.0776051197980644,2.899727298613086,0.4561324621574401,,0.0808428533112835,-0.016030759706434,-0.0677956059010512,0.2105900022062708,0.1042959575999242,,0.7855264668722384,-0.0395086734433248,-0.0139876139656971,-1.320093680832008,-0.0236854184666835,0.0709878446138267,0.0297916666666666,0.0096,-0.0737629931081599,0.0144986364930654,-0.0,-0.0,0.7656537769238105,2026-06-25 12:30,2026-06-26 09:15
TPC River Highlands,1,2026-06-28,2026-06-25,34,Travelers Championship,2026-06-23 07:31:28 UTC,no,pga,-14400,0,USA,13872,39,38.0,"bradley, keegan",33141,1585,76,0.0,0.0,0.0,0.0,0.0,0.0,1986-06-07,25.5,40,2.908695600527996,1.0178187725484442,-0.4236111111111111,1.4832308145433144,1.2553999999999998,pga,2026-06-15,1600,1.0178187725484442,0.26,-0.3500000000000001,0.06,1,2,53.0,0.0,-2.2916666666666665,-0.1088313726332801,-0.0187054224090321,0.0235766765556406,-0.0218177444475085,0.0278897573178192,-0.1197746396501993,23.89838653586584,0.548274759545652,,0.0941401659084018,-0.0046606248216179,0.0420251850520348,0.255879489711336,0.09754974640381,,0.8912610765907677,-0.0254011575307726,-0.0094089420263007,15.629337742140432,-0.1922943733930887,-0.1071375456517756,0.0297916666666666,0.1632,-0.057136470632472,0.1194919326793292,0.0,-0.0,1.1466082053042916,2026-06-25 13:45,2026-06-26 10:30
TPC River Highlands,1,2026-06-28,2026-06-25,34,Travelers Championship,2026-06-23 07:31:28 UTC,no,pga,-14400,0,USA,29433,42,25.0,"bridgeman, jacob",60004,487,9,0.0,0.0,0.0,0.0,0.0,0.0,1999-12-06,-2.5,26,3.0185119498400765,0.8080940650992553,0.5763888888888888,1.3061276476055252,0.9528,pga,2026-06-15,676,0.8080940650992553,0.41,0.07,-0.07,1,4,63.0,2.0,-2.2916666666666665,0.0741262265476534,-0.0368104544670717,0.0264401860751063,0.0154903027643622,0.0657380701458656,0.003268122029391,-1.3095533336366891,0.4248540767786254,,0.1069464616779505,-0.0068019768596591,0.0107660231231531,0.1935503930459492,0.0877987680660264,,0.8194814212497601,-0.0392778345344262,-0.0155186260218204,-7.757038009427521,0.0,0.057164135973961,0.0297916666666666,-0.016,0.038916268937518,-0.0065477666681834,-0.0,0.0,0.8656415901857613,2026-06-25 12:50,2026-06-26 09:40
TPC River Highlands,1,2026-06-28,2026-06-25,34,Travelers Championship,2026-06-23 07:31:28 UTC,no,pga,-14400,0,USA,19483,7,15.0,"burns, sam",47504,1204,10,0.0,0.0,0.0,0.0,0.0,0.0,1996-07-23,15.5,29,2.95718117056456,1.6065067827333022,0.8263888888888888,1.795282189499898,1.426,pga,2026-06-15,841,1.6065067827333022,-0.03,-0.15,0.06,1,4,55.0,2.0,-2.2916666666666665,-0.0064585864096829,-0.0536649073394386,0.0372092199383225,-0.0447502416268231,0.0121913066900639,0.0425560359281923,-0.9756422935139408,0.8683469892998886,,0.2379227871756353,-0.025482954264658,0.0468979367644782,0.2906517064906525,0.1374417269988225,,1.5181227117413352,-0.0472741551182604,-0.0184660509931084,8.51752958070745,-0.207831586173148,0.0280847253878849,0.0297916666666666,0.0992,-0.0033907578650835,-0.0048782114675697,0.0,-0.0,1.6388454090753486,2026-06-25 13:55,2026-06-26 10:40
TPC River Highlands,1,2026-06-28,2026-06-25,34,Travelers Championship,2026-06-23 07:31:28 UTC,no,pga,-14400,0,USA,18628,372,127.0,"campbell, brian",46443,160,157,0.0,0.0,0.0,0.0,0.0,0.0,1993-05-23,-4.5,33,3.2,-1.0418105949298344,-1.1736111111111112,0.4943252169258131,0.1624,pga,2026-06-12,1089,-1.0418105949298344,-0.81,-0.38,0.1699999999999999,10,0,49.0,-2.0,6.708333333333334,0.2364361898275069,-0.0197634984800654,-0.0397367287541202,0.1513612070796189,0.1242180321746994,0.0203571778073741,0.0,-0.4590372486304851,0.0126340465311477,-0.2096520624200856,0.0049331175565627,-0.0991753427952736,,,-0.1413739695418226,-0.9310170527210324,0.0315533286558496,-0.0667485820272246,3.5335104235312222,-0.0515855071075084,-0.0041503400497011,-0.0784875,-0.0247499999999999,0.1123071901680657,0.0,0.0,-0.0,-0.9219473625529668,2026-06-25 12:10,2026-06-26 08:55
TPC River Highlands,1,2026-06-28,2026-06-25,34,Travelers Championship,2026-06-23 07:31:28 UTC,no,pga,-14400,0,USA,15466,13,37.0,"cantlay, patrick",35450,1050,42,0.0,0.0,0.0,0.0,0.0,0.0,1992-03-17,25.5,34,2.614663761924792,1.5719362525203664,-0.0486111111111111,2.3172273302816206,2.098846153846154,pga,2026-06-15,1156,1.5719362525203664,-0.1399999999999999,-0.29,-0.15,3,1,47.0,-1.0,-0.2916666666666665,-0.1541130780408743,-0.0086279576865297,0.0645673592101995,-0.0177713822450586,0.0189404214825135,-0.2112215188019989,12.48912162481906,0.8512790343841276,,0.1044981710078733,-0.0019086936469461,0.0745439073292274,0.423911233632019,0.1473402017223284,,1.515520013265627,-0.0437043786994256,-0.0185989010682839,-25.27940424666835,-0.1015068859005587,-0.0218405613952935,0.0037916666666666,0.1632,-0.080909365971459,0.0624456081240952,-0.0,-0.0,1.66404792208493,2026-06-25 09:25,2026-06-26 12:40
TPC River Highlands,1,2026-06-28,2026-06-25,34,Travelers Championship,2026-06-23 07:31:28 UTC,no,pga,-14400,0,USA,14502,46,40.0,"cauley, bud",34021,362,31,0.0,0.0,0.0,0.0,0.0,0.0,1990-03-16,4.5,36,2.520165037097303,1.021167206275909,-0.4236111111111111,1.021167206275909,0.6165999999999999,pga,2026-06-15,1296,1.021167206275909,0.35,-0.06,0.09,1,4,62.0,2.0,-2.2916666666666665,-0.1079703271096461,0.0140663696121405,0.0382012574225536,0.0150731473387342,-0.0494834318283592,-0.1258276696547153,-3.843413547788327,0.5363582893773918,,0.1173075169522248,-0.0130924035388975,0.0656718216641183,0.1256773087111755,0.0510661958797065,,0.7947601611397718,-0.0296066892650956,-0.0095031627860092,-7.030431169154502,-0.0043637765778771,-0.049118715854843,0.0297916666666666,0.0288,-0.0566844217325642,-0.0192170677389416,-0.0,-0.0,0.7774503383349327,2026-06-25 13:25,2026-06-26 10:10
TPC River Highlands,1,2026-06-28,2026-06-25,34,Travelers Championship,2026-06-23 07:31:28 UTC,no,pga,-14400,0,USA,23604,11,8.0,"clark, wyndham",51766,2269,4,0.0,0.0,0.0,0.0,0.0,0.0,1993-12-09,19.5,32,3.128010440386064,1.4274070587119767,1.2013888888888888,1.5676166184535467,1.1928,pga,2026-06-15,1024,1.4274070587119767,-0.29,0.37,0.03,1,4,55.0,2.0,-2.2916666666666665,-0.2753677877643927,-0.0183554427925016,0.0472720235516486,-0.0328684867722749,-0.1005951978943622,-0.1708206838569025,14.091976288750685,0.7702696691281644,,0.2535744457983967,-0.0409153643139935,0.0386142588533245,0.2431201651487029,0.0791978368090652,,1.283241324344757,-0.0432956559972145,-0.0175837836037418,-1.6640621544373166,0.0316307374472866,0.0002597525220524,0.0297916666666666,0.1248,-0.1445680885763061,0.0704598814437534,-0.0,0.0,1.3637247838788709,2026-06-25 14:05,2026-06-26 10:55
TPC River Highlands,1,2026-06-28,2026-06-25,34,Travelers Championship,2026-06-23 07:31:28 UTC,no,pga,-14400,0,USA,21756,43,66.0,"cole, eric",47591,502,39,0.0,0.0,0.0,0.0,0.0,0.0,1988-06-12,4.5,38,2.877893688382643,0.976542598644842,0.8263888888888888,1.239088852308764,0.9788,pga,2026-06-12,1444,0.976542598644842,0.37,0.2299999999999999,0.2699999999999999,10,0,51.0,-2.0,6.708333333333334,-0.2524815071049393,-0.0350340043104539,0.0422557001818446,0.0244690355214537,-0.0716791494560171,-0.2124930890417665,9.861151368401812,0.5279288236394817,,0.1193149659080002,-0.0299502936536738,-0.0369869436587915,0.1995020268674969,0.0424551202742939,,0.7057650851787072,-0.0305245522739813,-0.0114158946243601,8.993997921374758,-0.0035649147465905,-0.0745581672997587,-0.0872083333333333,0.0288,-0.1325527912300931,0.049305756842009,0.0,-0.0,0.5641097174572899,2026-06-25 08:45,2026-06-26 11:55
TPC River Highlands,1,2026-06-28,2026-06-25,34,Travelers Championship,2026-06-23 07:31:28 UTC,no,pga,-14400,0,CAN,17576,75,55.0,"conners, corey",39997,513,81,0.0,0.0,0.0,0.0,0.0,0.0,1992-01-06,5.5,34,2.630248348108458,0.1736777336810047,-0.2986111111111111,1.5690083735194826,1.4029999999999998,pga,2026-06-15,1156,0.1736777336810047,-0.65,-0.23,-0.17,1,4,57.0,2.0,-2.2916666666666665,0.1975572904105658,0.0025179289575746,0.0393475689433061,0.0290942026956594,0.1010699697171823,0.0255276200968432,-0.1561152827557534,0.0990006313146439,0.0401388028286311,0.014019495532738,0.0106639164985539,-0.0001241070752443,,,0.0903123913467547,0.2502156908958714,-0.0100643362142791,0.0235365388308731,11.541404990007385,0.0027672896835231,-0.0172676421668001,0.0268125,0.03025,0.0938397129450187,-0.0015611528275575,0.0,0.0,0.3995567510133326,2026-06-25 13:35,2026-06-26 10:20
TPC River Highlands,1,2026-06-28,2026-06-25,34,Travelers Championship,2026-06-23 07:31:28 UTC,no,pga,-14400,0,AUS,9771,60,47.0,"day, jason",28089,217,65,0.0,0.0,0.0,0.0,0.0,0.0,1987-11-12,25.5,38,3.2,0.5670770082108089,-0.4236111111111111,1.893712491426612,1.911428571428572,pga,2026-06-05,1444,0.5670770082108089,-0.61,-0.36,-0.25,17,0,47.0,-2.0,13.708333333333334,-0.304445451512375,-0.0324289023369038,-0.0222058502604831,0.0072644173842187,-0.0230147592274813,-0.2340603570717254,2.4836929092324684,0.3396241939337338,,-0.0346449046582476,-0.0006171412963793,-0.0366008010702583,0.3756168116338828,0.0948235730232001,,0.6230455744275533,-0.0231667026714805,-0.0095550856817934,-4.562078976675451,0.1007848482108861,-0.0824343687851041,-0.1782083333333333,0.1632,-0.1598338620439968,0.0124184645461623,-0.0,0.0,0.4606218435963854,2026-06-25 11:35,2026-06-26 08:25
TPC River Highlands,1,2026-06-28,2026-06-25,34,Travelers Championship,2026-06-23 07:31:28 UTC,no,pga,-14400,0,COL,22833,121,53.0,"echavarria, nicolas",51349,235,38,0.0,0.0,0.0,0.0,0.0,0.0,1994-08-04,-4.5,31,3.2,0.2907135497165901,-0.9236111111111112,0.6427304347099492,0.3772,pga,2026-06-15,961,0.2907135497165901,0.06,0.09,0.1399999999999999,1,2,56.0,0.0,-2.2916666666666665,0.1752302071103063,-0.0155689184569193,0.0057025974971733,0.0577578601048772,0.0213719496540044,0.1059667183111707,-2.123147338751989,0.1269087950579592,0.0164425063793088,0.0603037267239911,-0.0084625354639023,-0.0215118930423563,,,0.0181157599161632,0.1952596682391374,0.0017210330221938,-0.0072968721616336,-10.406247676618694,0.0316064593390434,0.0090391478074136,0.0268125,-0.0247499999999999,0.0832343483773954,-0.0212314733875198,-0.0,0.0,0.259325043229013,2026-06-25 09:50,2026-06-26 13:00
TPC River Highlands,1,2026-06-28,2026-06-25,34,Travelers Championship,2026-06-23 07:31:28 UTC,no,pga,-14400,0,USA,14577,20,24.0,"english, harris",34099,648,43,0.0,0.0,0.0,0.0,0.0,0.0,1989-07-23,20.5,36,2.3,1.2288632742245358,0.3263888888888888,1.7105958268654309,1.4164,pga,2026-06-15,1296,1.2288632742245358,0.07,0.04,0.01,3,1,57.0,-1.0,-0.2916666666666665,0.0031634934541765,-0.0469205838151284,-0.003656526493322,0.0009199736063996,0.1180478392852745,-0.0652272091290471,11.093019980265776,0.6541224572997283,,0.1058792624782284,-0.0169414085115796,0.061231181895986,0.2886950049602806,0.1177824555543398,,1.0957722333875397,-0.0411636020012333,-0.0159721784419722,43.30645823156412,0.0157388427820254,-0.057860939846238,0.0037916666666666,0.1312,0.0016608340634426,0.0554650999013288,0.0,0.0,1.287889834018978,2026-06-25 13:10,2026-06-26 10:00
TPC River Highlands,1,2026-06-28,2026-06-25,34,Travelers Championship,2026-06-23 07:31:28 UTC,no,pga,-14400,0,USA,11676,99,110.0,"finau, tony",29725,295,75,0.0,0.0,0.0,0.0,0.0,0.0,1989-09-14,19.5,36,2.911604048193821,0.3216241714318753,1.3263888888888888,1.9728075854306049,1.8806,pga,2026-06-14,1296,0.3216241714318753,0.0799999999999999,0.25,0.06,8,0,58.0,-2.0,4.708333333333334,-0.3119789373943277,0.0030132022378145,0.0049793655312773,-0.0127495397985943,-0.1103949256863188,-0.1968270396785063,-22.62052012830496,0.1449590053935757,0.0504799746217556,0.0852448446459875,0.0010965135501668,0.0589508607410726,,,0.0137644254264965,0.3125148807012148,-0.0163877225933497,0.0206233092336077,7.790770664123628,0.0174445586702526,-0.0462163303180983,-0.0550875,0.10725,-0.1481899952623056,-0.2262052012830496,0.0,0.0,-0.0097178158441404,2026-06-25 09:05,2026-06-26 12:20
TPC River Highlands,1,2026-06-28,2026-06-25,34,Travelers Championship,2026-06-23 07:31:28 UTC,no,pga,-14400,0,ENG,25362,34,67.0,"fitzpatrick, alex",55721,928,20,0.0,0.0,0.0,0.0,0.0,0.0,1999-01-02,-6.5,27,2.6186298465153923,0.8362735953482066,-0.5486111111111112,0.8362735953482066,0.3051999999999999,pga,2026-06-15,729,0.8362735953482066,0.1099999999999999,-0.01,0.06,1,4,51.0,2.0,-2.2916666666666665,0.1940018210809389,-0.0033944947697081,0.0599651269233691,0.0104658674496048,0.1588555802165935,-0.0318902587389204,0.0,0.4442876246110521,,0.1404591514322763,-0.0061096690061567,0.0894103969877574,0.0560921105373264,0.0267297792557435,,0.7473617316593746,-0.0392067704026573,-0.0145734660004139,9.227223182204378,0.1198311156346206,0.0502725742444468,0.0297916666666666,-0.0416,0.1018509560674929,0.0,0.0,0.0,0.8374043543935342,2026-06-25 10:10,2026-06-26 13:25
TPC River Highlands,1,2026-06-28,2026-06-25,34,Travelers Championship,2026-06-23 07:31:28 UTC,no,pga,-14400,0,ENG,17646,5,4.0,"fitzpatrick, matt",40098,726,2,0.0,0.0,0.0,0.0,0.0,0.0,1994-09-01,7.5,31,2.5269942483450243,1.6014376637400247,1.0763888888888888,1.8974357288600403,1.6247999999999998,pga,2026-06-15,961,1.6014376637400247,0.2099999999999999,0.08,0.1,1,4,57.0,2.0,-2.2916666666666665,-0.2054850724281187,-0.0075904408957735,0.0682489888105512,0.013297068423602,-0.0033691858269112,-0.2760715029395872,-5.736741698576604,0.8628809832271568,,0.1509898824779469,0.0058274961369567,-0.0476242525857669,0.3311717340154363,0.1648917269236638,,1.390231811157273,-0.062018728381987,-0.0241145157953943,36.278347632747206,0.0874661609168041,0.0082274851392606,0.0297916666666666,0.048,-0.1078796630247623,-0.028683708492883,0.0,0.0,1.3314601063062943,2026-06-25 10:40,2026-06-26 13:55
TPC River Highlands,1,2026-06-28,2026-06-25,34,Travelers Championship,2026-06-23 07:31:28 UTC,no,pga,-14400,0,ENG,12294,4,7.0,"fleetwood, tommy",30911,1179,11,0.0,0.0,0.0,0.0,0.0,0.0,1991-01-19,11.5,35,2.7649021044162576,1.963707479499286,0.0763888888888888,2.1797384391594155,1.98,pga,2026-06-15,1225,1.963707479499286,0.1200000000000001,0.15,0.0199999999999999,1,4,59.0,2.0,-2.2916666666666665,0.0707557524756814,-0.0366236495871467,0.0519609169611474,0.0142807714935175,0.205015426871067,-0.1638777132629038,7.690349957666941,1.0584308744439497,,0.1882893406030931,-0.0195385323721765,0.1120824832573522,0.3976588214328633,0.1835515563363614,,1.805918364227284,-0.0579606369348477,-0.0201066050867756,21.454435777546102,0.3263758960764525,-0.036488937452536,0.0297916666666666,0.0736,0.0371467700497327,0.0384517497883347,0.0,0.0,1.984908550732018,2026-06-25 14:05,2026-06-26 10:55
TPC River Highlands,1,2026-06-28,2026-06-25,34,Travelers Championship,2026-06-23 07:31:28 UTC,no,pga,-14400,0,USA,12965,53,42.0,"fowler, rickie",32102,434,30,0.0,0.0,0.0,0.0,0.0,0.0,1988-12-13,9.5,37,3.0879218849826984,0.7555598357534886,-0.7986111111111112,1.8606103650794563,1.74375,pga,2026-06-15,1369,0.7555598357534886,-1.4,-0.0999999999999999,-0.25,3,1,51.0,-1.0,-0.2916666666666665,0.0241384071014719,-0.0347310269282005,0.0257812057570093,0.0238073976919966,0.0273411267989336,-0.0180602962182672,-0.9362148911809184,0.4730790873864522,,-0.1007734000231025,-0.0047829196169371,0.0150963364374187,0.3913403060743708,0.1241651217028421,,0.7852400920286822,-0.0329543965058006,-0.0130689822103758,21.3482339713564,-0.0364699020310549,-0.0668610612161857,0.0037916666666666,0.0608,0.0126726637282727,-0.0046810744559045,0.0,-0.0,0.857823347967717,2026-06-25 11:35,2026-06-26 08:25
TPC River Highlands,1,2026-06-28,2026-06-25,34,Travelers Championship,2026-06-23 07:31:28 UTC,no,pga,-14400,0,NZL,11889,50,54.0,"fox, ryan",29936,355,58,0.0,0.0,0.0,0.0,0.0,0.0,1987-01-22,-2.5,39,2.3,0.7588968694117026,0.4513888888888888,0.874027546412707,0.6502,pga,2026-06-15,1521,0.7588968694117026,0.1899999999999999,0.03,0.06,1,4,57.0,2.0,-2.2916666666666665,-0.1701401352678952,-0.0015340215547816,0.0235278326269265,-0.0478612046394609,-0.12050617779701,-0.0237665639035691,4.168201785212531,0.4015240550286719,,0.1409950639809216,-0.0070895187686537,0.0593188566956309,0.1326888225283413,0.0508015695191843,,0.6433027376567916,-0.0283337371783233,-0.0095395222777888,34.29459247105233,0.1646598231569611,-0.0970628518711927,0.0297916666666666,-0.016,-0.0893235710156449,0.0208410089260626,0.0,0.0,0.5886118422338759,2026-06-25 08:15,2026-06-26 11:25
TPC River Highlands,1,2026-06-28,2026-06-25,34,Travelers Championship,2026-06-23 07:31:28 UTC,no,pga,-14400,0,USA,29767,29,27.0,"gerard, ryan",59018,643,19,0.0,0.0,0.0,0.0,0.0,0.0,1999-08-02,-2.5,26,2.769721733966529,1.1067957184855122,0.7013888888888888,1.1067957184855122,0.8760000000000001,pga,2026-06-15,676,1.1067957184855122,0.7599999999999999,0.34,0.0,3,1,63.0,-1.0,-0.2916666666666665,0.2478659096821976,-0.0174274702949577,0.0705450576746299,0.0112686145314249,0.0498237955522333,0.1336559122188671,-4.521281667602736,0.5660459041982634,,0.1530637993750434,-0.0287005005015087,-0.016594937435774,0.1790381900290246,0.0889576958192876,,0.9462270681482824,-0.0320046050803857,-0.0177513360661095,7.623836615924092,0.0,0.0541728578104415,0.0037916666666666,-0.016,0.1301296025831537,-0.0226064083380136,0.0,0.0,1.041541929060089,2026-06-25 08:55,2026-06-26 12:10
TPC River Highlands,1,2026-06-28,2026-06-25,34,Travelers Championship,2026-06-23 07:31:28 UTC,no,pga,-14400,0,USA,7399,179,109.0,"glover, lucas",25900,276,122,0.0,0.0,0.0,0.0,0.0,0.0,1979-11-12,15.5,46,2.5159003700367824,-0.0543367001597863,-1.2986111111111112,1.0755915933954925,1.03,pga,2026-06-12,2116,-0.0543367001597863,-0.38,-0.2199999999999999,-0.01,10,0,42.0,-2.0,6.708333333333334,0.3453984284441524,0.0174811335395715,0.0291562323725235,0.0839875947157249,0.1910340228699895,0.0237394449463428,-7.287031554333078,-0.0051732176020822,0.0306502603262797,-0.1634534617825619,0.016439826685861,0.0034474187567878,,,0.0245095575336325,-0.3104086634849221,0.0125878501163489,-0.0293301714148169,4.532016130827353,-0.1597044714417713,-0.2000867261043711,-0.0784875,0.0852499999999999,0.1640642535109724,-0.0728703155433307,0.0,-0.0,-0.2124522255172804,2026-06-25 08:45,2026-06-26 11:55
TPC River Highlands,1,2026-06-28,2026-06-25,34,Travelers Championship,2026-06-23 07:31:28 UTC,no,pga,-14400,0,USA,27774,18,13.0,"gotterup, chris",59095,560,12,0.0,0.0,0.0,0.0,0.0,0.0,1999-07-20,1.5,26,2.682059003092168,1.2531873009343797,1.3263888888888888,1.2531873009343797,1.1358,pga,2026-06-15,676,1.2531873009343797,-0.02,0.1499999999999999,-0.1699999999999999,1,2,59.0,0.0,-2.2916666666666665,-0.3043502955097632,-0.028103761179989,0.0233734139080278,-0.1077780748097222,-0.1792441687368895,-0.0125977046911902,-2.619294810526666,0.6764510979327231,,0.1181743125291834,-0.024736657733222,0.0776790173932712,0.231013074429527,0.112484893835254,,1.1823947959527623,-0.0436941350640081,-0.0191496651804075,19.20885168005153,0.0852317816675553,0.0541728578104415,0.0297916666666666,0.0096,-0.1597839051426257,-0.0130964740526333,0.0,0.0,1.04890608342417,2026-06-25 12:40,2026-06-26 09:25
TPC River Highlands,1,2026-06-28,2026-06-25,34,Travelers Championship,2026-06-23 07:31:28 UTC,no,pga,-14400,0,USA,24968,19,18.0,"griffin, ben",54591,698,34,0.0,0.0,0.0,0.0,0.0,0.0,1996-05-06,3.5,30,2.394586821630756,1.246665695060951,-0.1736111111111111,1.6449779556914352,1.4462000000000002,pga,2026-06-15,900,1.246665695060951,0.1599999999999999,0.14,-0.0399999999999999,1,2,61.0,0.0,-2.2916666666666665,-0.3305036975668334,-0.0429294113157475,0.0021940132055631,-0.0145886879539518,-0.0611861020173154,-0.2139935094853816,-5.848342881163122,0.6743770466452745,,0.1530983990305192,-0.0212608010262579,0.0464934064336338,0.2947689326274766,0.1270224780600205,,1.257767692095338,-0.0304086918611725,-0.0124393522596017,16.500612931753878,-0.0055586658736196,0.0261162744454456,0.0297916666666666,0.0224,-0.1735144412225875,-0.0292417144058156,0.0,-0.0,1.1072032031336014,2026-06-25 10:00,2026-06-26 13:10
TPC River Highlands,1,2026-06-28,2026-06-25,34,Travelers Championship,2026-06-23 07:31:28 UTC,no,pga,-14400,0,ENG,27194,57,70.0,"hall, harry",57975,261,52,0.0,0.0,0.0,0.0,0.0,0.0,1997-08-06,1.5,28,2.490289883538282,0.832537471643128,-1.1736111111111112,1.2995695087988848,1.1098,pga,2026-06-15,784,0.832537471643128,0.0299999999999999,-0.06,-0.0699999999999999,3,4,55.0,2.0,-0.2916666666666665,-0.2595753263196528,-0.0297413422839184,0.0197063006930181,0.0040397033672064,-0.04882628373243,-0.2047537043635289,5.43450310126537,0.4505135011877495,,-0.0524407214812531,4.802307816195085e-05,-0.0687701562435399,0.2269773775231351,0.0943408634292631,,0.6601849315255717,-0.0191744536296282,-0.0088066534741443,-15.333336655733016,0.0550767601927015,0.0374971511358274,0.0037916666666666,0.0096,-0.1362770463178177,0.0271725155063268,-0.0,0.0,0.5644720673807474,2026-06-25 09:40,2026-06-26 12:50
TPC River Highlands,1,2026-06-28,2026-06-25,34,Travelers Championship,2026-06-23 07:31:28 UTC,no,pga,-14400,0,USA,8825,59,58.0,"harman, brian",27644,1136,70,0.0,0.0,0.0,0.0,0.0,0.0,1987-01-19,27.5,39,2.945148930574013,0.5139032058846822,-1.1736111111111112,1.4231282539601562,1.1544,pga,2026-06-15,1521,0.5139032058846822,-0.29,-0.12,0.17,1,2,60.0,0.0,-2.2916666666666665,0.0529049340948146,-0.011985994394601,0.0285708645351068,0.041840471904979,0.1083350162526363,-0.1138554242033066,39.396858154015526,0.2822649229240909,,0.0658718029254893,-0.0127717525511702,-0.0110878086135974,0.2352933590272154,0.0414030495884521,,0.4802244915149211,-0.0190412780121613,-0.004644951902205,26.88789176389301,0.2390533105494824,-0.0970628518711927,0.0297916666666666,0.176,0.0277750903997776,0.1969842907700776,0.0,0.0,0.9107755393514432,2026-06-25 11:05,2026-06-26 14:15
TPC River Highlands,1,2026-06-28,2026-06-25,34,Travelers Championship,2026-06-23 07:31:28 UTC,no,pga,-14400,0,USA,14578,12,5.0,"henley, russell",34098,969,15,0.0,0.0,0.0,0.0,0.0,0.0,1989-04-12,19.5,37,2.345259356964293,1.7221110586695492,0.4513888888888888,1.9459490445991008,1.7548,pga,2026-06-15,1369,1.7221110586695492,0.1700000000000001,0.03,0.06,1,2,51.0,0.0,-2.2916666666666665,0.187141326843314,-0.0220905763240279,0.0643719186556706,0.0721772821960013,0.248555958024478,-0.175873255708808,2.499358982225763,0.9240347187634896,,0.0454329139455265,-0.0023674482693876,0.0738911424771831,0.3576687339058885,0.1721687085034389,,1.4446472072169014,-0.0459266358951134,-0.0179261628552314,17.389790867523566,0.0413165704788651,-0.062328763358893,0.0297916666666666,0.1248,0.0982491965927398,0.0124967949111288,0.0,0.0,1.7099848653874368,2026-06-25 10:30,2026-06-26 13:45
TPC River Highlands,1,2026-06-28,2026-06-25,34,Travelers Championship,2026-06-23 07:31:28 UTC,no,pga,-14400,0,JPN,22760,97,62.0,"hisatsune, ryo",51287,333,40,0.0,0.0,0.0,0.0,0.0,0.0,2002-09-09,-6.5,23,2.9438942104566617,0.0482624136344644,-0.5486111111111112,0.6291231682789116,0.5052,pga,2026-06-15,529,0.0482624136344644,-0.48,-0.12,-0.04,1,2,71.0,0.0,-2.2916666666666665,0.0372433683540216,0.0033381351121936,0.0137599666440657,-0.013353821825284,0.0142142112946449,0.0192848771284014,0.0,0.0415162134895544,0.0160944015549305,-0.071522287256415,0.0074765325305676,0.0671626122197414,,,0.0533704495569317,0.2105335932732078,-0.0145620028141007,0.0436957355943165,6.288219662578268,-0.0957499896071928,0.0673019383976813,0.0268125,-0.03575,0.0176905999681602,0.0,0.0,-0.0,0.219286693241368,2026-06-25 12:20,2026-06-26 09:05
TPC River Highlands,1,2026-06-28,2026-06-25,34,Travelers Championship,2026-06-23 07:31:28 UTC,no,pga,-14400,0,USA,15575,215,112.0,"hoge, tom",35532,306,74,0.0,0.0,0.0,0.0,0.0,0.0,1989-05-25,24.5,37,2.9028323886914587,-0.4326554825511061,-0.6736111111111112,1.0865769669231191,0.9014,pga,2026-06-12,1369,-0.4326554825511061,-0.92,-0.19,0.0699999999999999,10,0,61.0,-2.0,6.708333333333334,0.1811247343628763,0.0102111493101201,0.0368369259066262,0.0614542958249788,-0.0263830321362346,0.0990053954573857,-5.097818218795561,-0.1750809947201585,0.0277971101808893,-0.1315470333932538,0.0076765495865188,-0.0615433196461771,,,-0.0700653655581017,-0.4597719366624555,0.0194789807367838,-0.0263985021447176,3.9620804506512304,-0.1520612397500836,-0.0500893617042387,-0.0784875,0.1347499999999999,0.0860342488223662,-0.0509781821879556,0.0,-0.0,-0.3684533700280449,2026-06-25 08:25,2026-06-26 11:35
TPC River Highlands,1,2026-06-28,2026-06-25,34,Travelers Championship,2026-06-23 07:31:28 UTC,no,pga,-14400,0,DEN,23602,51,35.0,"hojgaard, nicolai",52453,229,27,0.0,0.0,0.0,0.0,0.0,0.0,2001-03-12,-6.5,25,2.7354799586612377,0.8483309088049211,0.3263888888888888,1.1735114803969529,0.9606,pga,2026-06-15,625,0.8483309088049211,-0.69,0.0,-0.63,3,3,61.0,1.0,-0.2916666666666665,-0.3282319867929376,-0.0052199808084116,0.0529721167532566,-0.0979827809115778,-0.2608876934855162,-0.0171136483406885,0.0,0.4911448672379281,,-0.0609830731100292,-0.0021034704794911,0.0425308479655903,0.1957924468828336,0.0910544225820842,,0.7722545472682446,-0.0382688030739007,-0.0123629348584838,7.521203317619644,0.3179130142471125,0.065450244121713,0.0037916666666666,-0.0416,-0.1723217930662922,0.0,0.0,0.0,0.562124420868619,2026-06-25 08:35,2026-06-26 11:45
TPC River Highlands,1,2026-06-28,2026-06-25,34,Travelers Championship,2026-06-23 07:31:28 UTC,no,pga,-14400,0,NOR,18841,23,30.0,"hovland, viktor",46717,814,56,0.0,0.0,0.0,0.0,0.0,0.0,1997-09-18,12.5,28,2.767185315774268,1.142077431356318,1.2013888888888888,2.4331487883365304,2.003,pga,2026-06-15,784,1.142077431356318,0.2299999999999999,0.24,0.06,3,2,51.0,0.0,-0.2916666666666665,0.1513250522286855,-0.0176630689652959,0.0685090067558681,0.0247910128472852,0.1535102440015574,-0.0778221424107293,-0.1645997495252213,0.6020029228268039,,0.1155954766327609,-0.0035161245054228,0.0243913401756833,0.4082576213890442,0.1239573139677746,,1.264982994529816,-0.0316989766183346,-0.0124055720607248,31.08518282054137,-0.0030257999148198,0.0383989927222315,0.0037916666666666,0.08,0.0794456524200599,-0.0008229987476261,0.0,-0.0,1.4273973148689167,2026-06-25 13:25,2026-06-26 10:10
TPC River Highlands,1,2026-06-28,2026-06-25,34,Travelers Championship,2026-06-23 07:31:28 UTC,no,pga,-14400,0,USA,16333,183,122.0,"hubbard, mark",36801,176,98,0.0,0.0,0.0,0.0,0.0,0.0,1989-05-24,11.5,37,2.7454079165549925,-0.056062993648612,-0.1736111111111111,0.7031299554061573,0.4833999999999999,pga,2026-06-05,1369,-0.056062993648612,-0.44,-0.37,-0.0199999999999999,17,0,46.0,-2.0,13.708333333333334,0.0727487812302544,0.0200503090754698,0.0345131586368622,0.0360223096110778,-0.0287963686724079,0.0109593725792524,9.862520562540023,-0.0098235339308503,0.0179701293580932,-0.0415530536557691,0.0168474986805682,-0.0141344169028302,,,-0.0265520206614352,-0.1274667721017469,0.0086890058415405,-0.0288210191268252,-4.068600621480833,0.0,-0.0500893617042387,-0.1603875,0.06325,0.0345556710843708,0.0986252056254002,-0.0,0.0,-0.0914233953919758,2026-06-25 11:15,2026-06-26 14:25
TPC River Highlands,1,2026-06-28,2026-06-25,34,Travelers Championship,2026-06-23 07:31:28 UTC,no,pga,-14400,0,KOR,17488,95,79.0,"im, sungjae",39971,412,60,0.0,0.0,0.0,0.0,0.0,0.0,1998-03-30,13.5,28,3.078104645520322,0.3362219666473197,-0.6736111111111112,1.745243834945784,1.5532,pga,2026-06-15,784,0.3362219666473197,-0.02,0.0999999999999999,0.0499999999999999,1,2,45.0,0.0,-2.2916666666666665,-0.2410744022087272,-0.0136542369960613,-0.0563411184260815,-0.0015762665721427,0.0444050685998752,-0.2139078488143169,-3.603114365848202,0.1641287248982841,0.0446472290495953,0.0691673096444785,-0.0148523404816468,0.0534143062176713,,,0.0827641580483534,0.4551833786929462,-0.0173087480947551,0.0332001106633141,-39.15272539135968,-0.1706677072821875,0.0400226287476511,0.0268125,0.07425,-0.1145103410491454,-0.036031143658482,-0.0,-0.0,0.4057043939853187,2026-06-25 12:50,2026-06-26 09:40
TPC River Highlands,1,2026-06-28,2026-06-25,34,Travelers Championship,2026-06-23 07:31:28 UTC,no,pga,-14400,0,USA,29827,113,0.0,"james, ben",57869,421,172,0.0,0.0,0.0,0.0,0.0,0.0,2004-01-01,-2.5,22,2.7,-0.2184209079138724,-0.5486111111111112,-0.0325462962962963,-0.1516,pga,2026-06-15,484,-0.2184209079138724,-0.1099999999999999,0.01,-0.1999999999999999,1,3,9.0,1.0,-2.2916666666666665,0.1359218345423367,0.0413553834082096,0.0339498694000793,-0.0094069678928253,0.0537248634562353,0.0162986861706376,0.0,-0.0934679280043164,-0.0009806538539877,0.154078119467756,0.0056377122453073,0.0032750478189484,,,-0.0261968096826869,0.0630774884186051,-0.0063803948514254,0.0007062145850547,10.743512742507397,0.0,0.0264061806939549,0.0268125,-0.0137499999999999,0.0645628714076099,0.0,0.0,0.0,0.25,2026-06-25 09:05,2026-06-26 12:20
TPC River Highlands,1,2026-06-28,2026-06-25,34,Travelers Championship,2026-06-23 07:31:28 UTC,no,pga,-14400,0,USA,17543,67,51.0,"kim, michael",39975,204,62,0.0,0.0,0.0,0.0,0.0,0.0,1993-07-14,13.5,32,3.156654501970202,0.5408309242349395,-1.0486111111111112,0.9509200201948074,0.743,pga,2026-06-15,1024,0.5408309242349395,-0.2199999999999999,-0.1799999999999999,0.1,1,2,62.0,0.0,-2.2916666666666665,-0.1029350839635542,-0.0385736355139076,0.0211922089215202,0.0159472431221004,-0.0328566381267178,-0.0686442623665494,1.007729791695143,0.2976136598146126,,0.0393075012026344,-0.012769068031273,-0.0341828129563477,0.1514405455277383,0.047386976963757,,0.4639784805276193,-0.0144187347967538,-0.0059487456982646,-9.255547274877197,0.0134231119822489,-0.0044508414984836,0.0297916666666666,0.0864,-0.0540409190808659,0.0050386489584757,-0.0,0.0,0.5311678770718957,2026-06-25 11:45,2026-06-26 08:35
TPC River Highlands,1,2026-06-28,2026-06-25,34,Travelers Championship,2026-06-23 07:31:28 UTC,no,pga,-14400,0,KOR,14609,10,21.0,"kim, si woo",37455,974,5,0.0,0.0,0.0,0.0,0.0,0.0,1995-06-28,14.5,31,2.6376663615713483,1.595860081582495,-0.7986111111111112,1.595860081582495,1.3858,pga,2026-06-15,961,1.595860081582495,0.3500000000000001,-0.15,0.0,3,1,67.0,-1.0,-0.2916666666666665,0.0383432092086188,-0.0012509895217091,0.0495372449652207,0.0233966792366083,0.1445038339588321,-0.1778435594303332,-8.898092591325938,0.8408210818079025,,0.157446417457299,-0.0076246330681725,0.0874796840450911,0.2824580188322204,0.1434503092375171,,1.456689160831401,-0.0439615053240992,-0.0202838484653159,-6.109497052886261,0.0442423733343351,0.016903636308959,0.0037916666666666,0.0928,0.0201301848345248,-0.0444904629566296,-0.0,0.0,1.5289205493759628,2026-06-25 14:25,2026-06-26 11:15
TPC River Highlands,1,2026-06-28,2026-06-25,34,Travelers Championship,2026-06-23 07:31:28 UTC,no,pga,-14400,0,USA,21891,26,33.0,"kitayama, kurt",48117,424,28,0.0,0.0,0.0,0.0,0.0,0.0,1993-01-14,-0.5,33,3.0564953612730563,1.1895788042139095,-0.6736111111111112,1.1909219153823758,1.0056,pga,2026-06-15,1089,1.1895788042139095,0.1,-0.01,-0.07,1,2,58.0,0.0,-2.2916666666666665,0.1521130425031317,-0.0074001355015944,0.061453830113995,-0.0560576448837054,0.0780683131987391,0.0760486795756975,2.9037621042024377,0.6394090086987311,,0.0994753263255519,-0.001931661206067,0.1252756883655714,0.2049644853064517,0.1012060127276194,,1.1063987269785256,-0.0375313825278758,-0.0139684808257078,5.411255948040708,0.1454860614524361,-0.010500269885749,0.0297916666666666,-0.0032,0.0798593473141441,0.0145188105210121,0.0,0.0,1.2273685514803483,2026-06-25 11:55,2026-06-26 08:45
TPC River Highlands,1,2026-06-28,2026-06-25,34,Travelers Championship,2026-06-23 07:31:28 UTC,no,pga,-14400,0,USA,19396,27,44.0,"knapp, jake",47420,264,32,0.0,0.0,0.0,0.0,0.0,0.0,1994-05-31,-2.5,32,2.506420233580472,1.274807694857646,0.5763888888888888,1.4620942832681767,1.0214,pga,2026-06-15,1024,1.274807694857646,-0.4099999999999999,-0.03,0.05,3,1,37.0,-1.0,-0.2916666666666665,-0.2469144221590441,-0.0577154691179129,0.024985541559975,-0.0799964139417556,-0.1290850484612762,-0.0051030321980744,0.0024145600697487,0.7089472442230893,,0.0166080726456382,-0.0177649595600588,0.0373730862473248,0.2063912468390145,0.119489447663823,,1.0067214282418775,-0.0483998367513598,-0.0207785985510474,-7.348816598994867,0.0,0.0048557254854539,0.0037916666666666,-0.016,-0.1296300716334981,1.20728003487435e-05,-0.0,0.0,0.8648950960753947,2026-06-25 08:55,2026-06-26 12:10
TPC River Highlands,1,2026-06-28,2026-06-25,34,Travelers Championship,2026-06-23 07:31:28 UTC,no,pga,-14400,0,AUS,16841,37,39.0,"lee, min woo",37378,422,23,0.0,0.0,0.0,0.0,0.0,0.0,1998-07-27,1.5,27,2.7233168908820105,1.020499948775193,0.8263888888888888,1.3247912143572445,0.9966,pga,2026-06-15,729,1.020499948775193,-0.2399999999999998,-0.19,-0.17,3,1,51.0,-1.0,-0.2916666666666665,-0.2640233584100047,-0.0115612613704383,-0.005530272686231,-0.0733224835438254,-0.031101845950226,-0.1425074948592838,2.2871787599949283,0.5662543137056417,,0.0106469493969991,0.0090912757720378,0.093639577719312,0.2001950253261703,0.1020543786916582,,0.9715029146158832,-0.040471499362046,-0.0161003019105697,22.684600794480744,-0.1620921414039659,0.0461931952766795,0.0037916666666666,0.0096,-0.1386122631652524,0.0114358937999746,0.0,-0.0,0.8577182119172722,2026-06-25 08:35,2026-06-26 11:45
TPC River Highlands,1,2026-06-28,2026-06-25,34,Travelers Championship,2026-06-23 07:31:28 UTC,no,pga,-14400,0,IRL,13900,30,45.0,"lowry, shane",33204,1440,54,0.0,0.0,0.0,0.0,0.0,0.0,1987-04-02,9.5,39,2.489031943421752,1.1823796008137826,0.0763888888888888,1.7001835172141142,1.4356,pga,2026-06-15,1521,1.1823796008137826,-0.1100000000000001,0.14,0.02,3,3,55.0,1.0,-0.2916666666666665,0.1243438703764246,-0.0240637125395231,0.0606909981213454,0.0236440981093543,0.0775291405237372,-0.0134566538384892,2.4395185615509885,0.6423143204454379,,0.0514143617740461,-0.0037422207367691,0.0431560312041679,0.2926084080210244,0.1198165524319848,,1.0002164806538052,-0.0365147420292654,-0.0150742993172555,64.68068877781236,0.3837145680616947,-0.0937619311395656,0.0037916666666666,0.0608,0.0652805319476229,0.0121975928077549,0.0,0.0,1.1422862720758495,2026-06-25 09:15,2026-06-26 12:30
TPC River Highlands,1,2026-06-28,2026-06-25,34,Travelers Championship,2026-06-23 07:31:28 UTC,no,pga,-14400,0,SCO,23323,28,19.0,"macintyre, robert",52215,450,35,0.0,0.0,0.0,0.0,0.0,0.0,1996-08-03,1.5,29,2.562673205000091,0.9850890931681464,0.3263888888888888,1.6777964440968958,1.4111999999999998,pga,2026-06-15,841,0.9850890931681464,0.1999999999999999,-0.02,-0.03,1,5,55.0,3.0,-2.2916666666666665,-0.1749386030163572,-0.0416696337504823,-0.0177503442206864,-0.0286475957970311,-0.0434777116004143,-0.0433933176477428,7.702226027037331,0.5324043242888229,,0.0844539587014269,-0.0049144610919025,0.0742588973234053,0.2876351249646625,0.131900187397022,,1.0854919196706043,-0.0346558071971035,-0.0136750301036142,31.448844159667846,0.4106369290893551,0.0280847253878849,0.0297916666666666,0.0096,-0.0918427665835875,0.0385111301351866,0.0,0.0,1.07155194988887,2026-06-25 09:25,2026-06-26 12:40
TPC River Highlands,1,2026-06-28,2026-06-25,34,Travelers Championship,2026-06-23 07:31:28 UTC,no,pga,-14400,0,JPN,13562,48,28.0,"matsuyama, hideki",32839,646,33,0.0,0.0,0.0,0.0,0.0,0.0,1992-02-25,5.5,34,2.569147537124741,1.0183847270577542,-0.0486111111111111,2.0161150804116263,1.7754,pga,2026-06-15,1156,1.0183847270577542,-0.25,-0.03,-0.09,1,2,61.0,0.0,-2.2916666666666665,-0.19670939860276,-0.0131804511851854,0.0506320173184944,0.0267853019826882,-0.088203167122884,-0.1727430995958733,4.939030993881096,0.5551481780744709,,-0.025553850743192,0.0038138079340292,-0.0698550330398952,0.3618674892731447,0.1382094611311552,,0.8959506277927587,-0.0304212410262267,-0.01412177094513,24.78932287456212,-0.1858271470813177,-0.0231364128655974,0.0297916666666666,0.0352,-0.103272434266449,0.0246951549694054,0.0,-0.0,0.8823650151623819,2026-06-25 09:50,2026-06-26 13:00
TPC River Highlands,1,2026-06-28,2026-06-25,34,Travelers Championship,2026-06-23 07:31:28 UTC,no,pga,-14400,0,USA,19870,78,103.0,"mccarthy, denny",47993,299,99,0.0,0.0,0.0,0.0,0.0,0.0,1993-03-04,18.5,33,2.3,0.4847792755189993,-0.5486111111111112,1.4099294570090004,1.0342,pga,2026-06-14,1089,0.4847792755189993,-0.12,-0.1699999999999999,0.14,8,0,59.0,-2.0,4.708333333333334,-0.1420021213909199,-0.0402652807031436,0.0044798848600426,0.0655717221698072,-0.1241919886978971,-0.047596459019729,4.934641045146408,0.2741611603103102,,0.0025185980143413,-0.0205678966127783,-0.1279419110006819,0.2107938252823512,0.0512711842899342,,0.3706360075512369,-0.0077795795846293,-0.0025433165714562,9.60219285976386,-0.3221176123897186,-0.0092760565761542,-0.0550875,0.10175,-0.0674510076606869,0.049346410451464,0.0,-0.0,0.399193910342014,2026-06-25 14:25,2026-06-26 11:15
TPC River Highlands,1,2026-06-28,2026-06-25,34,Travelers Championship,2026-06-23 07:31:28 UTC,no,pga,-14400,0,USA,28635,86,56.0,"mccarty, matt",59141,241,41,0.0,0.0,0.0,0.0,0.0,0.0,1997-12-11,-6.5,28,3.064338139430497,0.39708321026847,-0.7986111111111112,0.9220770324523512,0.6414,pga,2026-06-15,784,0.39708321026847,-0.42,-0.07,0.03,3,1,61.0,-1.0,-0.2916666666666665,-0.0143598607673292,-0.0269708234539342,0.018093630343,0.0280577619285186,-0.0508426458797501,0.0173022162948363,0.0,0.2024676023757187,0.0235888277106812,-0.1605878076734864,-0.0118232038980229,-0.025304053674823,,,0.122814195902224,0.2133422307233423,-0.0131452960147824,0.0368170332884232,-23.73977964162998,0.0580964020248515,0.0385149327074098,0.0034124999999999,-0.03575,-0.0068209338644813,0.0,-0.0,0.0,0.1741837968588609,2026-06-25 08:15,2026-06-26 11:25
TPC River Highlands,1,2026-06-28,2026-06-25,34,Travelers Championship,2026-06-23 07:31:28 UTC,no,pga,-14400,0,USA,18634,15,36.0,"mcnealy, maverick",46442,510,44,0.0,0.0,0.0,0.0,0.0,0.0,1995-11-07,3.5,30,2.792513572018811,1.4003934977373758,0.3263888888888888,1.4003934977373758,1.2456,pga,2026-06-15,900,1.4003934977373758,0.27,0.12,-0.22,1,2,59.0,0.0,-2.2916666666666665,-0.3542467957261218,-0.0464890629633162,0.0058677274880266,-0.0445899669955604,-0.0861345345361414,-0.1829009587191302,0.9461139685146628,0.7526966698901099,,0.1329220538306873,-0.0217523664474436,-0.0113728186194196,0.2526998497244817,0.1249354434793855,,1.186557548518537,-0.0467065906927519,-0.0179344729546187,5.698185868693908,0.0429282647986787,0.0210697803081065,0.0297916666666666,0.0224,-0.1859795677562139,0.0047305698425733,0.0,0.0,1.0575002172715628,2026-06-25 10:20,2026-06-26 13:35
TPC River Highlands,1,2026-06-28,2026-06-25,34,Travelers Championship,2026-06-23 07:31:28 UTC,no,pga,-14400,0,USA,28159,64,90.0,"meissner, mac",59143,237,78,0.0,0.0,0.0,0.0,0.0,0.0,1999-02-08,-6.5,27,2.3,0.5649160037983729,-1.5486111111111112,0.6473748545635882,0.4672,pga,2026-06-12,729,0.5649160037983729,-0.36,0.09,-0.14,10,0,49.0,-2.0,6.708333333333334,-0.2286974293970438,-0.0119868667396198,0.0281658315443236,0.011711624344913,-0.1354597439212169,-0.1211282746254438,0.0,0.3349657807392887,,-0.0158038536066946,-0.0105427061964854,-0.0777341806202045,0.0952261411447635,0.048358591681337,,0.3943753844149917,-0.0233839199732412,-0.0077774273435593,-4.366923453264769,0.0,0.0510669585897874,-0.0872083333333333,-0.0416,-0.120066150433448,0.0,-0.0,0.0,0.1455009006482103,2026-06-25 14:15,2026-06-26 11:05
TPC River Highlands,1,2026-06-28,2026-06-25,34,Travelers Championship,2026-06-23 07:31:28 UTC,no,pga,-14400,0,USA,17365,41,68.0,"mitchell, keith",39546,642,45,0.0,0.0,0.0,0.0,0.0,0.0,1992-01-07,5.5,34,2.5156723457979235,0.6872581498099668,1.0763888888888888,1.161148580946895,0.8478,pga,2026-06-15,1156,0.6872581498099668,0.07,-0.01,-0.14,1,3,61.0,1.0,-2.2916666666666665,-0.0342059840130455,0.010626956989079,0.026269562703485,-0.1063370862647519,-0.0071344622750633,0.0423690448342057,-1.399458885377606,0.3733524940353775,,0.1628825751536855,-0.0069445546942021,0.1007096646379326,0.1728012039009643,0.0594330122293102,,0.7942036077211461,-0.0335763602379785,-0.011318014438346,-7.315999497474552,-0.1010775134820382,-0.0231364128655974,0.0297916666666666,0.0352,-0.0179581416068488,-0.006997294426888,-0.0,-0.0,0.8342398383540758,2026-06-25 12:20,2026-06-26 09:05
TPC River Highlands,1,2026-06-28,2026-06-25,34,Travelers Championship,2026-06-23 07:31:28 UTC,no,pga,-14400,0,USA,22085,14,9.0,"morikawa, collin",50525,1835,6,0.0,0.0,0.0,0.0,0.0,0.0,1997-02-06,9.5,29,2.672433422952973,1.2520036618602115,0.2013888888888888,2.202099099887908,2.14,pga,2026-06-15,841,1.2520036618602115,0.1399999999999999,-0.03,0.1199999999999999,1,3,43.0,1.0,-2.2916666666666665,0.1217953385141894,-0.0053946713504389,0.075333458773578,0.0347704742128306,0.1005691532915468,-0.0834830764133271,-19.920242073671567,0.6821863619360559,,0.1315300793952799,-0.0033878641103319,0.0473208548376336,0.4361813828120592,0.1443521588236868,,1.397025281507991,-0.0514484057817056,-0.0225897723674286,44.02964689659252,-0.0119327373650693,0.0328804859627424,0.0297916666666666,0.0608,0.0639425527199494,-0.0996012103683578,0.0,-0.0,1.4519582905262494,2026-06-25 10:55,2026-06-26 14:05
TPC River Highlands,1,2026-06-28,2026-06-25,34,Travelers Championship,2026-06-23 07:31:28 UTC,no,pga,-14400,0,SWE,10419,32,23.0,"noren, alex",27349,350,48,0.0,0.0,0.0,0.0,0.0,0.0,1982-07-12,-2.5,43,2.3957256278097785,1.1935054617460976,-0.5486111111111112,1.3789404458239352,1.2192,pga,2026-06-15,1849,1.1935054617460976,-0.02,0.12,0.1,3,3,54.0,1.0,-0.2916666666666665,0.171330682390554,-0.043304687772412,0.0342043388222385,0.0742211304750502,0.1541888565010245,-0.0479789556353472,2.0486438438897583,0.6582265252509009,,0.0214461693160471,-0.0256201630594064,0.0377132594800802,0.2629317681437179,0.1201756052796119,,0.8525070818185236,-0.030548094712917,-0.0129086840517291,17.24694977775761,0.2250241493649464,-0.1789093038277818,0.0037916666666666,-0.016,0.0899486082550408,0.0102432192194487,0.0,0.0,0.94049057595968,2026-06-25 11:25,2026-06-26 08:15
TPC River Highlands,1,2026-06-28,2026-06-25,34,Travelers Championship,2026-06-23 07:31:28 UTC,no,pga,-14400,0,USA,23475,90,63.0,"novak, andrew",51997,223,80,0.0,0.0,0.0,0.0,0.0,0.0,1995-03-31,3.5,31,2.5892998844483057,0.3778070093106003,0.4513888888888888,0.7788460782854927,0.6412,pga,2026-06-15,961,0.3778070093106003,-0.31,-0.05,0.11,3,1,58.0,-1.0,-0.2916666666666665,0.0232643245488298,0.021690819971634,0.0375969367450672,-0.0016075142431204,0.0583714491209742,-0.0927873670457252,4.80831642404254,0.1871698926564172,0.0199246541304489,0.0132525016784508,0.0145241502048772,0.0149755870794865,,,0.06677966400468,0.3395735398711861,-0.0068898850803294,0.0150684797503056,-9.774772891957882,-0.0368291382030968,0.0147684954468489,0.0034124999999999,0.01925,0.0110505541606941,0.0480831642404254,-0.0,-0.0,0.4213697582723056,2026-06-25 13:00,2026-06-26 09:50
TPC River Highlands,1,2026-06-28,2026-06-25,34,Travelers Championship,2026-06-23 07:31:28 UTC,no,pga,-14400,0,CAN,17780,88,93.0,"pendrith, taylor",40250,173,94,0.0,0.0,0.0,0.0,0.0,0.0,1991-05-30,3.5,35,2.513795473573256,0.4300826575149369,1.2013888888888888,1.228695948554071,1.0538,pga,2026-06-14,1225,0.4300826575149369,0.0,-0.12,0.21,8,0,58.0,-2.0,4.708333333333334,-0.0836994528202481,0.0099842267650511,0.0092304972395407,-0.0736428712909288,-0.0518029187504863,0.0225316132165751,6.6773816485515045,0.1985887820106179,0.0314328369737902,0.0523984094550651,-0.0004976558015015,0.053841786143513,,,0.0842738047080337,0.4065218653017677,-0.0038037122687644,0.0156248088265084,20.932836796441205,0.0542827152676545,-0.0253371947454946,-0.0550875,0.01925,-0.0397572400896178,0.066773816485515,0.0,0.0,0.3977009416976649,2026-06-25 12:10,2026-06-26 08:55
TPC River Highlands,1,2026-06-28,2026-06-25,34,Travelers Championship,2026-06-23 07:31:28 UTC,no,pga,-14400,0,USA,21554,33,32.0,"poston, j.t.",49771,1020,21,0.0,0.0,0.0,0.0,0.0,0.0,1993-06-01,15.5,33,2.9850934102930453,1.018704272062494,0.7013888888888888,1.332320222533357,1.1106,pga,2026-06-15,1089,1.018704272062494,0.61,0.21,-0.15,1,2,53.0,0.0,-2.2916666666666665,0.1856892112191726,-0.0025798199284481,0.0447641130094438,0.01805562053313,0.0971646144045603,0.0282846832004865,-2.1944222302852063,0.5336718803849827,,0.2329739658832075,-0.0187692682816196,0.0574892763356757,0.2263659082948939,0.0674575878449943,,1.0629350459296534,-0.0214081086589968,-0.0091997963296894,-7.620362477132264,0.0313464949020483,-0.0056463995437949,0.0297916666666666,0.0992,0.0974868358900656,-0.010972111151426,-0.0,0.0,1.2784414373349595,2026-06-25 13:00,2026-06-26 09:50
TPC River Highlands,1,2026-06-28,2026-06-25,34,Travelers Championship,2026-06-23 07:31:28 UTC,no,pga,-14400,0,ENG,18554,31,16.0,"rai, aaron",46414,865,25,0.0,0.0,0.0,0.0,0.0,0.0,1995-03-03,5.5,31,3.1772048504968806,1.054984882108157,0.2013888888888888,1.2626205027844255,1.0474,pga,2026-06-15,961,1.054984882108157,-0.2199999999999999,0.16,0.07,1,4,43.0,2.0,-2.2916666666666665,0.4145718673924637,0.0184978553592251,0.0689706793431798,0.0782583477710389,0.3083158723398881,-0.0594708874208682,4.52441526794097,0.5702343485180505,,0.1697195810144854,-0.0052619572786023,0.0643295164754075,0.2134842898866125,0.0679085991381354,,1.0668026928923608,-0.0186212114282245,-0.0086942816743573,26.87131035759948,-0.0310061885850482,0.0137038082408539,0.0297916666666666,0.0352,0.2176502303810434,0.0226220763397048,0.0,-0.0,1.3720666662797758,2026-06-25 10:20,2026-06-26 13:35
TPC River Highlands,1,2026-06-28,2026-06-25,34,Travelers Championship,2026-06-23 07:31:28 UTC,no,pga,-14400,0,NOR,21407,44,26.0,"reitan, kristoffer",49855,352,16,0.0,0.0,0.0,0.0,0.0,0.0,1995-01-01,-6.5,31,3.2,0.9185577887701584,0.4513888888888888,0.9774254307938002,0.5254,pga,2026-06-15,961,0.9185577887701584,-0.13,-0.1399999999999999,0.05,3,3,53.0,1.0,-0.2916666666666665,0.0259232209152248,-0.0047642465769796,0.0315834121136314,-0.0535009928019067,0.0823022920045018,-0.029697243824022,0.0,0.5043043761856334,,0.0400805131630404,-0.0015641802601321,0.1165047352831734,0.1046427672596781,0.0544696044032745,,0.8258957581439988,-0.0272450601959719,-0.0080977411078864,-2.748853026055891,0.0795678658200164,0.0428007434131895,0.0037916666666666,-0.0416,0.013609690980493,0.0,-0.0,0.0,0.8016971157911585,2026-06-25 11:05,2026-06-26 14:15
TPC River Highlands,1,2026-06-28,2026-06-25,34,Travelers Championship,2026-06-23 07:31:28 UTC,no,pga,-14400,0,ENG,6093,22,6.0,"rose, justin",22405,1048,17,0.0,0.0,0.0,0.0,0.0,0.0,1980-07-30,3.5,45,2.937393134613194,1.09051099838806,0.7013888888888888,1.974094357488794,1.9,pga,2026-06-15,2025,1.09051099838806,-0.0899999999999998,-0.21,0.21,1,4,46.0,2.0,-2.2916666666666665,0.0391535646522419,-0.0143974118885682,0.0612206833627009,-0.0018573435286197,0.048752700120024,-0.0545650634132951,-12.851010143361892,0.5944786679601313,,0.1414189000048208,0.0028688569301965,0.0608450393074528,0.4769459980281394,0.1117774717179839,,1.111489504162377,-0.0407856209706209,-0.0161178236722635,94.10373949896469,0.173759681977323,-0.2199419851434633,0.0297916666666666,0.0224,0.0205556214424269,-0.0642550507168094,0.0,0.0,1.1199817415546611,2026-06-25 13:35,2026-06-26 10:20
TPC River Highlands,1,2026-06-28,2026-06-25,34,Travelers Championship,2026-06-23 07:31:28 UTC,no,pga,-14400,0,USA,19895,6,11.0,"schauffele, xander",48081,951,14,0.0,0.0,0.0,0.0,0.0,0.0,1993-10-25,19.5,32,2.516079501680245,1.5946909257494155,0.3263888888888888,2.6488158139020017,2.5268,pga,2026-06-15,1024,1.5946909257494155,0.09,-0.0899999999999999,0.0,1,2,51.0,0.0,-2.2916666666666665,-0.0222592466460638,-0.01906090238203,0.0637812069793764,-0.0618125834287924,-0.0125917169672164,0.0074247491525986,-1.270395829537411,0.8660815202817456,,0.1444377077683432,-0.0104863312786431,0.1372001392543242,0.5150201486399585,0.1751195783413976,,1.7444585931203958,-0.057928742331173,-0.0229042106994832,80.79744702859638,0.1772943288377559,-0.0020812168560739,0.0297916666666666,0.1248,-0.0116861044891834,-0.006351979147687,0.0,0.0,1.881012176150192,2026-06-25 10:55,2026-06-26 14:05
TPC River Highlands,1,2026-06-28,2026-06-25,34,Travelers Championship,2026-06-23 07:31:28 UTC,no,pga,-14400,0,USA,18417,1,1.0,"scheffler, scottie",46046,1544,1,0.0,0.0,0.0,0.0,0.0,0.0,1996-06-21,15.5,30,2.306804878966344,2.9204082956622,0.5763888888888888,3.411307856933354,3.2534,pga,2026-06-15,900,2.9204082956622,0.0099999999999997,0.06,-0.0899999999999999,1,2,53.0,0.0,-2.2916666666666665,-0.0826920770490168,-0.0403651968891633,0.1040902373274142,-0.0497945836581583,0.1493522768326589,-0.2459748106617682,0.2080012601236935,1.5832099970889546,,0.2373931418198129,-0.0106196624335399,0.1422383806475675,0.6631179957199781,0.3100731185363219,,2.8321848187779914,-0.0859707848003899,-0.0343614496254144,62.18591688391976,-0.0069333789216015,0.0271040818247007,0.0297916666666666,0.0992,-0.0434133404507338,0.0010400063006184,0.0,-0.0,2.9188031512945427,2026-06-25 13:55,2026-06-26 10:40
TPC River Highlands,1,2026-06-28,2026-06-25,34,Travelers Championship,2026-06-23 07:31:28 UTC,no,pga,-14400,0,AUS,6430,25,52.0,"scott, adam",24502,579,29,0.0,0.0,0.0,0.0,0.0,0.0,1980-07-16,9.5,45,2.5663006261566585,1.1180354076335857,-0.0486111111111111,1.9368117432461112,1.74,pga,2026-06-15,2025,1.1180354076335857,0.01,-0.09,0.0999999999999999,3,1,49.0,-1.0,-0.2916666666666665,0.0047642204804242,0.0079037777916541,0.0634718119023374,-0.0485935905743079,-0.002284362489434,-0.0157334161498252,8.151159162970663,0.596012487903278,,0.0656845347342812,0.0008644154069151,0.0848410430234473,0.3536738016147127,0.105484072185835,,0.9258106865395348,-0.0437231931208547,-0.0170844900646168,-7.180958256372346,0.20539485152868,-0.2199419851434633,0.0037916666666666,0.0608,0.0025012157522227,0.0407557958148533,-0.0,0.0,1.0336593647732777,2026-06-25 12:30,2026-06-26 09:15
TPC River Highlands,1,2026-06-28,2026-06-25,34,Travelers Championship,2026-06-23 07:31:28 UTC,no,pga,-14400,0,USA,18474,49,43.0,"smalley, alex",46340,433,18,0.0,0.0,0.0,0.0,0.0,0.0,1996-10-21,-0.5,29,2.767892990266357,0.9091187307018848,0.0763888888888888,1.148572599983428,0.665,pga,2026-06-15,841,0.9091187307018848,-0.4799999999999998,-0.12,-0.37,3,1,59.0,-1.0,-0.2916666666666665,0.0052633223967781,-0.0172357441227648,0.0448447672835917,0.0098671790299274,0.0053103743088904,-0.0375232541028665,2.946731490284678,0.5198467858029896,,-0.0214741717458482,-0.0173581056556308,0.0064357098088874,0.134034054830472,0.0615899132036317,,0.6695942370502743,-0.0326026852614896,-0.0109017849987781,11.1908292012618,0.0112557261908184,0.0300245210660407,0.0037916666666666,-0.0032,0.0027632442583085,0.0147336574514233,0.0,0.0,0.6876828054266729,2026-06-25 11:25,2026-06-26 08:15
TPC River Highlands,1,2026-06-28,2026-06-25,34,Travelers Championship,2026-06-23 07:31:28 UTC,no,pga,-14400,0,USA,8820,134,121.0,"snedeker, brandt",27649,244,72,0.0,0.0,0.0,0.0,0.0,0.0,1980-12-08,11.5,45,2.5978291114838785,0.1747244780579279,0.2013888888888888,1.071609309862442,0.8838000000000001,pga,2026-06-07,2025,0.1747244780579279,0.07,0.0099999999999999,-0.09,15,0,32.0,-2.0,11.708333333333334,0.1736372514692256,-0.0214907360938698,0.0160048774632325,0.1146661631328358,0.2273186710637328,-0.1628617240967056,0.624608062002475,0.0718768881640358,0.0274137501751175,0.1239153323318671,-0.0099839062450873,-0.0837653809524318,,,0.0109227375965101,-0.0347626774755141,-0.0112043589883231,0.0175531274244419,-8.15895871739727,0.0781719838128154,-0.1814908669816444,-0.1369875,0.06325,0.0824776944478821,0.0062460806200247,-0.0,0.0,-0.0197764024076072,2026-06-25 09:40,2026-06-26 12:50
TPC River Highlands,1,2026-06-28,2026-06-25,34,Travelers Championship,2026-06-23 07:31:28 UTC,no,pga,-14400,0,USA,17536,16,12.0,"spaun, j.j.",39324,770,24,0.0,0.0,0.0,0.0,0.0,0.0,1990-08-21,15.5,35,2.568206483608547,1.5298730577845363,0.5763888888888888,1.589178299847509,1.2997999999999998,pga,2026-06-15,1225,1.5298730577845363,0.1600000000000001,-0.13,-0.0199999999999999,3,1,51.0,-1.0,-0.2916666666666665,0.1304191126167363,0.0177459550523437,0.0898667304087885,0.0073248106756186,0.1182236718535787,-0.1027420553735933,-6.500807162077134,0.8195790368144987,,0.087622812452009,0.0056879011022996,0.0697906759418063,0.2649292342893058,0.1281758109896452,,1.284834881954374,-0.0340016187787885,-0.013515128007738,4.324407246272015,-0.0364057622043559,-0.0434338428486641,0.0037916666666666,0.0992,0.0684700341237865,-0.0325040358103856,0.0,-0.0,1.4237925469344417,2026-06-25 12:40,2026-06-26 09:25
TPC River Highlands,1,2026-06-28,2026-06-25,34,Travelers Championship,2026-06-23 07:31:28 UTC,no,pga,-14400,0,USA,14636,47,49.0,"spieth, jordan",34046,642,50,0.0,0.0,0.0,0.0,0.0,0.0,1993-07-27,13.5,32,2.5243978741149657,0.9167522555093588,-0.9236111111111112,1.6186046827160592,1.3466,pga,2026-06-15,1024,0.9167522555093588,-0.2999999999999999,-0.1099999999999999,0.0299999999999999,1,2,61.0,0.0,-2.2916666666666665,-0.1276983335184016,-0.0230910032467002,0.0127718693106894,-0.0487266195417327,-0.0044889552828703,-0.0641636247577876,-17.410062082955726,0.50312841549747,,0.0316087376127601,0.0026084585001631,0.1285854819815707,0.2744681542498686,0.0954010677072465,,0.9843596321579,-0.0350118777153148,-0.0119779641773804,37.58422755106333,0.2377739198904069,-0.0044508414984836,0.0297916666666666,0.0864,-0.0670416250971608,-0.0870503104147786,0.0,0.0,0.9464593633126273,2026-06-25 13:45,2026-06-26 10:30
TPC River Highlands,1,2026-06-28,2026-06-25,34,Travelers Championship,2026-06-23 07:31:28 UTC,no,pga,-14400,0,USA,25569,71,46.0,"stevens, samuel",55893,311,47,0.0,0.0,0.0,0.0,0.0,0.0,1996-07-04,-0.5,29,2.3,0.1755712315063517,-0.9236111111111112,0.8122251858579677,0.6489999999999999,pga,2026-06-15,841,0.1755712315063517,-0.2099999999999999,-0.09,0.16,1,2,65.0,0.0,-2.2916666666666665,-0.0907142155088203,0.0042724924248463,0.0132707347897456,-0.0417241293522711,-0.0718328115081075,0.0052994981369663,-3.2174171528726534,0.0898917107961078,0.0207785676213259,0.1114213398560401,0.0108331433394482,0.0107076826585831,,,0.0558569264081698,0.355314526627847,-0.014113289665914,0.0426810365742809,14.18063202786141,-0.0056595026930649,0.027257409039805,0.0268125,-0.00275,-0.0430892523666896,-0.0321741715287265,0.0,-0.0,0.3041136027324309,2026-06-25 11:45,2026-06-26 08:35
TPC River Highlands,1,2026-06-28,2026-06-25,34,Travelers Championship,2026-06-23 07:31:28 UTC,no,pga,-14400,0,AUT,17511,54,22.0,"straka, sepp",49960,609,26,0.0,0.0,0.0,0.0,0.0,0.0,1993-05-01,15.5,33,3.2,0.804730680328963,0.0763888888888888,1.4266785904020924,1.2784,pga,2026-06-15,1089,0.804730680328963,-0.01,-0.08,0.3,3,1,54.0,-1.0,-0.2916666666666665,0.109279162628199,-0.0114268760204657,0.0738734678436496,0.0210347010861915,0.0450764010972706,-0.019278531378447,-5.756920366196357,0.4389292378913432,,-0.0267871472403912,-0.007010474571679,-0.0209068630077285,0.2605674204611852,0.1070797970696966,,0.7074691644132444,-0.0289000932479632,-0.0086535915360415,-16.299715966612837,0.1151441665117396,-0.0068491214051771,0.0037916666666666,0.0992,0.0573715603798044,-0.0287846018309817,-0.0,0.0,0.8390477896287338,2026-06-25 13:10,2026-06-26 10:00
TPC River Highlands,1,2026-06-28,2026-06-25,34,Travelers Championship,2026-06-23 07:31:28 UTC,no,pga,-14400,0,USA,29279,144,130.0,"suber, jackson",60019,333,88,0.0,0.0,0.0,0.0,0.0,0.0,1999-10-18,-6.5,26,3.2,0.1557450438730482,0.2013888888888888,0.1557450438730482,-0.2379999999999999,pga,2026-06-15,676,0.1557450438730482,-0.06,-0.19,0.46,3,2,44.0,0.0,-0.2916666666666665,0.1495012833536874,0.01355353665446,0.0333297408279703,-0.026480803662033,0.0750415272735608,0.0540572822597291,0.0,0.0678250778978559,0.0037578839700668,0.1390450563052878,0.000767845905722,0.0602815643811928,,,-0.0110115403411972,0.3001317496347438,-0.0028052426407496,-0.0089083982739837,-2.2290638070629507,0.0,0.0511795024305491,0.0034124999999999,-0.03575,0.0710131095930015,0.0,-0.0,0.0,0.3388073592277453,2026-06-25 08:25,2026-06-26 11:35
TPC River Highlands,1,2026-06-28,2026-06-25,34,Travelers Championship,2026-06-23 07:31:28 UTC,no,pga,-14400,0,CAN,13126,55,65.0,"taylor, nick",25493,308,59,0.0,0.0,0.0,0.0,0.0,0.0,1988-04-14,10.5,38,2.714487471309242,0.617115481393439,-0.2986111111111111,1.0050617507740731,0.8690000000000001,pga,2026-06-15,1444,0.617115481393439,-0.5700000000000001,0.13,-0.14,3,3,65.0,1.0,-0.2916666666666665,-0.0561675623026729,-0.0099005819653808,0.0240041264067434,0.0502598876769271,0.0674907699173436,-0.1880217643383064,-2.075556190086264,0.3537439318908266,,-0.008776860039892,-0.0107347985091332,-0.0130828786543525,0.1771222531138689,0.0864837347425523,,0.4769238706525019,-0.0200856060583065,-0.0100587493873772,-15.116171274118429,0.0828488948327801,-0.0776871564456841,0.0037916666666666,0.0672,-0.0294879702089032,-0.0103777809504313,-0.0,0.0,0.508049786159834,2026-06-25 10:10,2026-06-26 13:25
TPC River Highlands,1,2026-06-28,2026-06-25,34,Travelers Championship,2026-06-23 07:31:28 UTC,no,pga,-14400,0,USA,23014,56,73.0,"theegala, sahith",51634,575,37,0.0,0.0,0.0,0.0,0.0,0.0,1997-12-04,7.5,28,2.95593166813918,0.4578208774354911,0.8263888888888888,1.3629450612009806,1.2166,pga,2026-06-15,784,0.4578208774354911,0.03,-0.17,-0.0699999999999999,1,5,71.0,3.0,-2.2916666666666665,-0.2835469091996524,-0.0028411388412921,0.0089076873174862,-0.0081692405184339,-0.1064529364042364,-0.174991280753176,7.176198412454204,0.212110881542883,0.0348672346184412,0.1674966053315124,0.0019457506445277,0.0188435909246025,,,0.069177338111231,0.5778833568839031,-0.0264671390823331,0.0613941620856285,10.416478242291024,-0.0540853746751878,0.0385149327074098,0.0268125,0.0412499999999999,-0.1346847818698349,0.071761984124542,0.0,-0.0,0.5830230591386103,2026-06-25 14:15,2026-06-26 11:05
TPC River Highlands,1,2026-06-28,2026-06-25,34,Travelers Championship,2026-06-23 07:31:28 UTC,no,pga,-14400,0,USA,14139,17,17.0,"thomas, justin",33448,1555,36,0.0,0.0,0.0,0.0,0.0,0.0,1993-04-29,17.5,33,3.129901808154303,1.367088978724421,-0.4236111111111111,2.2806007753143565,2.1792,pga,2026-06-15,1089,1.367088978724421,0.0,0.18,-0.06,1,2,43.0,0.0,-2.2916666666666665,-0.1932525059145078,-0.0045891809302294,0.032223605734556,-0.0404803500216341,0.0253770679366516,-0.2057836486338519,8.173326945650127,0.7331996615687417,,0.1871045072349788,-0.0228568972451685,0.0503364445766552,0.4481328268185918,0.0999703639771239,,1.4472708804189518,-0.0296334800311896,-0.010923539398151,-51.286026518315175,-0.3455783676001914,-0.0080590070826301,0.0297916666666666,0.112,-0.1014575656051166,0.0408666347282506,-0.0,-0.0,1.5284716162087526,2026-06-25 10:40,2026-06-26 13:55
TPC River Highlands,1,2026-06-28,2026-06-25,34,Travelers Championship,2026-06-23 07:31:28 UTC,no,pga,-14400,0,VEN,13508,240,154.0,"vegas, jhonattan",27064,99,127,0.0,0.0,0.0,0.0,0.0,0.0,1984-08-19,7.5,41,2.89421244538146,-0.3686913874861723,-0.7986111111111112,0.8996296296296297,0.94,pga,2026-06-12,1681,-0.3686913874861723,-0.39,-0.18,0.1399999999999999,10,0,48.0,-2.0,6.708333333333334,0.1529053784422911,0.0125624217110479,0.0059040460104899,-0.0004365435115401,-0.0115410928765491,0.1464165471088425,0.3705710250420537,-0.1525685850718359,0.0225362516510983,-0.1431106643350871,0.0114238858376334,0.0440718013867762,,,-0.0511503809397549,-0.4175162019344103,0.020595774864249,-0.0511653749566041,-5.301028622570101,0.0526833505132495,-0.1181489103708853,-0.0784875,0.0412499999999999,0.0726300547600882,0.0037057102504205,-0.0,0.0,-0.3784179369239015,2026-06-25 11:15,2026-06-26 14:25
TPC River Highlands,1,2026-06-28,2026-06-25,34,Travelers Championship,2026-06-23 07:31:28 UTC,no,pga,-14400,0,USA,12577,38,41.0,"woodland, gary",31323,375,22,0.0,0.0,0.0,0.0,0.0,0.0,1984-05-21,3.5,42,2.871134505019218,0.8533693825633792,0.9513888888888888,1.4633114491137509,1.3612,pga,2026-06-15,1764,0.8533693825633792,-0.06,-0.0399999999999999,0.25,1,2,55.0,0.0,-2.2916666666666665,0.0984963250127222,-0.0238691134343116,0.024640564515791,-0.0825233973996474,0.0300600857629852,0.1501881855679051,-0.5861470440158931,0.4608120577569043,,0.1561678212476994,-0.0112809491682296,0.1794183956006257,0.3427139436380464,0.0553191887332513,,0.9965373762561474,-0.0313325356702723,-0.010850630141961,6.366793902081097,-0.0995286423825442,-0.1444299157399169,0.0297916666666666,0.0224,0.0517105706316791,-0.0029307352200794,0.0,-0.0,1.0975088783344138,2026-06-25 09:15,2026-06-26 12:30
TPC River Highlands,1,2026-06-28,2026-06-25,34,Travelers Championship,2026-06-23 07:31:28 UTC,no,pga,-14400,0,USA,26651,9,3.0,"young, cameron",57366,658,3,0.0,0.0,0.0,0.0,0.0,0.0,1997-05-07,5.5,29,2.6705837021767027,1.5444988936719,-0.1736111111111111,2.099826668570761,1.6934,pga,2026-06-15,841,1.5444988936719,-0.4299999999999999,-0.19,-0.1899999999999999,1,2,53.0,0.0,-2.2916666666666665,-0.2681696379182212,-0.0264650592722482,0.0499386505321882,-0.072695029359211,-0.0124367166671507,-0.2065114831517994,-0.2848906427563937,0.8572829307036172,,0.0553771910956193,-0.0041001567230694,0.1034678259845986,0.3451539970345518,0.173539440294365,,1.4794635079357144,-0.0625993978170793,-0.0243302991516951,30.7115545657359,0.1324690942473772,0.0356719765148059,0.0297916666666666,0.0352,-0.1407890599070661,-0.0014244532137819,0.0,0.0,1.402241661481533,2026-06-25 10:30,2026-06-26 13:45
