course_name,current_round,date_end,date_start,event_id,event_name,last_updated,multi_course,tour,tz_offset,am,country,dg_id,dg_rank,owgr_rank,player_name,player_num,pre_tourn_pageviews,tour_rank,r1_course,r2_course,r3_teetime,r3_course,r4_teetime,r4_course,Birthday,c_exp,player_age,std_dev,skill_est,ema_8_great_shots,max_skill,sma_50_max_skill,tour_history,Date,age_squared,adj_skill_est,delta_adj_skill_est,delta_sg_putt,delta_sg_ott,dsle,consecutive_weeks_played,sample,relative_consecutive_weeks,relative_dsle,course_history_raw,course_history_weighted_rounds,course_history_rounds,course_history_events,course_history_sg_ott_raw,course_history_sg_ott_weighted_rounds,course_history_sg_ott_rounds,course_history_sg_app_raw,course_history_sg_app_weighted_rounds,course_history_sg_app_rounds,course_history_sg_arg_raw,course_history_sg_arg_weighted_rounds,course_history_sg_arg_rounds,course_history_sg_putt_raw,course_history_sg_putt_weighted_rounds,course_history_sg_putt_rounds,course_history_sg_ott_adjustment,course_history_sg_app_adjustment,course_history_sg_arg_adjustment,course_history_sg_putt_adjustment,course_history_as_of,course_adjustment,putt_adj,app_adj,dd_adj,acc_adj,arg_adj,comp_adj_skill_est,comp_max_skill,comp_ema_sg_adj,comp_putt,comp_ott,comp_max_skill_50,comp_6m_sg,comp_sma20_sg,pred_step2,comp_sma50_sg,comp_sma6m_sg,prior_rounds,neutral_skill_est,skill_source,tour_low_data_prior,tour_low_data_prior_n,cold_start_skill,observed_low_data_mean,low_data_weight,majors_history_raw,links_adj,comp_age,comp_skill_v2_delta,skill_model_source,uses_neutral_skill,comp_relative_dsle,comp_c_exp,comp_c_adj,comp_c_hist,comp_major,comp_links,pred,r1_teetime,r2_teetime
TPC Southwind,1,2026-08-16,2026-08-13,27,FedEx St. Jude Championship,2026-08-10 17:40:44 UTC,no,pga,-18000,0,SWE,23950,11,16,"aberg, ludvig",52955,391,10,0.0,0.0,0.0,0.0,0.0,0.0,1999-10-31,1.5,26,2.707330121377281,1.4325728434706886,0.5416666666666665,1.998372722203306,1.7976,pga,2026-07-19,676,1.4325728434706886,-0.02,-0.1,-0.1899999999999999,21,0,59.0,-2.072463768115942,13.81159420289855,1.7972789431898906,5.507631530793509,8.0,1.0,2.3504310586759933,5.507631530793509,8.0,-2.5060340026756087,5.507631530793509,8.0,-0.2627125728827968,5.507631530793509,8.0,0.8147585300636525,5.507631530793509,8.0,0.0587607764668998,-0.0,-0.0,0.0,2026-08-13,-0.053054863068894,0.0019516025010795,0.0024315993115507,-0.0531737315274058,-0.0097738890441647,0.0055095556900462,0.7027803589479166,,0.1286078378564623,-0.0012699518070943,0.0971097720674392,0.2472756939457144,0.3623889220029084,,1.3673036857839158,-0.1442399933058359,-0.063753977942069,304,1.1485653376766376,pga_ridge_v2,-2.957802919353684,701,-2.957802919353684,1.0031340686842087,1.0,17.543227215738867,0.0194951404427576,0.0384050240184744,0.0,weekly_pga_core,False,-0.1259793090011095,0.0124287810314368,-0.0325283446472805,0.0089863947159494,0.0,0.0,1.230211207882912,2026-08-10 10:00,2026-08-10 10:00
TPC Southwind,1,2026-08-16,2026-08-13,27,FedEx St. Jude Championship,2026-08-10 17:40:44 UTC,no,pga,-18000,0,USA,26096,35,33,"bhatia, akshay",56630,410,14,0.0,0.0,0.0,0.0,0.0,0.0,2002-01-31,1.5,24,2.797985152480262,1.11069160480688,-0.3333333333333335,1.518922812023853,1.2156,pga,2026-07-31,576,1.11069160480688,0.0599999999999999,0.08,-0.3199999999999999,9,0,53.0,-2.072463768115942,1.8115942028985508,8.283158715029485,5.507631530793509,8.0,1.0,1.7209307093745263,5.507631530793509,8.0,2.1287305594562977,5.507631530793509,8.0,2.459204125842342,5.507631530793509,8.0,2.3621097357066,5.507631530793509,8.0,0.0430232677343631,0.0,0.0,0.0,2026-08-13,-0.029916876163572,0.0054875345787836,0.0016037660454874,0.0131401326308072,-0.0610067742351879,0.0108584648165375,0.5627955362800666,,0.0443173619657525,-0.0160672254434403,-0.0651889931170632,0.1672164739432635,0.2575243944060708,,0.8583653845806595,-0.0885886868406538,-0.0561967850274973,464,0.5384943176600676,pga_ridge_v2,-2.957802919353684,701,-2.957802919353684,0.8232446395338142,1.0,-7.080382543199211,0.0001018756085328,0.0525533084141607,0.0,weekly_pga_core,False,-0.0165240436780049,0.0124287810314368,-0.0183422668974757,0.0414157935751474,-0.0,0.0,0.8773436486117631,2026-08-10 10:00,2026-08-10 10:00
TPC Southwind,1,2026-08-16,2026-08-13,27,FedEx St. Jude Championship,2026-08-10 17:40:44 UTC,no,pga,-18000,0,USA,29197,43,35,"brennan, michael",61522,768,47,0.0,0.0,0.0,0.0,0.0,0.0,2002-06-01,-6.5,24,2.726732051431929,0.6828417124735334,2.0416666666666665,0.6828417124735334,0.4404,pga,2026-08-05,576,0.6828417124735334,0.2299999999999999,0.4599999999999999,-0.41,0,7,67.0,4.0,-7.188405797101449,0.0,0.0,0.0,0.0,0.0,0.0,0.0,0.0,0.0,0.0,0.0,0.0,0.0,0.0,0.0,0.0,0.0,0.0,0.0,0.0,2026-08-13,-0.1182573300130732,-0.0001303082901497,0.0015512479371597,-0.0730973997718977,-0.0313419019475044,-0.0152389679406808,0.367329241155758,,0.2443088892519019,-0.0166432546189464,0.0897704211474434,0.0597555415276025,0.0849292729086824,,0.7978484726186152,-0.0630554843838289,-0.0216690408407094,99,0.774638993339205,pga_ridge_v2,-2.957802919353684,701,-2.957802919353684,1.6462113595787826,1.0,-1.267776928192875,-0.015406314431285,0.0531228864707117,0.0,weekly_pga_core,False,0.0655674053143235,-0.0538580511362264,-0.0725044786702646,0.0,-0.0,-0.0,0.7370533481264477,2026-08-10 10:00,2026-08-10 10:00
TPC Southwind,1,2026-08-16,2026-08-13,27,FedEx St. Jude Championship,2026-08-10 17:40:44 UTC,no,pga,-18000,0,USA,29433,36,31,"bridgeman, jacob",60004,197,13,0.0,0.0,0.0,0.0,0.0,0.0,1999-12-06,-2.5,26,2.9415921075694,0.9617172845631144,0.7916666666666665,1.377564016697289,1.0228,pga,2026-08-02,676,0.9617172845631144,0.18,0.0399999999999999,-0.15,7,2,67.0,-0.0724637681159419,-0.1884057971014492,4.122108019465677,3.08692817650937,4.0,1.0,1.0510028136731482,3.08692817650937,4.0,-0.60635212777047,3.08692817650937,4.0,1.9775891359601627,3.08692817650937,4.0,2.148710391184274,3.08692817650937,4.0,0.0262750703418287,-0.0,0.0,0.0,2026-08-13,0.0365729767282447,0.0033041034243386,0.0011843075185707,0.0203139385923737,0.0150833804605692,-0.0033127532676075,0.4688497592586568,,0.1123168043154704,-0.0160071555267465,0.0327949742244428,0.1406951378324859,0.2258442923538092,,0.905922904033948,-0.0514226666505918,-0.0469673443854607,385,0.4903838662356963,pga_ridge_v2,-2.957802919353684,701,-2.957802919353684,1.0295411651754072,1.0,-7.6199990720872,-0.0735748293680846,0.0398191026118816,0.0,weekly_pga_core,False,0.0017185005425125,-0.0207146350523947,0.0224231733526197,0.0206105400973283,-0.0,-0.0,0.929960482974014,2026-08-10 10:00,2026-08-10 10:00
TPC Southwind,1,2026-08-16,2026-08-13,27,FedEx St. Jude Championship,2026-08-10 17:40:44 UTC,no,pga,-18000,0,USA,19483,5,11,"burns, sam",47504,602,8,0.0,0.0,0.0,0.0,0.0,0.0,1996-07-23,13.5,30,2.957917044939661,1.8153489159084533,0.7916666666666665,1.9233001872448348,1.5416,pga,2026-07-19,900,1.8153489159084533,0.1100000000000001,-0.04,0.1699999999999999,21,0,57.0,-2.072463768115942,13.81159420289855,10.021468319221714,10.091181803499206,20.0,2.0,-4.539695923367449,10.091181803499206,20.0,6.255863096660023,10.091181803499206,20.0,0.3940632260348115,10.091181803499206,20.0,6.3943256165246165,10.091181803499206,20.0,-0.1,0.0,0.0,0.0,2026-08-13,-0.0040591765648473,0.0062857966801789,0.002294512627518,-0.0197259461593253,0.0016957381401789,0.0053907221466019,0.8886001027191734,,0.2418571502474011,-0.0210513915876733,0.101191152383247,0.2120606418484164,0.3276046450218264,,1.5585194799479616,-0.1387184489091202,-0.0653260492460977,714,1.4481412557688709,pga_ridge_v2,-2.957802919353684,701,-2.957802919353684,2.7843514685933464,1.0,0.7229925711984357,-0.2416901356381649,0.0123016774707884,0.0,weekly_pga_core,False,-0.1259793090011095,0.1118590292829318,-0.0024887123752267,0.0501073415961085,0.0,-0.0,1.5920178294506655,2026-08-10 10:00,2026-08-10 10:00
TPC Southwind,1,2026-08-16,2026-08-13,27,FedEx St. Jude Championship,2026-08-10 17:40:44 UTC,no,pga,-18000,0,USA,15466,12,41,"cantlay, patrick",35450,368,42,0.0,0.0,0.0,0.0,0.0,0.0,1992-03-17,21.5,34,2.7523655954951045,1.4937605586201674,0.6666666666666665,2.364595157537445,2.1552,pga,2026-08-02,1156,1.4937605586201674,0.25,0.0799999999999999,0.0499999999999999,7,2,55.0,-0.0724637681159419,-0.1884057971014492,4.472849733731769,11.04144410433386,24.0,2.0,1.4628999967770189,11.04144410433386,24.0,1.6269809918485447,11.04144410433386,24.0,-1.399672601496092,11.04144410433386,24.0,0.1700835350375393,11.04144410433386,24.0,0.0365724999194254,0.0,-0.0,0.0,2026-08-13,0.0259079880649981,0.0018229727265649,0.0024091597921106,-0.0094067447666618,0.0171180826762861,0.0139645176366982,0.7261352983036911,,0.1377049378855017,-0.0106124362859795,0.0513145026777852,0.2964667198441275,0.338806711643185,,1.3381569619255262,-0.1081059922456472,-0.0592723468632129,662,1.053765168896318,pga_ridge_v2,-2.957802919353684,701,-2.957802919353684,1.5622182621866183,1.0,-29.022241364921573,-0.121817875754563,-0.0342804330339246,0.0,weekly_pga_core,False,0.0017185005425125,0.178145861450595,0.0158843867677417,0.0223642486686588,-0.0,-0.0,1.5562699593550342,2026-08-10 10:00,2026-08-10 10:00
TPC Southwind,1,2026-08-16,2026-08-13,27,FedEx St. Jude Championship,2026-08-10 17:40:44 UTC,no,pga,-18000,0,USA,27819,92,96,"castillo, ricky",59440,84,68,0.0,0.0,0.0,0.0,0.0,0.0,2001-02-01,-6.5,25,2.3,0.424964086030869,-0.4583333333333335,0.7628211499358276,0.412,pga,2026-08-05,625,0.424964086030869,0.24,0.1,0.08,0,4,59.0,1.927536231884058,-7.188405797101449,0.0,0.0,0.0,0.0,0.0,0.0,0.0,0.0,0.0,0.0,0.0,0.0,0.0,0.0,0.0,0.0,0.0,0.0,0.0,0.0,2026-08-13,-0.0128359632704725,0.0011792044065724,-0.0007012411523846,-0.0141306196147734,-0.0074257013272992,0.0082423944174123,0.2081589266810336,-0.0152372697173758,0.0929247751874853,-0.0076746239118106,0.0305797082071065,,,0.0920020616834793,0.4240247658958411,-7.034010928034976e-05,0.0081498552969148,286,0.104628847226391,pga_ridge_v2,-2.957802919353684,701,-2.957802919353684,0.6362957069355921,1.0,-2.296779939854895,0.0,0.0151916725782882,0.0,weekly_pga_core,False,0.0814025096125031,-0.0233284203830225,-0.0043880846252165,0.0,-0.0,0.0,0.4777107705001051,2026-08-10 10:00,2026-08-10 10:00
TPC Southwind,1,2026-08-16,2026-08-13,27,FedEx St. Jude Championship,2026-08-10 17:40:44 UTC,no,pga,-18000,0,USA,14502,55,43,"cauley, bud",34021,148,34,0.0,0.0,0.0,0.0,0.0,0.0,1990-03-16,-2.5,36,2.747394250950218,0.6425408357006105,0.1666666666666665,1.0758878541896344,0.7264,pga,2026-08-05,1296,0.6425408357006105,0.09,0.33,-0.21,0,2,65.0,-0.0724637681159419,-7.188405797101449,4.503667994486858,3.08692817650937,4.0,1.0,-0.5740316532561802,3.08692817650937,4.0,4.325796892874807,3.08692817650937,4.0,-0.2775362228888414,3.08692817650937,4.0,2.8741087139190733,3.08692817650937,4.0,-0.0143507913314045,0.0,-0.0,0.0,2026-08-13,0.0398879399919155,0.0002796902231432,0.0012832927623411,0.0047254512071755,0.016335943516491,0.0172635622827645,0.351411027082621,,0.0207143666895801,0.001311716017262,0.0385653468387996,0.1008581101474175,0.1464837303731829,,0.5095985469616475,-0.0623042311239983,-0.0278955299619273,474,0.3913185774149911,pga_ridge_v2,-2.957802919353684,701,-2.957802919353684,0.6857295435036639,1.0,-3.952783717614651,-0.1444912060072103,-0.05954598910129,0.0,weekly_pga_core,False,0.0655674053143235,-0.0207146350523947,0.0244556028283821,0.0225183399724342,-0.0,-0.0,0.6014252600243927,2026-08-10 10:00,2026-08-10 10:00
TPC Southwind,1,2026-08-16,2026-08-13,27,FedEx St. Jude Championship,2026-08-10 17:40:44 UTC,no,pga,-18000,0,USA,23604,16,8,"clark, wyndham",51766,215,4,0.0,0.0,0.0,0.0,0.0,0.0,1993-12-09,9.5,32,3.017534535070392,1.4112817999011502,-0.0833333333333334,1.6417916359104603,1.2941999999999998,pga,2026-07-31,1024,1.4112817999011502,-0.82,-0.4,-0.06,9,0,55.0,-2.072463768115942,1.8115942028985508,-3.263088370924546,8.901311936381132,16.0,1.0,-0.3416773563029662,8.901311936381132,16.0,-8.308944296392484,8.901311936381132,16.0,-0.0768430209059907,8.901311936381132,16.0,1.2996655479932675,8.901311936381132,16.0,-0.0085419339075741,-0.0,-0.0,0.0,2026-08-13,-0.0954273586048752,0.0064509877867869,0.0015408449501165,-0.0363737671074617,-0.0927986186653535,0.0257531944310365,0.7453537058877455,,0.0048256950621479,-0.0289698432190183,0.0323141620769663,0.178028595407512,0.225777310545288,,0.9726568550176388,-0.1194149065837607,-0.0515298388356095,731,0.7662821174533339,pga_ridge_v2,-2.957802919353684,701,-2.957802919353684,1.7285767016550284,1.0,-11.178425875788909,0.110772208396253,-0.0137280253236323,0.0,weekly_pga_core,False,-0.0165240436780049,0.0787156131991001,-0.0585072475910118,-0.0163154418546227,-0.0,0.0,0.9600257350930994,2026-08-10 10:00,2026-08-10 10:00
TPC Southwind,1,2026-08-16,2026-08-13,27,FedEx St. Jude Championship,2026-08-10 17:40:44 UTC,no,pga,-18000,0,USA,21756,62,75,"cole, eric",47591,124,45,0.0,0.0,0.0,0.0,0.0,0.0,1988-06-12,1.5,38,3.2,0.3753411915114492,0.4166666666666665,1.316784432183591,1.0412,pga,2026-08-05,1444,0.3753411915114492,-0.08,0.1099999999999999,-0.18,0,3,61.0,0.927536231884058,-7.188405797101449,2.75627965666014,4.314857686992291,8.0,1.0,0.2811580168752752,4.314857686992291,8.0,0.2574653114129303,4.314857686992291,8.0,3.3614657104789414,4.314857686992291,8.0,-3.238856053236696,4.314857686992291,8.0,0.0070289504218818,0.0,0.0,-0.0,2026-08-13,-0.0031667727709838,0.0044389546094962,0.0005192111415128,0.0027224890488168,-0.025607720411846,0.0147602928410363,0.2697721267756361,,0.019897263676255,-0.0044443595786558,-0.04057303434672,0.1432262197019792,0.1201713064217015,,0.3297342361526621,-0.0629331537264862,-0.0309105504587922,609,0.1507128108918864,pga_ridge_v2,-2.957802919353684,701,-2.957802919353684,-0.1611831936741721,1.0,4.867313512960179,-0.0600950511063856,-0.0844715823122553,0.0,weekly_pga_core,False,0.0814025096125031,0.0053834816268513,-0.0010825885533557,0.0275627965666014,0.0,-0.0,0.4430004354052623,2026-08-10 10:00,2026-08-10 10:00
TPC Southwind,1,2026-08-16,2026-08-13,27,FedEx St. Jude Championship,2026-08-10 17:40:44 UTC,no,pga,-18000,0,CAN,17576,50,52,"conners, corey",39997,209,59,0.0,0.0,0.0,0.0,0.0,0.0,1992-01-06,25.5,34,2.4350602945729527,0.8335370249788148,0.1666666666666665,1.699115716146108,1.4974,pga,2026-08-02,1156,0.8335370249788148,0.01,0.23,0.35,7,5,71.0,2.927536231884058,-0.1884057971014492,-8.858031112816466,11.04144410433386,24.0,2.0,-3.369191148800104,11.04144410433386,24.0,-0.5665231216567728,11.04144410433386,24.0,-3.729465229769106,11.04144410433386,24.0,0.0197518799178872,11.04144410433386,24.0,-0.0842297787200025,-0.0,-0.0,0.0,2026-08-13,0.0704863081383822,-7.725314240525207e-05,0.0022110554888526,0.0164453355059324,0.0501137507371119,0.0017934195488903,0.4078754481557418,,0.1108280699908616,-0.00976952039147,0.061328241018935,0.2059805430097423,0.1755541584535413,,0.8541540135934262,-0.039189681689411,-0.0217613401428188,826,0.4316109687377732,pga_ridge_v2,-2.957802919353684,701,-2.957802919353684,1.3375527234213913,1.0,11.628638569997834,0.0200933406835366,-0.0366919048116961,0.0,weekly_pga_core,False,0.0017185005425125,0.2112892775344267,0.0432156977026292,-0.0442901555640823,0.0,0.0,1.0660873338089123,2026-08-10 10:00,2026-08-10 10:00
TPC Southwind,1,2026-08-16,2026-08-13,27,FedEx St. Jude Championship,2026-08-10 17:40:44 UTC,no,pga,-18000,0,USA,28309,141,64,"coody, pierceson",59836,73,56,0.0,0.0,0.0,0.0,0.0,0.0,2000-01-07,-6.5,26,3.068100838113135,0.3158278366650112,-0.0833333333333334,1.34,1.34,pga,2026-08-05,676,0.3158278366650112,-0.52,-0.16,-0.47,3,6,61.0,3.927536231884058,-4.188405797101449,0.0,0.0,0.0,0.0,0.0,0.0,0.0,0.0,0.0,0.0,0.0,0.0,0.0,0.0,0.0,0.0,0.0,0.0,0.0,0.0,2026-08-13,-0.1224215235807935,0.0026541559538584,-0.0002133060404631,-0.0331987234196137,-0.0811496208935039,-0.0105140291810711,0.1758729969363828,-0.0267663546337189,-0.3705772384525166,0.0093200776212865,-0.0063367280225243,,,0.1364926109154902,-0.071018487474913,4.7934505883005536e-05,0.0024799664237083,387,-0.5695055264525568,pga_ridge_v2,-2.957802919353684,701,-2.957802919353684,-0.5503376678608174,1.0,4.79729044487277,-0.0428703635258546,0.0084482472310958,0.0,weekly_pga_core,False,0.0474300912863173,-0.0233284203830225,-0.0418508524916251,0.0,0.0,-0.0,-0.0887676690632433,2026-08-10 10:00,2026-08-10 10:00
TPC Southwind,1,2026-08-16,2026-08-13,27,FedEx St. Jude Championship,2026-08-10 17:40:44 UTC,no,pga,-18000,0,COL,22833,90,56,"echavarria, nicolas",51349,145,41,0.0,0.0,0.0,0.0,0.0,0.0,1994-08-04,-2.5,32,3.003722951007619,0.2343982947921935,-0.9583333333333336,0.6742169886850486,0.4256,pga,2026-08-05,1024,0.2343982947921935,-0.3399999999999999,-0.51,0.15,0,3,67.0,0.927536231884058,-7.188405797101449,0.4948373267885535,3.08692817650937,4.0,1.0,-3.050923632118068,3.08692817650937,4.0,-3.296483534759856,3.08692817650937,4.0,3.852507857871385,3.08692817650937,4.0,2.5090737158434977,3.08692817650937,4.0,-0.0762730908029516,-0.0,0.0,0.0,2026-08-13,0.0155780174429532,0.0018904306431407,0.0002418474778454,0.0252356098269366,-0.0116870366133623,-0.0001028338916071,0.1375647388799949,-0.0134674112083747,0.1795796555505699,-0.0108605057752727,0.000493161752185,,,0.0898049975238738,0.3559694155251836,2.863748683220235e-06,0.0063832244217551,610,-0.0469235103998635,pga_ridge_v2,-2.957802919353684,701,-2.957802919353684,0.6976509904556101,1.0,-14.382149178105196,0.0351945763496591,-0.0335313093682311,0.0,weekly_pga_core,False,0.0814025096125031,-0.0089724693780855,0.0053254794667437,0.0049483732678855,-0.0,0.0,0.4386733084942304,2026-08-10 10:00,2026-08-10 10:00
TPC Southwind,1,2026-08-16,2026-08-13,27,FedEx St. Jude Championship,2026-08-10 17:40:44 UTC,no,pga,-18000,0,USA,14577,53,38,"english, harris",34099,101,51,0.0,0.0,0.0,0.0,0.0,0.0,1989-07-23,15.5,37,2.4391583724051458,0.8584247313297912,-1.4583333333333337,1.7791348382900487,1.4628,pga,2026-08-05,1369,0.8584247313297912,-0.42,-0.4,0.11,2,2,59.0,-0.0724637681159419,-5.188405797101449,-4.8975751737226805,8.591655730619733,16.0,2.0,-0.7895599587660134,8.591655730619733,16.0,0.113018480621537,8.591655730619733,16.0,-3.2081161049507654,8.591655730619733,16.0,-3.837709063974918,8.591655730619733,16.0,-0.0197389989691503,0.0,-0.0,-0.0,2026-08-13,0.0180679824059953,0.0042279644588103,-0.0003981766381951,0.005015918111008,-0.0008889718982101,0.0101112483725821,0.4258385163353566,,-0.0599976921737099,-0.0043900060232635,0.0505377685463408,0.2012210086247169,0.2641189941649367,,0.7208882774509416,-0.0535100064704517,-0.0339371817260495,769,0.1898714620044115,pga_ridge_v2,-2.957802919353684,701,-2.957802919353684,0.3073093942832978,1.0,33.78886294208513,0.084872123079505,-0.0689931238269345,0.0,weekly_pga_core,False,0.0473248610938061,0.1284307373248476,0.0110776189926272,-0.0244878758686134,0.0,0.0,0.8832336189936091,2026-08-10 10:00,2026-08-10 10:00
TPC Southwind,1,2026-08-16,2026-08-13,27,FedEx St. Jude Championship,2026-08-10 17:40:44 UTC,no,pga,-18000,0,ENG,25362,49,68,"fitzpatrick, alex",55721,233,19,0.0,0.0,0.0,0.0,0.0,0.0,1999-01-02,-6.5,27,2.747526491001649,0.7502422329029029,-0.9583333333333336,0.9310413835723418,0.6823999999999999,pga,2026-08-05,729,0.7502422329029029,-0.2099999999999999,-0.47,0.0399999999999999,0,2,55.0,-0.0724637681159419,-7.188405797101449,0.0,0.0,0.0,0.0,0.0,0.0,0.0,0.0,0.0,0.0,0.0,0.0,0.0,0.0,0.0,0.0,0.0,0.0,0.0,0.0,2026-08-13,0.0056929252898138,-0.0007358259076653,0.0032181196320213,-0.0078126660612243,0.0070414309435975,0.0039818666830846,0.3599390639345138,,-0.013600537549442,0.0177727503811806,0.1044183548761089,0.0906787591505423,0.1380940618686859,,0.5827634759522564,-0.0992522138505882,-0.0477797306614449,343,0.745070816947548,pga_ridge_v2,-2.957802919353684,701,-2.957802919353684,0.7357295435036637,1.0,3.3086267576550457,0.0474574919810125,0.0324929678026999,0.0,weekly_pga_core,False,0.0655674053143235,-0.0538580511362264,0.0034903762853523,0.0,0.0,0.0,0.5979632064157059,2026-08-10 10:00,2026-08-10 10:00
TPC Southwind,1,2026-08-16,2026-08-13,27,FedEx St. Jude Championship,2026-08-10 17:40:44 UTC,no,pga,-18000,0,ENG,17646,4,4,"fitzpatrick, matt",40098,368,2,0.0,0.0,0.0,0.0,0.0,0.0,1994-09-01,21.5,31,2.305573770560068,1.9167531480082776,0.2916666666666665,1.971834930838672,1.7452,pga,2026-07-17,961,1.9167531480082776,-0.1299999999999999,0.32,0.15,23,0,59.0,-2.072463768115942,15.81159420289855,-6.302745743487876,11.04144410433386,24.0,2.0,-6.562036343961282,11.04144410433386,24.0,-2.9240769321670337,11.04144410433386,24.0,1.0673843948780837,11.04144410433386,24.0,1.7443135906066976,11.04144410433386,24.0,-0.1,-0.0,0.0,0.0,2026-08-13,0.135744370787923,0.0010544059582825,0.0032320490056707,0.0249964013701226,0.0745800354086679,0.0318814790451791,0.9554192809791529,,0.1411428367959088,-0.0102165214063388,0.0274161435863327,0.2392972837049203,0.3894925871197184,,1.5174088724834762,-0.1460081063705738,-0.0738760812392323,830,1.316798707419903,pga_ridge_v2,-2.957802919353684,701,-2.957802919353684,2.038557262902102,1.0,24.127039530220657,0.2202268283170292,-0.0052585506864117,0.0,weekly_pga_core,False,-0.144221853221627,0.178145861450595,0.0832259178802145,-0.0315137287174393,0.0,0.0,1.6030450698752194,2026-08-10 10:00,2026-08-10 10:00
TPC Southwind,1,2026-08-16,2026-08-13,27,FedEx St. Jude Championship,2026-08-10 17:40:44 UTC,no,pga,-18000,0,ENG,12294,3,6,"fleetwood, tommy",30911,438,9,0.0,0.0,0.0,0.0,0.0,0.0,1991-01-19,17.5,35,2.504927311798473,1.947840393072632,-0.8333333333333335,2.2316856774078584,2.0224,pga,2026-07-19,1225,1.947840393072632,0.1300000000000001,0.0899999999999999,-0.11,21,0,63.0,-2.072463768115942,13.81159420289855,6.592346045132712,9.541918031454388,20.0,2.0,1.9562324684295391,9.541918031454388,20.0,6.6839484344478,9.541918031454388,20.0,-2.613410107703245,9.541918031454388,20.0,-0.8924230110710889,9.541918031454388,20.0,0.0489058117107384,0.0,-0.0,-0.0,2026-08-13,0.1504709793980246,0.0036750997694209,0.0020669618456802,0.0119682870696559,0.1133610175595534,0.019399613153714,0.9521221252060972,,0.2251799242192239,-0.015717996386579,0.1025401173412365,0.2781989115686543,0.4200332625694504,,1.7044638171563828,-0.1426211834421236,-0.0674113355782555,889,1.454274911951145,pga_ridge_v2,-2.957802919353684,701,-2.957802919353684,2.1546855695583487,1.0,19.8160108743948,0.3412086492830441,-0.0478600083413217,0.0,weekly_pga_core,False,-0.1259793090011095,0.1450024453667634,0.0922549148966227,0.0329617302256635,0.0,0.0,1.848703598644323,2026-08-10 10:00,2026-08-10 10:00
TPC Southwind,1,2026-08-16,2026-08-13,27,FedEx St. Jude Championship,2026-08-10 17:40:44 UTC,no,pga,-18000,0,USA,12965,32,44,"fowler, rickie",32102,341,28,0.0,0.0,0.0,0.0,0.0,0.0,1988-12-13,11.5,37,3.005906382794204,1.072117123602225,0.1666666666666665,1.885517506498701,1.7629411764705882,pga,2026-08-02,1369,1.072117123602225,0.28,0.35,0.0199999999999999,7,2,59.0,-0.0724637681159419,-0.1884057971014492,1.1933768411359655,7.430870882931649,16.0,2.0,0.939716027243849,7.430870882931649,16.0,3.409035795727287,7.430870882931649,16.0,-1.545258281073894,7.430870882931649,16.0,-0.8045624767244526,7.430870882931649,16.0,0.0234929006810962,0.0,-0.0,-0.0,2026-08-13,0.0549400034005891,0.0018548646560785,0.000891176197505,0.0110082926789523,0.0409381524019359,0.0002475174661171,0.5134072478829638,,0.1348616249057241,-0.007397437603933,0.0752633390421675,0.2682396546473871,0.2542042402264524,,1.0582519299185205,-0.0656422350318544,-0.0387516205663839,727,0.6121170162074556,pga_ridge_v2,-2.957802919353684,701,-2.957802919353684,0.6589223409925846,1.0,25.056685660969425,0.0333832957691549,-0.0759328835840035,0.0,weekly_pga_core,False,0.0017185005425125,0.0952873212410159,0.0336841386852038,0.0059668842056798,0.0,0.0,1.1949087745929323,2026-08-10 10:00,2026-08-10 10:00
TPC Southwind,1,2026-08-16,2026-08-13,27,FedEx St. Jude Championship,2026-08-10 17:40:44 UTC,no,pga,-18000,0,NZL,11889,41,22,"fox, ryan",29936,128,22,0.0,0.0,0.0,0.0,0.0,0.0,1987-01-22,-2.5,39,2.5517384551122158,0.7316570945623543,1.9166666666666663,0.9183794940067564,0.7406,pga,2026-07-19,1521,0.7316570945623543,0.6800000000000002,0.24,0.47,21,0,57.0,-2.072463768115942,13.81159420289855,-1.0224180436829666,3.08692817650937,4.0,1.0,-1.9146331484754675,3.08692817650937,4.0,-1.5460245093705127,3.08692817650937,4.0,0.5985295405081974,3.08692817650937,4.0,1.1849085868461402,3.08692817650937,4.0,-0.0478658287118866,-0.0,0.0,0.0,2026-08-13,-0.0479470779085658,0.0019296399717101,0.0013249440251207,-0.0280059219911575,-0.0221661173382318,-0.0010296225760072,0.3220617590273915,,0.1938658778001815,-0.0199266461521131,0.0226195698420542,0.1018760452471051,0.1340638404432861,,0.5584045856640643,-0.0584966077492641,-0.0338975536334875,778,0.403584141145849,pga_ridge_v2,-2.957802919353684,701,-2.957802919353684,1.3046855695583492,1.0,24.927630925558944,0.1194002054695345,-0.1037616991610894,0.0,weekly_pga_core,False,-0.1259793090011095,-0.0207146350523947,-0.0293967222762328,-0.0051120902184148,0.0,0.0,0.3772018291159122,2026-08-10 10:00,2026-08-10 10:00
TPC Southwind,1,2026-08-16,2026-08-13,27,FedEx St. Jude Championship,2026-08-10 17:40:44 UTC,no,pga,-18000,0,USA,29767,22,25,"gerard, ryan",59018,206,16,0.0,0.0,0.0,0.0,0.0,0.0,1999-08-02,-2.5,27,2.69806996614782,1.262439503165232,-1.0833333333333337,1.262439503165232,0.9846,pga,2026-08-05,729,1.262439503165232,0.04,-0.0899999999999999,-0.1999999999999999,2,2,69.0,-0.0724637681159419,-5.188405797101449,-1.161502779566194,3.08692817650937,4.0,1.0,-3.46681519339416,3.08692817650937,4.0,1.1193606601535937,3.08692817650937,4.0,2.0646460331097014,3.08692817650937,4.0,2.98513897109848,3.08692817650937,4.0,-0.086670379834854,0.0,0.0,0.0,2026-08-13,0.0439134923507368,0.005450561578748,0.0014120376135775,-0.0113124538351197,0.0467367850711985,0.0016265619223324,0.6111044066647086,,0.1003984839225965,-0.013615177638355,0.1269993077395668,0.1342023626020466,0.2243460033513418,,1.102136895971229,-0.0786208242298365,-0.0396430376816922,376,0.755335272088135,pga_ridge_v2,-2.957802919353684,701,-2.957802919353684,1.2740523631516212,1.0,11.31325835144147,-0.0262871278893222,0.0369653712408523,0.0,weekly_pga_core,False,0.0473248610938061,-0.0207146350523947,0.0269236999442558,-0.0058075138978309,0.0,-0.0,1.1498633080590652,2026-08-10 10:00,2026-08-10 10:00
TPC Southwind,1,2026-08-16,2026-08-13,27,FedEx St. Jude Championship,2026-08-10 17:40:44 UTC,no,pga,-18000,0,USA,27774,14,7,"gotterup, chris",59095,201,5,0.0,0.0,0.0,0.0,0.0,0.0,1999-07-20,-2.5,27,2.702385243922761,1.4617890216837826,0.2916666666666665,1.5149761912246469,1.2616,pga,2026-07-31,729,1.4617890216837826,-0.47,-0.41,0.1099999999999999,9,0,65.0,-2.072463768115942,1.8115942028985508,-5.051534086479375,3.08692817650937,4.0,1.0,-1.2110841643283587,3.08692817650937,4.0,-2.911386559470065,3.08692817650937,4.0,-1.046390474553381,3.08692817650937,4.0,-2.875394087452995,3.08692817650937,4.0,-0.0302771041082089,-0.0,-0.0,-0.0,2026-08-13,-0.1147592249009083,0.0043221639129341,0.0014554051108621,-0.0811769037594775,-0.0358090200455397,-0.0035508701196873,0.7456534482890247,,0.077324126060943,-0.008016991581634,0.1935810621802359,0.1726087787956622,0.2846803704072262,,1.3342330096542645,-0.1121896189617797,-0.0563735367762661,392,1.0131543528590314,pga_ridge_v2,-2.957802919353684,701,-2.957802919353684,1.5621269943512588,1.0,18.75459381085289,0.2125438817639068,0.0369653712408523,0.0,weekly_pga_core,False,-0.0165240436780049,-0.0207146350523947,-0.0703597635184574,-0.0252576704323968,0.0,0.0,1.2013768969730103,2026-08-10 10:00,2026-08-10 10:00
TPC Southwind,1,2026-08-16,2026-08-13,27,FedEx St. Jude Championship,2026-08-10 17:40:44 UTC,no,pga,-18000,0,USA,24968,26,20,"griffin, ben",54591,188,36,0.0,0.0,0.0,0.0,0.0,0.0,1996-05-06,5.5,30,2.3341095028673724,1.2050932064010556,-1.3333333333333337,1.7073589634844062,1.5082,pga,2026-08-05,900,1.2050932064010556,-0.3899999999999999,-0.31,-0.14,2,2,65.0,-0.0724637681159419,-5.188405797101449,3.2267735407263745,7.401785863501662,12.0,1.0,0.1942669572732207,7.401785863501662,12.0,-2.903206570675952,7.401785863501662,12.0,2.275539889802526,7.401785863501662,12.0,2.068878789086702,7.401785863501662,12.0,0.0048566739318305,-0.0,0.0,0.0,2026-08-13,-0.0192132815616631,0.0037240311087694,0.0011095493099812,-0.0053629449862899,-0.037257271705491,0.0185733547113672,0.6080763379576282,,0.027065174340723,-0.0055123521202477,-0.0002702519389515,0.2074661780200971,0.2834647884597044,,1.0111300092584803,-0.0834141913278397,-0.0361985118783686,521,0.6864146529097463,pga_ridge_v2,-2.957802919353684,701,-2.957802919353684,1.1764123321391828,1.0,5.341501823937157,-0.0376765881339031,0.0104528377457351,0.0,weekly_pga_core,False,0.0473248610938061,0.0455721971152685,-0.0117798107146456,0.0161338677036318,0.0,-0.0,1.1083811244565411,2026-08-10 10:00,2026-08-10 10:00
TPC Southwind,1,2026-08-16,2026-08-13,27,FedEx St. Jude Championship,2026-08-10 17:40:44 UTC,no,pga,-18000,0,ENG,27194,68,77,"hall, harry",57975,186,58,0.0,0.0,0.0,0.0,0.0,0.0,1997-08-06,-2.5,29,2.495711447779832,0.3181270812916542,0.5416666666666665,1.3672105236138752,1.182,pga,2026-08-05,841,0.3181270812916542,-0.13,-0.36,-0.1699999999999999,0,3,59.0,0.927536231884058,-7.188405797101449,0.8477843540335527,3.08692817650937,4.0,1.0,-0.9547569930307538,3.08692817650937,4.0,-0.7935757514924606,3.08692817650937,4.0,0.8193042304449658,3.08692817650937,4.0,-0.1562354497516792,3.08692817650937,4.0,-0.0238689248257688,-0.0,0.0,-0.0,2026-08-13,-0.03379014093316,0.0027192127402391,-0.0002587458322401,0.0058615020479892,-0.0581036526703979,0.0159915427812496,0.1962836808139791,-0.0273098818910459,0.1768432742294279,-0.0213044224008415,-0.06328085998814,,,0.1417106382945532,0.4031310164438701,-0.0001633583809556,0.0087406703171136,564,0.092638551756658,pga_ridge_v2,-2.957802919353684,701,-2.957802919353684,0.0960518514175212,1.0,-15.023908227015838,0.0408117945466205,-0.0083887245502205,0.0,weekly_pga_core,False,0.0814025096125031,-0.0089724693780855,-0.0115514507784378,0.0084778435403355,-0.0,0.0,0.4724874494401854,2026-08-10 10:00,2026-08-10 10:00
TPC Southwind,1,2026-08-16,2026-08-13,27,FedEx St. Jude Championship,2026-08-10 17:40:44 UTC,no,pga,-18000,0,USA,8825,61,61,"harman, brian",27644,150,65,0.0,0.0,0.0,0.0,0.0,0.0,1987-01-19,13.5,39,2.953081433368208,0.6097773474568825,-0.4583333333333335,1.501499342845096,1.2392,pga,2026-08-05,1521,0.6097773474568825,-0.0399999999999999,-0.1499999999999999,0.1999999999999999,2,1,67.0,-1.072463768115942,-5.188405797101449,0.6079672549714847,10.091181803499206,20.0,2.0,0.760389223480124,10.091181803499206,20.0,0.760987666629537,10.091181803499206,20.0,0.5164421517227241,10.091181803499206,20.0,-3.065787105867221,10.091181803499206,20.0,0.0190097305870031,0.0,0.0,-0.0,2026-08-13,0.083604347664732,0.0023523482792625,0.0014725287513948,0.0285436935360942,0.0458880393994538,0.0053477376985266,0.2999393898854496,,0.0658989374195434,-0.0105931571998727,-0.0462374067326018,0.1704628615584831,0.1116783791308333,,0.4074986553925541,-0.0552105900865911,-0.0231494494570068,859,0.2614940716190105,pga_ridge_v2,-2.957802919353684,701,-2.957802919353684,0.885533846664669,1.0,3.548298369801349,0.2990509711080629,-0.1052903091256827,0.0,weekly_pga_core,False,0.0473248610938061,0.1118590292829318,0.0512584686406232,0.0030398362748574,0.0,0.0,0.6209808506847726,2026-08-10 10:00,2026-08-10 10:00
TPC Southwind,1,2026-08-16,2026-08-13,27,FedEx St. Jude Championship,2026-08-10 17:40:44 UTC,no,pga,-18000,0,USA,14578,9,5,"henley, russell",34098,374,15,0.0,0.0,0.0,0.0,0.0,0.0,1989-04-12,9.5,37,2.312722998161585,1.6333698556517833,-0.0833333333333334,1.9657005770381324,1.7797999999999998,pga,2026-08-02,1369,1.6333698556517833,0.28,0.56,-0.18,7,2,55.0,-0.0724637681159419,-0.1884057971014492,-1.1169969018130987,8.151074635257004,14.0,1.0,1.0054979392356638,8.151074635257004,14.0,-2.4313333517187865,8.151074635257004,14.0,-2.290238144466988,8.151074635257004,14.0,-0.9813694659163454,8.151074635257004,14.0,0.0251374484808915,-0.0,-0.0,-0.0,2026-08-13,0.1839696012280293,0.0036711352380409,0.0023272150614496,0.0480753458934572,0.1290009999377103,0.0008949050973711,0.7987881702957264,,0.1502455424392861,-0.0288222294498303,0.0668403625739325,0.2448271473545741,0.3805809128518379,,1.366924593650953,-0.1132781000236286,-0.0605073652993436,719,1.073896048684024,pga_ridge_v2,-2.957802919353684,701,-2.957802919353684,1.3947370863694402,1.0,11.55545756417459,0.0831492001205949,-0.0717498470916012,0.0,weekly_pga_core,False,0.0017185005425125,0.0787156131991001,0.1127931776130931,-0.0055849845090654,0.0,0.0,1.5545669004965934,2026-08-10 10:00,2026-08-10 10:00
TPC Southwind,1,2026-08-16,2026-08-13,27,FedEx St. Jude Championship,2026-08-10 17:40:44 UTC,no,pga,-18000,0,JPN,22760,91,66,"hisatsune, ryo",51287,107,43,0.0,0.0,0.0,0.0,0.0,0.0,2002-09-09,-6.5,23,2.8030269812894657,0.4687666604248675,-0.7083333333333335,0.7522235034660665,0.62,pga,2026-08-05,529,0.4687666604248675,-0.22,-0.3,0.12,2,2,75.0,-0.0724637681159419,-5.188405797101449,0.0,0.0,0.0,0.0,0.0,0.0,0.0,0.0,0.0,0.0,0.0,0.0,0.0,0.0,0.0,0.0,0.0,0.0,0.0,0.0,2026-08-13,0.006934879507799,-0.0011510561757656,0.0012566913776835,-0.0137895181084831,0.0274005636049993,-0.006781801190635,0.206795853805269,-0.0150255828787994,-0.0319432982278819,0.0156608179180553,0.031557915379733,,,0.103124698991482,0.3447630235296263,-4.2772873527314986e-05,0.0107274655078791,406,0.0985517099067641,pga_ridge_v2,-2.957802919353684,701,-2.957802919353684,0.4357411651754068,1.0,4.588150727451911,-0.1448849153392699,0.0239079259074161,0.0,weekly_pga_core,False,0.0587542307283792,-0.0233284203830225,0.0023707483033941,0.0,0.0,-0.0,0.3825595821783771,2026-08-10 10:00,2026-08-10 10:00
TPC Southwind,1,2026-08-16,2026-08-13,27,FedEx St. Jude Championship,2026-08-10 17:40:44 UTC,no,pga,-18000,0,DEN,23602,52,40,"hojgaard, nicolai",52453,121,32,0.0,0.0,0.0,0.0,0.0,0.0,2001-03-12,-6.5,25,2.594312148591917,0.8683504973387335,-0.3333333333333335,1.2224139395411535,1.0192,pga,2026-08-02,625,0.8683504973387335,-0.45,-0.1,0.0,7,2,59.0,-0.0724637681159419,-0.1884057971014492,0.0,0.0,0.0,0.0,0.0,0.0,0.0,0.0,0.0,0.0,0.0,0.0,0.0,0.0,0.0,0.0,0.0,0.0,0.0,0.0,2026-08-13,-0.1272985052619163,0.0005179361034177,0.0015608028818518,-0.0694818487381902,-0.067621700563593,0.0077263050545973,0.4530713393949106,,-0.003866138143875,0.0023387473887281,-0.0074507825716904,0.1401999261623677,0.223735445737141,,0.7615539315499447,-0.0554858601151628,-0.0387552626062973,579,0.2819233276238944,pga_ridge_v2,-2.957802919353684,701,-2.957802919353684,0.0669934952483002,1.0,3.1620310285385065,0.3545140746741065,0.0477665163038227,0.0,weekly_pga_core,False,0.0017185005425125,-0.0538580511362264,-0.0780476927603459,0.0,0.0,0.0,0.6313666881958848,2026-08-10 10:00,2026-08-10 10:00
TPC Southwind,1,2026-08-16,2026-08-13,27,FedEx St. Jude Championship,2026-08-10 17:40:44 UTC,no,pga,-18000,0,USA,17538,87,80,"homa, max",39977,150,52,0.0,0.0,0.0,0.0,0.0,0.0,1990-11-19,20.5,35,2.549670427904572,0.5200414834064518,-0.2083333333333334,1.899264979669311,1.6570000000000005,pga,2026-07-24,1225,0.5200414834064518,-0.4599999999999999,0.01,-0.04,16,0,57.0,-2.072463768115942,8.81159420289855,-10.005352038448905,7.954515927824487,20.0,2.0,-3.570384792684406,7.954515927824487,20.0,-3.553117863874017,7.954515927824487,20.0,-0.1878953996588556,7.954515927824487,20.0,-1.4214428897483848,7.954515927824487,20.0,-0.0892596198171101,-0.0,-0.0,-0.0,2026-08-13,-0.0762471801282809,0.0036574000506559,0.0001824972699563,-0.0235345580853379,-0.0589875049932426,0.0024349856296873,0.2817103888375599,,-0.0251123646842379,-0.0160493380314279,0.0360449729407086,0.2279349270516515,0.0996075172377723,,0.5090525936222714,-0.0320065279894636,-0.0139441052765211,726,-0.0351731167329752,pga_ridge_v2,-2.957802919353684,701,-2.957802919353684,0.9411580510343128,1.0,-17.88138152042061,0.0065044032258408,-0.0491328764637704,0.0,weekly_pga_core,False,-0.0803729484498159,0.1698600074296372,-0.0467477326324518,-0.0500267601922445,-0.0,0.0,0.5017651597773963,2026-08-10 10:00,2026-08-10 10:00
TPC Southwind,1,2026-08-16,2026-08-13,27,FedEx St. Jude Championship,2026-08-10 17:40:44 UTC,no,pga,-18000,0,NOR,18841,17,14,"hovland, viktor",46717,592,23,0.0,0.0,0.0,0.0,0.0,0.0,1997-09-18,17.5,28,2.820008124204598,1.50479021011252,-0.3333333333333335,2.5319279688026457,2.0914,pga,2026-07-17,784,1.50479021011252,-0.3399999999999998,-0.1699999999999999,0.06,23,0,53.0,-2.072463768115942,15.81159420289855,3.956216317671441,11.04144410433386,24.0,2.0,-2.819766919548745,11.04144410433386,24.0,4.538280933364701,11.04144410433386,24.0,0.943155790434188,11.04144410433386,24.0,2.2681009045667784,11.04144410433386,24.0,-0.0704941729887186,0.0,0.0,0.0,2026-08-13,0.0747486667014005,0.001551239872575,0.0030224713575992,0.0063876810894013,0.0541686286266344,0.0096186457551904,0.7592459864803514,,0.1224207391385772,-0.0033145562426287,0.0572245453106991,0.2876904685792541,0.2987752378469175,,1.4070107090590953,-0.0894495236998655,-0.0484398463068141,630,0.871095604952449,pga_ridge_v2,-2.957802919353684,701,-2.957802919353684,1.6727578774722065,1.0,19.891164553183124,-0.0612554063114324,0.0228576579526045,0.0,weekly_pga_core,False,-0.144221853221627,0.1450024453667634,0.0458289825238171,0.0197810815883572,0.0,-0.0,1.4734013653164062,2026-08-10 10:00,2026-08-10 10:00
TPC Southwind,1,2026-08-16,2026-08-13,27,FedEx St. Jude Championship,2026-08-10 17:40:44 UTC,no,pga,-18000,0,KOR,17488,73,73,"im, sungjae",39971,239,53,0.0,0.0,0.0,0.0,0.0,0.0,1998-03-30,17.5,28,2.8799111157175767,0.4974282832514244,-1.7083333333333337,1.8381210509569632,1.6192000000000002,pga,2026-08-05,784,0.4974282832514244,0.3,0.2,-0.1,0,9,69.0,4.0,-7.188405797101449,2.6639445686254737,11.04144410433386,24.0,2.0,0.8207219732131605,11.04144410433386,24.0,5.73112937626612,11.04144410433386,24.0,-5.496406542650238,11.04144410433386,24.0,5.258025517672396,11.04144410433386,24.0,0.020518049330329,0.0,-0.0,0.0,2026-08-13,0.0260545203286953,0.001727630446313,-0.0018178301119986,-0.0056780463654937,0.0154426499202847,0.0163801164395899,0.2462822857714751,,0.1394366345399179,-0.004543708340764,0.0697318825153855,0.2227352045154099,0.0974856990673959,,0.730488318069775,-0.0439057864780247,-0.022905618160515,865,0.4977977217829109,pga_ridge_v2,-2.957802919353684,701,-2.957802919353684,0.5497809771499755,1.0,-29.89787935863122,-0.2207416221467865,0.0261717246394941,0.0,weekly_pga_core,False,0.0814025096125031,0.0628072856465991,0.0089069622328025,0.0266394456862547,-0.0,-0.0,0.9102445212479346,2026-08-10 10:00,2026-08-10 10:00
TPC Southwind,1,2026-08-16,2026-08-13,27,FedEx St. Jude Championship,2026-08-10 17:40:44 UTC,no,pga,-18000,0,USA,17543,64,59,"kim, michael",39975,138,61,0.0,0.0,0.0,0.0,0.0,0.0,1993-07-14,1.5,33,3.1418848563792987,0.7915277068141289,0.2916666666666665,1.0065483163364035,0.7939999999999999,pga,2026-08-05,1089,0.7915277068141289,0.3400000000000001,0.27,0.04,0,9,73.0,4.0,-7.188405797101449,-3.630716056419772,3.08692817650937,4.0,1.0,0.9936325468081568,3.08692817650937,4.0,-2.957746734487124,3.08692817650937,4.0,-1.2567140192794426,3.08692817650937,4.0,0.4683181971096342,3.08692817650937,4.0,0.0248408136702039,-0.0,-0.0,0.0,2026-08-13,0.0120198183862544,0.0029996979602927,0.0011178017357467,0.0140886044416752,-0.0102961290299699,0.0041098432785097,0.3568540470987656,,0.0472143941405898,-0.0088124714189856,-0.0262697938688151,0.1092216850205258,0.1214572875884155,,0.5177201133149258,-0.0468661533326036,-0.0158496446943286,751,0.2639703371434241,pga_ridge_v2,-2.957802919353684,701,-2.957802919353684,0.6778378294633856,1.0,-14.13777104183935,-0.0199509114621753,-0.0192292372186376,0.0,weekly_pga_core,False,0.0655674053143235,0.0124287810314368,0.0073694431094486,-0.0181535802820988,-0.0,-0.0,0.584932162488036,2026-08-10 10:00,2026-08-10 10:00
TPC Southwind,1,2026-08-16,2026-08-13,27,FedEx St. Jude Championship,2026-08-10 17:40:44 UTC,no,pga,-18000,0,KOR,14609,10,18,"kim, si woo",37455,370,7,0.0,0.0,0.0,0.0,0.0,0.0,1995-06-28,13.5,31,2.5999943447564613,1.6263191514499589,-0.3333333333333335,1.6575829817399508,1.475,pga,2026-08-02,961,1.6263191514499589,-0.06,-0.2,-0.0999999999999999,7,2,67.0,-0.0724637681159419,-0.1884057971014492,-2.1408047772393344,10.091181803499206,20.0,2.0,-0.1107412922956084,10.091181803499206,20.0,1.0437314846614734,10.091181803499206,20.0,1.5990515758834252,10.091181803499206,20.0,0.7612646853088261,10.091181803499206,20.0,-0.0027685323073902,0.0,0.0,0.0,2026-08-13,0.1018244823167982,0.0023636180285622,0.0026818390935783,0.0170240950453228,0.06521844749921,0.0145364826501248,0.8162897051456962,,0.113467341643988,-0.0031762235010477,0.052757839089505,0.2024040142811105,0.3387056421163689,,1.3486397093711324,-0.1147018331506627,-0.058923354707167,876,1.1358246757026185,pga_ridge_v2,-2.957802919353684,701,-2.957802919353684,1.7628329243986944,1.0,-11.502030355285772,0.0632041854207793,0.0018165784533413,0.0,weekly_pga_core,False,0.0017185005425125,0.1118590292829318,0.0624293733456765,-0.0107040238861966,-0.0,0.0,1.513942588656057,2026-08-10 10:00,2026-08-10 10:00
TPC Southwind,1,2026-08-16,2026-08-13,27,FedEx St. Jude Championship,2026-08-10 17:40:44 UTC,no,pga,-18000,0,KOR,24766,33,30,"kim, tom",55182,461,26,0.0,0.0,0.0,0.0,0.0,0.0,2002-06-21,5.5,24,2.483248816076913,0.8564447172761733,-0.9583333333333336,1.6141032033541682,1.4631999999999998,pga,2026-08-05,576,0.8564447172761733,-0.01,-0.13,0.0699999999999999,0,2,57.0,-0.0724637681159419,-7.188405797101449,-1.2187317870092416,5.814383759871762,12.0,1.0,-1.1889779007098502,5.814383759871762,12.0,0.7244338235186996,5.814383759871762,12.0,0.4006918530482694,5.814383759871762,12.0,-4.596143084271144,5.814383759871762,12.0,-0.0297244475177462,0.0,0.0,-0.0,2026-08-13,0.1162220599029801,0.0003650881585898,0.0031995091128956,0.0361090960366473,0.0663549662827759,0.0101934003120714,0.4438476845050272,,0.1703010494855678,-0.0065222233006102,0.0199135909769814,0.2012760321436189,0.1166629209730833,,0.8775301886830716,-0.0814871158246943,-0.0412550096399454,422,0.9218023714623608,pga_ridge_v2,-2.957802919353684,701,-2.957802919353684,1.7943771228751004,1.0,15.827009829168956,0.4199979699080662,0.054793259364043,0.0,weekly_pga_core,False,0.0655674053143235,0.0455721971152685,0.0712566389104022,-0.0060936589350462,0.0,0.0,1.0538327710880198,2026-08-10 10:00,2026-08-10 10:00
TPC Southwind,1,2026-08-16,2026-08-13,27,FedEx St. Jude Championship,2026-08-10 17:40:44 UTC,no,pga,-18000,0,USA,21891,29,37,"kitayama, kurt",48117,194,33,0.0,0.0,0.0,0.0,0.0,0.0,1993-01-14,3.5,33,2.9382906648097165,1.0330899175952384,-0.7083333333333335,1.2710289512096955,1.0732,pga,2026-07-26,1089,1.0330899175952384,0.03,-0.16,0.03,14,0,63.0,-2.072463768115942,6.811594202898551,2.735036611185476,5.730371280972864,10.0,1.0,-2.0975058346986746,5.730371280972864,10.0,-0.3715678460761292,5.730371280972864,10.0,1.1903382611343285,5.730371280972864,10.0,2.809691128864957,5.730371280972864,10.0,-0.0524376458674668,-0.0,0.0,0.0,2026-08-13,-0.0294919740021862,0.0004269689055404,0.0022388459976793,-0.0249476488934665,-0.008658267753568,0.0014481277416285,0.5080726260310927,,0.0811370478425871,0.0061210162564092,0.0774980839734844,0.1476281012141414,0.2365263193922166,,0.926370694077256,-0.0655512799276077,-0.041315930141461,640,0.5853557133416025,pga_ridge_v2,-2.957802919353684,701,-2.957802919353684,0.9404427145679896,1.0,-2.583715466978369,0.1250965291910783,-0.023745290563607,0.0,weekly_pga_core,False,-0.0621304042292985,0.0290004890733526,-0.0180817561139687,0.0136751830559273,-0.0,0.0,0.8888342058632689,2026-08-10 10:00,2026-08-10 10:00
TPC Southwind,1,2026-08-16,2026-08-13,27,FedEx St. Jude Championship,2026-08-10 17:40:44 UTC,no,pga,-18000,0,USA,19396,47,50,"knapp, jake",47420,152,40,0.0,0.0,0.0,0.0,0.0,0.0,1994-05-31,1.5,32,2.8956324709160213,0.7978975866436476,-0.0833333333333334,1.528375350146313,1.0676,pga,2026-07-31,1024,0.7978975866436476,0.35,-0.12,0.1399999999999999,9,0,39.0,-2.072463768115942,1.8115942028985508,-9.02869428627933,5.507631530793509,8.0,1.0,0.7651558695116962,5.507631530793509,8.0,-1.8996676112489976,5.507631530793509,8.0,-2.0669045264872867,5.507631530793509,8.0,-6.734469429992797,5.507631530793509,8.0,0.0191288967377924,-0.0,-0.0,-0.0,2026-08-13,-0.1022582336148651,0.002629040741542,0.0013767383432029,-0.0527751903139508,-0.045549027173117,-0.0079397952125422,0.3828746813586119,,0.0584885730365708,0.0117727538933852,0.0169572176975275,0.146857771949513,0.2564372130636693,,0.7186325539121202,-0.096915557248749,-0.0483979602018157,402,0.5733214950150531,pga_ridge_v2,-2.957802919353684,701,-2.957802919353684,-0.1503996397302293,1.0,-9.356990624338628,0.0021579117620499,-0.009442139636593,0.0,weekly_pga_core,False,-0.0165240436780049,0.0124287810314368,-0.0626953096029505,-0.0451434714313966,-0.0,0.0,0.6066985102312049,2026-08-10 10:00,2026-08-10 10:00
TPC Southwind,1,2026-08-16,2026-08-13,27,FedEx St. Jude Championship,2026-08-10 17:40:44 UTC,no,pga,-18000,0,USA,32319,27,69,"koivun, jackson",66701,374,70,0.0,0.0,0.0,0.0,0.0,0.0,2005-05-23,-6.5,21,2.3,1.624494628191144,-0.3333333333333335,1.624494628191144,1.095,pga,2026-08-05,441,1.624494628191144,-0.1700000000000001,-0.3299999999999999,0.14,0,4,23.0,1.927536231884058,-7.188405797101449,0.0,0.0,0.0,0.0,0.0,0.0,0.0,0.0,0.0,0.0,0.0,0.0,0.0,0.0,0.0,0.0,0.0,0.0,0.0,0.0,2026-08-13,0.0937585728409039,0.0036499467675902,0.0016806500902098,-0.0033726445929583,0.0896285338042407,0.0021720867718214,0.7602522993393676,,0.1076263054346572,-0.0045349602714027,0.1075035935865469,0.1468704696846443,0.3204009007369743,,1.2819311086102907,-0.1174892620211576,-0.0491510756250744,54,0.8355389858228848,pga_ridge_v2,-2.957802919353684,701,-2.957802919353684,1.3827021661130372,1.0,2.118777815481869,0.0,0.0104528377457351,0.0,weekly_pga_core,False,0.0655674053143235,-0.0538580511362264,0.0574841022027663,0.0,0.0,0.0,1.3511245649911543,2026-08-10 10:00,2026-08-10 10:00
TPC Southwind,1,2026-08-16,2026-08-13,27,FedEx St. Jude Championship,2026-08-10 17:40:44 UTC,no,pga,-18000,0,AUS,16841,31,27,"lee, min woo",37378,131,17,0.0,0.0,0.0,0.0,0.0,0.0,1998-07-27,5.5,28,2.6929461303570337,1.0364216477159485,1.2916666666666663,1.3892908534275117,1.091,pga,2026-07-19,784,1.0364216477159485,0.6499999999999999,0.3299999999999999,0.2,21,0,55.0,-2.072463768115942,13.81159420289855,-7.272680272465572,6.697501397911578,12.0,2.0,-0.9587019312154924,5.507631530793508,8.0,-0.3632881323582916,5.507631530793508,8.0,-3.063763785044088,5.507631530793508,8.0,-1.255831953336363,5.507631530793508,8.0,-0.0239675482803873,-0.0,-0.0,-0.0,2026-08-13,-0.0544745014015218,0.0002437377615445,0.0003930802801696,-0.0523803435121944,-0.013490619163275,0.0107596432322335,0.4992074378156895,,0.0811929967515806,0.0031326447705321,0.105251690427401,0.1500766478052817,0.230171467039523,,0.9643740859091752,-0.0844223982318437,-0.0496198950585153,557,0.7167504368654716,pga_ridge_v2,-2.957802919353684,701,-2.957802919353684,0.786326241107079,1.0,14.761151850905604,-0.0588890236823873,0.0293834945895259,0.0,weekly_pga_core,False,-0.1259793090011095,0.0455721971152685,-0.033398735828919,-0.0363634013623278,0.0,-0.0,0.8142048368320872,2026-08-10 10:00,2026-08-10 10:00
TPC Southwind,1,2026-08-16,2026-08-13,27,FedEx St. Jude Championship,2026-08-10 17:40:44 UTC,no,pga,-18000,0,IRL,13900,30,51,"lowry, shane",33204,167,62,0.0,0.0,0.0,0.0,0.0,0.0,1987-04-02,17.5,39,2.4201466231996425,1.1287794879317816,-0.0833333333333334,1.8270133743784225,1.5502,pga,2026-07-19,1521,1.1287794879317816,-0.03,-0.21,-0.0699999999999999,21,0,57.0,-2.072463768115942,13.81159420289855,-6.6011657030987685,9.147289771625704,20.0,2.0,-1.8046822484451808,9.147289771625704,20.0,-3.257998730924358,9.147289771625704,20.0,0.9507535481014364,9.147289771625704,20.0,0.159038609968264,9.147289771625704,20.0,-0.0451170562111295,-0.0,0.0,0.0,2026-08-13,0.0663858103464484,0.0008297720211789,0.0029525209045956,0.0112485064469266,0.0503790562912579,0.0009759546824891,0.560680656341552,,0.0965816622992904,0.008783251231872,0.0707304310433668,0.21324364750481,0.2718327056623808,,0.9991777994913884,-0.0787668001086086,-0.0431840946132115,807,0.6121086876916182,pga_ridge_v2,-2.957802919353684,701,-2.957802919353684,1.1518326444105242,1.0,59.889830042131855,0.3000841558089657,-0.1007236598700636,0.0,weekly_pga_core,False,-0.1259793090011095,0.1450024453667634,0.0407016509652314,-0.0330058285154938,0.0,0.0,1.02589675830678,2026-08-10 10:00,2026-08-10 10:00
TPC Southwind,1,2026-08-16,2026-08-13,27,FedEx St. Jude Championship,2026-08-10 17:40:44 UTC,no,pga,-18000,0,SCO,23323,15,17,"macintyre, robert",52215,243,31,0.0,0.0,0.0,0.0,0.0,0.0,1996-08-03,9.5,30,2.485111850403876,1.5281578084008918,0.5416666666666665,1.7260291385809134,1.4522,pga,2026-07-19,900,1.5281578084008918,0.1899999999999999,0.0,0.1499999999999999,21,0,59.0,-2.072463768115942,13.81159420289855,5.278884570638921,7.647763698746234,16.0,2.0,0.0310157296700159,6.697501397911578,12.0,-3.14730956014786,6.697501397911578,12.0,1.0633736091198112,6.697501397911578,12.0,7.7040667068213615,6.697501397911578,12.0,0.0007753932417503,-0.0,0.0,0.0,2026-08-13,0.0157368853101147,0.0042181860766013,0.0007490019757139,-0.0100087528743194,0.0155837897789239,0.0051946603531949,0.7513869101808334,,0.1602560716757831,-0.0164234692878898,0.0667366428461687,0.1997628853738131,0.3087117130511493,,1.3348196881214491,-0.0965390447934759,-0.0522885279391674,719,0.9043070310314236,pga_ridge_v2,-2.957802919353684,701,-2.957802919353684,1.9046855695583484,1.0,19.04850870684864,0.491742652201095,0.0132165070142347,0.0,weekly_pga_core,False,-0.1259793090011095,0.0787156131991001,0.0096484054322677,0.0263944228531946,0.0,0.0,1.323598820604902,2026-08-10 10:00,2026-08-10 10:00
TPC Southwind,1,2026-08-16,2026-08-13,27,FedEx St. Jude Championship,2026-08-10 17:40:44 UTC,no,pga,-18000,0,JPN,13562,13,24,"matsuyama, hideki",32839,753,20,0.0,0.0,0.0,0.0,0.0,0.0,1992-02-25,17.5,34,2.4025368539541927,1.4776861793975915,0.2916666666666665,1.9884333145883848,1.7484,pga,2026-08-05,1156,1.4776861793975915,0.1300000000000001,-0.12,0.0399999999999999,0,5,69.0,2.927536231884058,-7.188405797101449,11.546181475674995,9.541918031454388,20.0,2.0,0.2343402136971564,9.541918031454388,20.0,5.819917825824093,9.541918031454388,20.0,-1.426125514059805,9.541918031454388,20.0,7.986564574352011,9.541918031454388,20.0,0.0058585053424289,0.0,-0.0,0.0,2026-08-13,0.1096181458509551,0.0009665906115949,0.001967949283719,0.0176549858480338,0.0650911681901001,0.0239374519175072,0.7240002221216537,,0.2137041685108637,-0.0136191183506139,0.0952445063959228,0.2405078011207649,0.2991496345288623,,1.3983189532384657,-0.0801914908719145,-0.0449937980672896,801,1.0980573668268765,pga_ridge_v2,-2.957802919353684,701,-2.957802919353684,2.2875466973667065,1.0,21.396551255874527,-0.1355035963599119,-0.0354829721497835,0.0,weekly_pga_core,False,0.0655674053143235,0.1450024453667634,0.0672077284075829,0.0577309073783749,0.0,-0.0,1.7338274397055105,2026-08-10 10:00,2026-08-10 10:00
TPC Southwind,1,2026-08-16,2026-08-13,27,FedEx St. Jude Championship,2026-08-10 17:40:44 UTC,no,pga,-18000,0,USA,28635,81,70,"mccarty, matt",59141,109,48,0.0,0.0,0.0,0.0,0.0,0.0,1997-12-11,-6.5,28,3.1236545618711955,0.3995038159603472,-0.4583333333333335,0.9901153040601204,0.7092,pga,2026-08-05,784,0.3995038159603472,-0.04,-0.1299999999999999,0.1,0,3,63.0,0.927536231884058,-7.188405797101449,0.0,0.0,0.0,0.0,0.0,0.0,0.0,0.0,0.0,0.0,0.0,0.0,0.0,0.0,0.0,0.0,0.0,0.0,0.0,0.0,2026-08-13,0.0130122470493049,0.0028228439283097,0.0006243840618675,0.0279161300537662,-0.0126609452033082,-0.0056901657913303,0.1969733447297692,-0.0197774457886161,0.0985811921794868,-0.0306220265878089,-0.0395604190584018,,,0.0873333003443177,0.2924025373141232,-0.0001512293376066,0.0057506206292081,434,-0.023729413591957,pga_ridge_v2,-2.957802919353684,701,-2.957802919353684,0.098037469193615,1.0,-18.714423659773587,0.0449977700734536,-0.0061247997962251,0.0,weekly_pga_core,False,0.0814025096125031,-0.0233284203830225,0.0044483487536866,0.0,-0.0,0.0,0.3549249752972905,2026-08-10 10:00,2026-08-10 10:00
TPC Southwind,1,2026-08-16,2026-08-13,27,FedEx St. Jude Championship,2026-08-10 17:40:44 UTC,no,pga,-18000,0,NIR,10091,2,2,"mcilroy, rory",28237,358,12,0.0,0.0,0.0,0.0,0.0,0.0,1989-05-04,15.5,37,2.909703838439938,2.0840743163312303,2.6666666666666665,2.7074038452625864,2.53,pga,2026-07-19,1369,2.0840743163312303,0.04,-0.1599999999999999,0.4399999999999999,21,0,43.0,-2.072463768115942,13.81159420289855,-10.822190283912992,7.204278626700359,18.0,2.0,-4.469885082826057,7.204278626700359,18.0,-1.1558521545223464,7.204278626700359,18.0,-1.2728840880177374,7.204278626700359,18.0,-6.534062278729341,7.204278626700359,18.0,-0.1,-0.0,-0.0,-0.0,2026-08-13,-0.0918661454161132,0.0038214697480738,0.0016554262008489,-0.1001764339591701,-0.0052896165598249,0.008123009153959,1.0286898160029303,,0.1534858686798767,-0.0169265915663103,0.290708373761711,0.3432917344297535,0.4834432717606003,,1.985040482362922,-0.148331331381128,-0.0789523706382704,756,1.641825410588381,pga_ridge_v2,-2.957802919353684,701,-2.957802919353684,2.045275626536975,1.0,19.23260796767936,0.2139226027609672,-0.0703682886862411,0.0,weekly_pga_core,False,-0.1259793090011095,0.1284307373248476,-0.0563238403920135,-0.0541109514195649,0.0,0.0,1.8770571188750813,2026-08-10 10:00,2026-08-10 10:00
TPC Southwind,1,2026-08-16,2026-08-13,27,FedEx St. Jude Championship,2026-08-10 17:40:44 UTC,no,pga,-18000,0,USA,18634,25,47,"mcnealy, maverick",46442,189,50,0.0,0.0,0.0,0.0,0.0,0.0,1995-11-07,5.5,30,2.959396096423371,0.9055053847352296,-0.0833333333333334,1.4666957121312003,1.3074,pga,2026-08-05,900,0.9055053847352296,-0.0699999999999999,0.0499999999999999,-0.03,0,2,61.0,-0.0724637681159419,-7.188405797101449,5.511547124092114,7.007157603672979,12.0,1.0,-0.9153462367754852,7.007157603672979,12.0,2.602263603205601,7.007157603672979,12.0,0.5172484050794934,7.007157603672979,12.0,3.7428966875798175,7.007157603672979,12.0,-0.0228836559193871,0.0,0.0,0.0,2026-08-13,-0.0212288160426815,0.0049727277045527,-0.0002237522592268,-0.034393667532366,-0.0092602587112189,0.0176761347555775,0.4829665997924213,,0.0775017258696774,-0.0169697210688481,0.0547156791614201,0.1798443715312789,0.2861635716306715,,0.9488399839725388,-0.080366804921092,-0.0407342894001539,722,0.6542228837264421,pga_ridge_v2,-2.957802919353684,701,-2.957802919353684,0.8243083818570576,1.0,-0.8446190540396552,0.0683968993255657,0.0057188513771636,0.0,weekly_pga_core,False,0.0655674053143235,0.0455721971152685,-0.0130155504085152,0.0275577356204605,-0.0,0.0,1.0745217716140762,2026-08-10 10:00,2026-08-10 10:00
TPC Southwind,1,2026-08-16,2026-08-13,27,FedEx St. Jude Championship,2026-08-10 17:40:44 UTC,no,pga,-18000,0,USA,17365,54,74,"mitchell, keith",39546,114,49,0.0,0.0,0.0,0.0,0.0,0.0,1992-01-07,9.5,34,2.567044791994284,0.6769895344927137,0.0416666666666665,1.2483573295809318,0.9214,pga,2026-08-05,1156,0.6769895344927137,-0.14,-0.31,-0.02,0,2,63.0,-0.0724637681159419,-7.188405797101449,0.0985291920475122,3.393680405587624,8.0,1.0,-0.0725971233575304,3.393680405587624,8.0,-1.0768351328639565,3.393680405587624,8.0,1.0725913037683663,3.393680405587624,8.0,0.1633891214140895,3.393680405587624,8.0,-0.0018149280839382,-0.0,0.0,0.0,2026-08-13,-0.0913344625447389,6.444078794788886e-05,0.0011617986172823,-0.0686434354060377,-0.0215370323399805,-0.0023802342039509,0.344464414141503,,0.0373965909435643,0.0098534915342442,0.1362145021514047,0.1267466757908218,0.1706115491957253,,0.700115692401835,-0.0576222995065967,-0.0308573270371357,781,0.4947948843744459,pga_ridge_v2,-2.957802919353684,701,-2.957802919353684,0.6857124606630238,1.0,-18.43817003702074,-0.1248204873110675,-0.0366919048116961,0.0,weekly_pga_core,False,0.0655674053143235,0.0787156131991001,-0.0559978615338519,0.0004926459602375,-0.0,-0.0,0.7888934953416444,2026-08-10 10:00,2026-08-10 10:00
TPC Southwind,1,2026-08-16,2026-08-13,27,FedEx St. Jude Championship,2026-08-10 17:40:44 UTC,no,pga,-18000,0,USA,22085,7,10,"morikawa, collin",50525,637,6,0.0,0.0,0.0,0.0,0.0,0.0,1997-02-06,17.5,29,2.5808151783778355,1.6707671860106523,-0.3333333333333335,2.233528495346011,2.0042,pga,2026-07-19,841,1.6707671860106523,0.3400000000000001,0.3899999999999999,-0.0199999999999999,21,0,45.0,-2.072463768115942,13.81159420289855,1.411203065297749,11.04144410433386,24.0,2.0,-0.7014856681873936,11.04144410433386,24.0,-1.9633623979597,11.04144410433386,24.0,3.542268441003384,11.04144410433386,24.0,3.021830253415083,11.04144410433386,24.0,-0.0175371417046848,-0.0,0.0,0.0,2026-08-13,0.183385993109072,0.002535285983912,0.0033192303949248,0.025441819131853,0.1488490567522042,0.0032406008461778,0.8100540276426964,,0.1924627438312622,-0.023832024703181,0.0794878857620906,0.2756953414586119,0.3492983150909103,,1.496054738229465,-0.1310104636646075,-0.0737958387289793,585,1.2463981408664195,pga_ridge_v2,-2.957802919353684,701,-2.957802919353684,1.748973618337955,1.0,45.08223622020086,-0.0625632353717703,0.0176947515406615,0.0,weekly_pga_core,False,-0.1259793090011095,0.1450024453667634,0.1124353629862277,0.0070560153264887,0.0,-0.0,1.6345692529078353,2026-08-10 10:00,2026-08-10 10:00
TPC Southwind,1,2026-08-16,2026-08-13,27,FedEx St. Jude Championship,2026-08-10 17:40:44 UTC,no,pga,-18000,0,SWE,10419,34,26,"noren, alex",27349,238,46,0.0,0.0,0.0,0.0,0.0,0.0,1982-07-12,2.5,44,2.3861074708705177,0.7351997378571137,-0.8333333333333335,1.4547907774189732,1.2734,pga,2026-08-05,1936,0.7351997378571137,0.2199999999999999,-0.27,0.1,0,2,63.0,-0.0724637681159419,-7.188405797101449,0.5431513270959865,2.79522925834832,5.0,1.0,-1.7106895981690982,2.79522925834832,5.0,-1.0288504285103406,2.79522925834832,5.0,0.3201924649574934,2.79522925834832,5.0,1.914088614637185,2.79522925834832,5.0,-0.0427672399542274,-0.0,0.0,0.0,2026-08-13,0.1307320546836283,0.0052976762899779,0.0001801083748768,0.0453986414377366,0.0765892045678252,0.0032664240132116,0.4353413146332233,,0.1160005951829944,-0.0208992614470843,0.0369499499929856,0.1802020244041421,0.2503351869579684,,0.7216682245481474,-0.0587611494670577,-0.0368053580111508,766,0.4499967760719892,pga_ridge_v2,-2.957802919353684,701,-2.957802919353684,0.6168480653077854,1.0,13.322421109255377,0.1372092494432663,-0.1806950776978738,0.0,weekly_pga_core,False,0.0655674053143235,0.0207146350523947,0.080152828321772,0.0027157566354799,0.0,0.0,0.8908188498721178,2026-08-10 10:00,2026-08-10 10:00
TPC Southwind,1,2026-08-16,2026-08-13,27,FedEx St. Jude Championship,2026-08-10 17:40:44 UTC,no,pga,-18000,0,USA,21554,67,36,"poston, j.t.",49771,147,30,0.0,0.0,0.0,0.0,0.0,0.0,1993-06-01,19.5,33,2.931408163409545,0.5520712308599831,-1.0833333333333337,1.422415393569583,1.1792,pga,2026-08-05,1089,0.5520712308599831,-0.36,0.0899999999999999,0.04,2,1,57.0,-1.072463768115942,-5.188405797101449,3.755292826546848,9.85157423721579,20.0,2.0,-1.814601366798668,9.85157423721579,20.0,-1.8663756167145504,9.85157423721579,20.0,3.847206920618568,9.85157423721579,20.0,4.84901281922712,9.85157423721579,20.0,-0.0453650341699666,-0.0,0.0,0.0,2026-08-13,0.0498015765633289,0.0033463406815612,0.0006536736048992,0.0152808795958416,0.0341454529477055,-0.0036247702666787,0.2939080915437012,,-0.0208022401378811,-0.0191650711016539,0.0554021600095444,0.1622093337231789,0.1546561983812913,,0.5510403344079671,-0.0348067123086931,-0.0200127654657207,803,0.1507941915369138,pga_ridge_v2,-2.957802919353684,701,-2.957802919353684,1.001884025482936,1.0,-18.847582728188097,-0.0232996774896414,-0.0203486602357997,0.0,weekly_pga_core,False,0.0473248610938061,0.1615741534086792,0.0305337296663323,0.0187764641327342,-0.0,-0.0,0.8092495427095191,2026-08-10 10:00,2026-08-10 10:00
TPC Southwind,1,2026-08-16,2026-08-13,27,FedEx St. Jude Championship,2026-08-10 17:40:44 UTC,no,pga,-18000,0,RSA,27900,204,89,"potgieter, aldrich",63343,115,67,0.0,0.0,0.0,0.0,0.0,0.0,2004-09-13,-2.5,21,3.2,-0.0885283311448653,0.9166666666666664,0.2707935243220974,-0.0634,pga,2026-08-05,441,-0.0885283311448653,-0.35,0.1,-0.15,2,6,53.0,3.927536231884058,-5.188405797101449,-1.9663941682721853,3.08692817650937,4.0,1.0,-1.1821556200140475,3.08692817650937,4.0,-1.643727218512547,3.08692817650937,4.0,0.1858036485649709,3.08692817650937,4.0,0.0530631441131397,3.08692817650937,4.0,-0.0295538905003511,-0.0,0.0,0.0,2026-08-13,-0.2436764272052998,0.0008530231471073,-0.0005113297346377,-0.090165749341279,-0.1396841383230968,-0.0141682329533936,-0.0392489758098253,-0.0054090712720297,-0.3349110839199383,-0.0018178015558369,0.0394125216535094,,,0.0348783935337369,-0.2767914171151536,-5.463410983589316e-07,-0.0026774870430019,231,-0.6255319476513059,pga_ridge_v2,-2.957802919353684,701,-2.957802919353684,-0.7399452058448671,1.0,-16.62081514463303,-0.0680112901296761,0.0329826336393305,0.0,weekly_pga_core,False,0.0587542307283792,-0.0089724693780855,-0.0833028859008188,-0.0196639416827218,-0.0,-0.0,-0.3299764833484006,2026-08-10 10:00,2026-08-10 10:00
TPC Southwind,1,2026-08-16,2026-08-13,27,FedEx St. Jude Championship,2026-08-10 17:40:44 UTC,no,pga,-18000,0,ENG,18554,42,19,"rai, aaron",46414,240,35,0.0,0.0,0.0,0.0,0.0,0.0,1995-03-03,17.5,31,2.977623221542685,0.8966525730891821,-1.3333333333333337,1.2909936618014173,1.108,pga,2026-08-05,961,0.8966525730891821,-0.3399999999999998,-0.25,-0.07,0,2,51.0,-0.0724637681159419,-7.188405797101449,-1.39622175895198,10.091181803499206,20.0,2.0,-2.589153429955342,8.901311936381134,16.0,5.904097322503966,8.901311936381134,16.0,-0.5085204817890324,8.901311936381134,16.0,-2.931355585351308,8.901311936381134,16.0,-0.0647288357488835,0.0,-0.0,-0.0,2026-08-13,0.1594026625682046,-0.0004308033870834,0.0020363028133419,0.0499454895878683,0.0978193681663479,0.0100323053877299,0.4377501969030378,,0.0744951900036674,0.0010400377910845,0.0599069032933377,0.1524151473586179,0.1815716936951313,,0.8108104701117999,-0.0621661452041159,-0.0330252952558728,783,0.6893974299603116,pga_ridge_v2,-2.957802919353684,701,-2.957802919353684,0.8529580215872867,1.0,17.994158895238566,-0.0305489552533444,-0.0011772584730881,0.0,weekly_pga_core,False,0.0655674053143235,0.1450024453667634,0.0977309985510591,-0.0069811087947599,0.0,-0.0,1.112130210549186,2026-08-10 10:00,2026-08-10 10:00
TPC Southwind,1,2026-08-16,2026-08-13,27,FedEx St. Jude Championship,2026-08-10 17:40:44 UTC,no,pga,-18000,0,NOR,21407,40,28,"reitan, kristoffer",49855,145,18,0.0,0.0,0.0,0.0,0.0,0.0,1995-01-01,-6.5,31,2.8523688529728783,0.7448489597076359,-0.0833333333333334,1.0459268708866545,0.6781999999999999,pga,2026-07-19,961,0.7448489597076359,0.05,0.17,-0.02,21,0,53.0,-2.072463768115942,13.81159420289855,0.0,0.0,0.0,0.0,0.0,0.0,0.0,0.0,0.0,0.0,0.0,0.0,0.0,0.0,0.0,0.0,0.0,0.0,0.0,0.0,2026-08-13,-0.0573097384647958,0.0014106686580916,0.0007535250981006,-0.0335908797919464,-0.0224792507540478,-0.0034038016749938,0.3662993624778847,,0.0826982601223649,-0.0108329266982897,0.1480067042076106,0.0930447704633295,0.1358942956496209,,0.7405024977003376,-0.0645417417587449,-0.0362379514029325,304,0.4400644597187735,pga_ridge_v2,-2.957802919353684,701,-2.957802919353684,1.0518326444105242,1.0,3.376532642219063,0.0395326688961941,0.0261717246394941,0.0,weekly_pga_core,False,-0.1259793090011095,-0.0538580511362264,-0.0351370414811485,0.0,0.0,0.0,0.525528096081853,2026-08-10 10:00,2026-08-10 10:00
TPC Southwind,1,2026-08-16,2026-08-13,27,FedEx St. Jude Championship,2026-08-10 17:40:44 UTC,no,pga,-18000,0,USA,16283,237,105,"rodgers, patrick",36699,122,66,0.0,0.0,0.0,0.0,0.0,0.0,1992-06-30,9.5,34,2.9819510875395934,-0.4259975429812623,-0.5833333333333335,0.8274674039069612,0.6567999999999999,pga,2026-08-05,1156,-0.4259975429812623,-0.96,-0.61,-0.06,2,3,60.0,0.927536231884058,-5.188405797101449,-1.036996626116686,8.151074635257004,14.0,1.0,-1.0373673501327096,8.151074635257004,14.0,1.2181537904736544,8.151074635257004,14.0,1.2904567145442096,8.151074635257004,14.0,-1.9877305146315467,8.151074635257004,14.0,-0.0259341837533177,0.0,0.0,-0.0,2026-08-13,-0.0887957726809697,0.0024126958151887,-0.0014820555058425,-0.0165312095407431,-0.0711160601533801,-0.0020791432961926,-0.1601827365556975,-0.016528571627475,-0.3617082238140814,-0.0002314269758707,-0.0479390971714111,,,-0.0043941283192109,-0.6504911845943926,0.0001825613333267,-0.0048276112634459,872,-1.0377889587356892,pga_ridge_v2,-2.957802919353684,701,-2.957802919353684,-1.3617253436321666,1.0,-14.3677485710467,-0.0396298291938825,-0.0548619502005265,0.0,weekly_pga_core,False,0.0587542307283792,0.0340953836367252,-0.0303555998622955,-0.0103699662611668,-0.0,-0.0,-0.5983671363527504,2026-08-10 10:00,2026-08-10 10:00
TPC Southwind,1,2026-08-16,2026-08-13,27,FedEx St. Jude Championship,2026-08-10 17:40:44 UTC,no,pga,-18000,0,ENG,6093,28,12,"rose, justin",22405,354,24,0.0,0.0,0.0,0.0,0.0,0.0,1980-07-30,15.5,46,2.598583416546413,1.1488438905180858,-0.3333333333333335,1.978965663119126,1.9027272727272728,pga,2026-07-17,2116,1.1488438905180858,-0.05,0.3,-0.1999999999999999,23,0,45.0,-2.072463768115942,15.81159420289855,8.93046296980559,9.340944502375075,18.0,2.0,2.143594542414352,9.340944502375075,18.0,3.678256063761493,9.340944502375075,18.0,-1.291105458954112,9.340944502375075,18.0,2.2113826977034807,9.340944502375075,18.0,0.0535898635603588,0.0,-0.0,0.0,2026-08-13,-0.0005274217972039,0.0014774086900191,0.0023362902039956,-0.0067883544847821,-0.0057456834634359,0.0081929172569993,0.5754924496735642,,0.0762539047378195,-0.0075864994849166,0.0383505282307009,0.3108828817964589,0.2561628390246951,,0.888742155731744,-0.097070760210468,-0.0473232653849352,686,0.5851435340346971,pga_ridge_v2,-2.957802919353684,701,-2.957802919353684,1.409152096421578,1.0,84.11018176943122,0.2299990924083118,-0.2164199226511748,0.0,weekly_pga_core,False,-0.144221853221627,0.1284307373248476,-0.0003233663608114,0.0446523148490279,0.0,0.0,0.9172799883231813,2026-08-10 10:00,2026-08-10 10:00
TPC Southwind,1,2026-08-16,2026-08-13,27,FedEx St. Jude Championship,2026-08-10 17:40:44 UTC,no,pga,-18000,0,USA,19895,6,9,"schauffele, xander",48081,362,11,0.0,0.0,0.0,0.0,0.0,0.0,1993-10-25,25.5,32,2.471704779314272,1.4599761514712946,1.2916666666666663,2.7028399433641166,2.5696,pga,2026-08-02,1024,1.4599761514712946,0.74,0.03,0.24,7,2,59.0,-0.0724637681159419,-0.1884057971014492,-3.307641111440308,11.04144410433386,24.0,2.0,-5.270144162770379,11.04144410433386,24.0,-2.911067448344178,11.04144410433386,24.0,1.724041757112802,11.04144410433386,24.0,0.5001508592470734,11.04144410433386,24.0,-0.1,-0.0,0.0,0.0,2026-08-13,0.011169000293717,0.0016294429410473,0.0017632347746845,-0.0347551984942861,0.0338171167788233,0.0087144042934479,0.6864721107407333,,0.1875242838035923,0.0003617735315945,0.1501455812218362,0.3534710854266288,0.3841151442028569,,1.5616344008360254,-0.1200345752775235,-0.0645116733702194,747,1.3298887454960655,pga_ridge_v2,-2.957802919353684,701,-2.957802919353684,1.1828370863694402,1.0,74.48607022802656,0.1440461591470141,-0.0159093294434736,0.0,weekly_pga_core,False,0.0017185005425125,0.2112892775344267,0.0068477999923933,-0.0165382055572015,0.0,0.0,1.764951773348156,2026-08-10 10:00,2026-08-10 10:00
TPC Southwind,1,2026-08-16,2026-08-13,27,FedEx St. Jude Championship,2026-08-10 17:40:44 UTC,no,pga,-18000,0,USA,18417,1,1,"scheffler, scottie",46046,482,1,0.0,0.0,0.0,0.0,0.0,0.0,1996-06-21,19.5,30,2.3979625807165377,2.8294546164873573,0.9166666666666664,3.454563226250774,3.2984,pga,2026-07-26,900,2.8294546164873573,0.1699999999999999,-0.01,0.04,14,0,59.0,-2.072463768115942,6.811594202898551,-0.7036149239136046,10.29120680320973,22.0,2.0,1.960636848338011,10.29120680320973,22.0,-3.6205233678460496,10.29120680320973,22.0,-1.2518387409539202,10.29120680320973,22.0,1.0757332372683537,10.29120680320973,22.0,0.0490159212084502,-0.0,-0.0,0.0,2026-08-13,0.0607151194939224,0.0041836462564539,0.0039682865121149,-0.0218825052496707,0.0550559105878883,0.0193897813871359,1.380529439129743,,0.2610396969319919,-0.0150375470668888,0.1557523535944845,0.4537239368661239,0.687498641802002,,2.639424207296223,-0.1921983738020089,-0.1032643945405129,690,2.245354301089163,pga_ridge_v2,-2.957802919353684,701,-2.957802919353684,2.7582086136029864,1.0,62.56338424751648,0.0055636829331644,0.0113804543812887,0.0,weekly_pga_core,False,-0.0621304042292985,0.1615741534086792,0.0372249067844083,-0.003518074619568,0.0,0.0,2.772574788640444,2026-08-10 10:00,2026-08-10 10:00
TPC Southwind,1,2026-08-16,2026-08-13,27,FedEx St. Jude Championship,2026-08-10 17:40:44 UTC,no,pga,-18000,0,GER,20722,161,83,"schmid, matthias",48867,100,69,0.0,0.0,0.0,0.0,0.0,0.0,1997-11-18,-2.5,28,2.770686086689597,-0.0219940475620159,-0.8333333333333335,0.5004814753090094,0.249,pga,2026-08-05,784,-0.0219940475620159,-0.26,0.22,0.04,0,4,59.0,1.927536231884058,-7.188405797101449,1.1166431967703354,3.08692817650937,4.0,1.0,-4.321614065432349,3.08692817650937,4.0,6.818495972948972,3.08692817650937,4.0,-1.754578420706722,3.08692817650937,4.0,1.3417995295529712,3.08692817650937,4.0,-0.1,0.0,-0.0,0.0,2026-08-13,-0.0252343334418767,-0.0002927641626939,-0.0002155610833677,-0.0230919460351606,0.0032385577528301,-0.0048726199134844,0.0155285896283528,-0.0099970631759162,-0.1523575753571953,0.0226224931651688,0.0085386167504882,,,-0.0086509401284465,-0.1328156010174645,-3.921237927714276e-05,-0.0023357097244139,513,-0.3621699601520715,pga_ridge_v2,-2.957802919353684,701,-2.957802919353684,-0.3502178148877289,1.0,-7.097248861012954,-0.065055176837745,-0.0061247997962251,0.0,weekly_pga_core,False,0.0814025096125031,-0.0089724693780855,-0.008626574279673,0.0111664319677033,-0.0,-0.0,-0.0578457030950166,2026-08-10 10:00,2026-08-10 10:00
TPC Southwind,1,2026-08-16,2026-08-13,27,FedEx St. Jude Championship,2026-08-10 17:40:44 UTC,no,pga,-18000,0,AUS,6430,44,54,"scott, adam",24502,165,29,0.0,0.0,0.0,0.0,0.0,0.0,1980-07-16,13.5,46,3.0124150535947307,0.7314462276806336,1.4166666666666663,1.984853645969228,1.796111111111111,pga,2026-07-19,2116,0.7314462276806336,0.21,0.29,0.08,21,0,49.0,-2.072463768115942,13.81159420289855,3.8620707772153566,5.110099294281679,12.0,2.0,0.804747054541541,5.110099294281679,12.0,-1.3281838684271807,5.110099294281679,12.0,-0.0639113683506579,5.110099294281679,12.0,2.561801237661853,5.110099294281679,12.0,0.0201186763635385,-0.0,-0.0,0.0,2026-08-13,-0.048662348122468,-0.000267786630284,0.001910482119618,-0.0241540189536637,-0.0254802303781537,-0.0006707942799846,0.3416354602571935,,0.097698486484865,-0.0014413778919682,0.0475209560270038,0.2387745602753511,0.2328402522646969,,0.6177272356544719,-0.0803557096630741,-0.0425254694484214,688,0.3865358837419551,pga_ridge_v2,-2.957802919353684,701,-2.957802919353684,0.3582540913624705,1.0,-1.7456608311788386,0.0530637587598817,-0.2164199226511748,0.0,weekly_pga_core,False,-0.1259793090011095,0.1118590292829318,-0.0298352599462581,0.0193103538860767,-0.0,0.0,0.5930820498761128,2026-08-10 10:00,2026-08-10 10:00
TPC Southwind,1,2026-08-16,2026-08-13,27,FedEx St. Jude Championship,2026-08-10 17:40:44 UTC,no,pga,-18000,0,USA,18474,45,46,"smalley, alex",46340,179,25,0.0,0.0,0.0,0.0,0.0,0.0,1996-10-21,-0.5,29,2.812743521062308,0.6299678619864426,-0.4583333333333335,1.2158075185769848,0.7710000000000001,pga,2026-08-05,841,0.6299678619864426,0.12,-0.01,-0.21,0,2,59.0,-0.0724637681159419,-7.188405797101449,-4.301860325105122,2.6434431044634947,6.0,1.0,-1.5140544018217996,2.6434431044634947,6.0,-2.811111999981216,2.6434431044634947,6.0,0.4703774745362641,2.6434431044634947,6.0,-0.5711609205025561,2.6434431044634947,6.0,-0.0378513600455449,-0.0,0.0,-0.0,2026-08-13,0.0771144311504646,0.0035876736960867,0.0014965407192202,0.0172562677618319,0.0609921629032483,-0.0062182139299226,0.3659311274545118,,0.1054916032616728,-0.006635027607434,-0.0136828157636367,0.10770853825072,0.1694337623317786,,0.61625640783374,-0.083956183831349,-0.0421595392741507,479,0.5607792862291012,pga_ridge_v2,-2.957802919353684,701,-2.957802919353684,0.2528433194117039,1.0,11.577080066508293,0.0372463401393012,0.0141249430116272,0.0,weekly_pga_core,False,0.0655674053143235,-0.0041429270104789,0.0472794509050758,-0.0215093016255256,0.0,0.0,0.703451035417135,2026-08-10 10:00,2026-08-10 10:00
TPC Southwind,1,2026-08-16,2026-08-13,27,FedEx St. Jude Championship,2026-08-10 17:40:44 UTC,no,pga,-18000,0,ENG,18586,59,72,"smith, jordan",46464,202,64,0.0,0.0,0.0,0.0,0.0,0.0,1992-11-09,-6.5,33,2.617469616331016,0.5911839843299362,-0.2083333333333334,0.9391807450159726,0.6709999999999999,pga,2026-08-05,1089,0.5911839843299362,-0.02,0.27,0.0399999999999999,0,6,57.0,3.927536231884058,-7.188405797101449,0.0,0.0,0.0,0.0,0.0,0.0,0.0,0.0,0.0,0.0,0.0,0.0,0.0,0.0,0.0,0.0,0.0,0.0,0.0,0.0,2026-08-13,0.1071420494525122,-7.606664638409412e-05,0.0016191241402621,-0.0002071117828027,0.116865645625787,-0.0110595418843501,0.3405867679587512,,0.1051357787160435,-0.0178015739350034,0.1246325339792731,0.0923019529581521,0.1219234758556711,,0.6580711286466743,-0.0552360540369397,-0.0274300743368601,838,0.5607946609021062,pga_ridge_v2,-2.957802919353684,701,-2.957802919353684,1.346211359578782,1.0,-2.1400901349777026,0.1168968235784915,-0.0260416785124135,0.0,weekly_pga_core,False,0.0655674053143235,-0.0538580511362264,0.0656896146594831,0.0,-0.0,0.0,0.7354700974842545,2026-08-10 10:00,2026-08-10 10:00
TPC Southwind,1,2026-08-16,2026-08-13,27,FedEx St. Jude Championship,2026-08-10 17:40:44 UTC,no,pga,-18000,0,USA,17536,21,15,"spaun, j.j.",39324,452,21,0.0,0.0,0.0,0.0,0.0,0.0,1990-08-21,5.5,35,2.484480565141725,1.3287061643855311,0.1666666666666665,1.633057345956154,1.3492,pga,2026-08-02,1225,1.3287061643855311,-0.24,-0.27,0.1099999999999999,7,2,61.0,-0.0724637681159419,-0.1884057971014492,10.4837424137842,6.480608582096994,12.0,1.0,1.7416583947793045,6.480608582096994,12.0,4.813111827430882,6.480608582096994,12.0,4.36394005599964,6.480608582096994,12.0,-0.5428922924790257,6.480608582096994,12.0,0.0435414598694826,0.0,0.0,-0.0,2026-08-13,0.079134645544832,9.906719435123905e-05,0.003145472783284,0.0084067492051835,0.0577787780349187,0.0097045783270944,0.6699629623441509,,0.0387369712828699,0.0016035233750712,0.0308315163041947,0.1855943292565409,0.2899719015799407,,1.014385066830872,-0.1025172219756465,-0.0455106309221485,786,0.7674457813237752,pga_ridge_v2,-2.957802919353684,701,-2.957802919353684,1.0628329243986947,1.0,2.093430544957241,-0.0268302300246505,-0.0542882844141012,0.0,weekly_pga_core,False,0.0017185005425125,0.0455721971152685,0.0485180598898177,0.052418712068921,0.0,-0.0,1.1626125364473916,2026-08-10 10:00,2026-08-10 10:00
TPC Southwind,1,2026-08-16,2026-08-13,27,FedEx St. Jude Championship,2026-08-10 17:40:44 UTC,no,pga,-18000,0,USA,14636,72,57,"spieth, jordan",34046,309,54,0.0,0.0,0.0,0.0,0.0,0.0,1993-07-27,19.5,33,2.577271390682675,0.3714367599515714,0.5416666666666665,1.7998940092461388,1.5064,pga,2026-08-05,1089,0.3714367599515714,0.28,0.0199999999999999,0.24,0,3,73.0,0.927536231884058,-7.188405797101449,-10.319756520121857,10.29120680320973,22.0,2.0,-0.7428253730629275,10.29120680320973,22.0,-7.48302048542603,10.29120680320973,22.0,-2.6019366307319194,10.29120680320973,22.0,1.94866774499796,10.29120680320973,22.0,-0.0185706343265731,-0.0,-0.0,0.0,2026-08-13,-0.0954956914830728,-0.0002551000946113,0.0003906685407693,-0.036256487114732,-0.0578419583783495,-0.0015328144361492,0.2008367816618361,-0.035952687578051,0.1365849936896353,0.0047429864421085,-0.0185019895399336,,,0.1245460745476354,0.3824802054460461,-0.000176633395245,0.0142913459573434,737,0.2089398112291502,pga_ridge_v2,-2.957802919353684,701,-2.957802919353684,-0.2896590665705225,1.0,15.60100083804727,0.1762061076819695,-0.043890666339283,0.0,weekly_pga_core,False,0.0814025096125031,0.0699852611490676,-0.0326460248242723,-0.1,0.0,0.0,0.4012219513833446,2026-08-10 10:00,2026-08-10 10:00
TPC Southwind,1,2026-08-16,2026-08-13,27,FedEx St. Jude Championship,2026-08-10 17:40:44 UTC,no,pga,-18000,0,USA,25569,144,58,"stevens, samuel",55893,79,55,0.0,0.0,0.0,0.0,0.0,0.0,1996-07-04,1.5,30,2.460141301926195,0.1168644182775895,-0.7083333333333335,0.8715216706028837,0.6906,pga,2026-08-05,900,0.1168644182775895,-0.15,-0.06,-0.41,2,5,65.0,2.927536231884058,-5.188405797101449,-2.351715245299522,4.981082509217524,8.0,1.0,1.7584780717853556,4.981082509217524,8.0,-3.781927863506144,4.981082509217524,8.0,-1.7157643526449906,4.981082509217524,8.0,2.36215415698816,4.981082509217524,8.0,0.0439619517946338,-0.0,-0.0,0.0,2026-08-13,-0.0920881102611034,-0.0022935807292799,0.0002670937248635,-0.0133618506351062,-0.0738048454981767,-0.0028949271234039,0.0542663258767273,-0.0174085508256179,-0.1597571750869309,0.0126229444480235,-0.0011675848187707,,,0.0749748144465369,-0.0520214062331157,-2.1362096297336387e-05,0.0015483718257814,504,-0.2951488798749689,pga_ridge_v2,-2.957802919353684,701,-2.957802919353684,-0.2566808155474072,1.0,6.499198149042269,-0.1263601521294714,-0.0170791900025681,0.0,weekly_pga_core,False,0.0587542307283792,0.0053834816268513,-0.0314811138273939,-0.0235171524529952,0.0,-0.0,-0.0428819601582742,2026-08-10 10:00,2026-08-10 10:00
TPC Southwind,1,2026-08-16,2026-08-13,27,FedEx St. Jude Championship,2026-08-10 17:40:44 UTC,no,pga,-18000,0,AUT,17511,136,29,"straka, sepp",49960,228,37,0.0,0.0,0.0,0.0,0.0,0.0,1993-05-01,9.5,33,3.2,0.2162707427369283,-0.5833333333333335,1.52277040553848,1.3330000000000002,pga,2026-08-05,1089,0.2162707427369283,0.23,-0.03,0.06,2,1,59.0,-1.072463768115942,-5.188405797101449,0.4123333748544591,8.901311936381132,16.0,1.0,4.681071627161851,8.901311936381132,16.0,-0.7822938568887845,8.901311936381132,16.0,-3.1069729916831434,8.901311936381132,16.0,2.371961513274123,8.901311936381132,16.0,0.1,-0.0,-0.0,0.0,2026-08-13,0.0491121712154585,0.0001648205443379,0.0011116906161058,0.0244931739135405,0.0345269650460612,-0.011184478904587,0.0992917034469493,-0.0304171736569962,-0.2310258992844913,0.017182125429731,-0.0035969530434223,,,0.1124622216698053,-0.0742469265069486,-7.804235176235535e-05,0.0067978608293202,796,-0.3347077586461732,pga_ridge_v2,-2.957802919353684,701,-2.957802919353684,-1.175527702230284,1.0,-20.61170396020689,0.042905718296593,-0.0448627695460824,0.0,weekly_pga_core,False,0.0587542307283792,0.0340953836367252,0.0167894188289947,0.0041233337485445,-0.0,0.0,0.0395154404356952,2026-08-10 10:00,2026-08-10 10:00
TPC Southwind,1,2026-08-16,2026-08-13,27,FedEx St. Jude Championship,2026-08-10 17:40:44 UTC,no,pga,-18000,0,CAN,13126,70,78,"taylor, nick",25493,109,63,0.0,0.0,0.0,0.0,0.0,0.0,1988-04-14,15.5,38,2.626090663543041,0.6881852020314763,-0.3333333333333335,1.0494419653956284,0.9094,pga,2026-08-05,1444,0.6881852020314763,-0.2299999999999999,0.0999999999999999,-0.1099999999999999,0,3,73.0,0.927536231884058,-7.188405797101449,-3.20346240518894,9.10133693609166,18.0,2.0,1.773117686490355,9.10133693609166,18.0,-2.963441829153893,9.10133693609166,18.0,0.7818704921751096,9.10133693609166,18.0,-1.9796527199944405,9.10133693609166,18.0,0.0443279421622588,-0.0,0.0,-0.0,2026-08-13,0.0900919106319379,0.0051847050214029,0.0002806330604101,0.0387016078888463,0.0426183208363471,0.0033066438249313,0.3244968842009184,,-0.028044598928399,-0.0296901597599943,-0.06288037832179,0.1250959702237609,0.1922336466409781,,0.3699430974195154,-0.0389307329965221,-0.0264204574612848,820,-0.0976291287368265,pga_ridge_v2,-2.957802919353684,701,-2.957802919353684,0.4597609993090121,1.0,-17.870436341506522,0.1059318176526867,-0.0859170761781517,0.0,weekly_pga_core,False,0.0655674053143235,0.1284307373248476,0.0552360433983636,-0.0160173120259447,-0.0,0.0,0.6031599714311054,2026-08-10 10:00,2026-08-10 10:00
TPC Southwind,1,2026-08-16,2026-08-13,27,FedEx St. Jude Championship,2026-08-10 17:40:44 UTC,no,pga,-18000,0,USA,23014,76,84,"theegala, sahith",51634,143,44,0.0,0.0,0.0,0.0,0.0,0.0,1997-12-04,5.5,28,3.008025030126096,0.4622226571836365,1.6666666666666663,1.4208351695642858,1.2602000000000002,pga,2026-08-05,784,0.4622226571836365,0.06,-0.03,-0.17,0,2,71.0,-0.0724637681159419,-7.188405797101449,4.183499626978371,5.814383759871762,12.0,1.0,2.0534515697524705,5.814383759871762,12.0,-1.085269525938604,5.814383759871762,12.0,0.7174437670420565,5.814383759871762,12.0,2.9817792774079503,5.814383759871762,12.0,0.0513362892438117,-0.0,0.0,0.0,2026-08-13,-0.0459434045687494,0.0001918089187443,0.0013443847814236,-0.0096172245474928,-0.0479148690906197,0.0100524953691952,0.2810751188011652,,-0.013654926502587,-0.0053661984861597,-0.0336266659579647,0.1733515963008396,0.1419016156497505,,0.5150588670607011,-0.0305733029994217,-0.0217441346883283,551,0.2427921531056476,pga_ridge_v2,-2.957802919353684,701,-2.957802919353684,0.56265099045561,1.0,5.711623118288883,-0.1337989645583271,0.0236957649434073,0.0,weekly_pga_core,False,0.0814025096125031,0.0197394326317883,-0.0157061486520451,0.0418349962697837,0.0,-0.0,0.6423296569227313,2026-08-10 10:00,2026-08-10 10:00
TPC Southwind,1,2026-08-16,2026-08-13,27,FedEx St. Jude Championship,2026-08-10 17:40:44 UTC,no,pga,-18000,0,USA,14139,20,23,"thomas, justin",33448,539,39,0.0,0.0,0.0,0.0,0.0,0.0,1993-04-29,17.5,33,2.9032404488164,1.1473044247591433,0.1666666666666665,2.3206658925247394,2.1922,pga,2026-08-05,1089,1.1473044247591433,-0.25,-0.0999999999999999,-0.18,0,2,59.0,-0.0724637681159419,-7.188405797101449,2.4010740801639594,9.147289771625704,20.0,2.0,2.956741027020956,9.147289771625704,20.0,4.228689573601455,9.147289771625704,20.0,0.7246577097027587,9.147289771625704,20.0,-4.605809969406811,9.147289771625704,20.0,0.0739185256755238,0.0,0.0,-0.0,2026-08-13,0.1045206837600635,0.0024546971590383,0.00070887600965,-0.0153808344357045,0.0887432223244126,0.027994722702667,0.5824521489263437,,0.1144673824905175,-0.0088008436971128,0.060424883587129,0.3053805299062561,0.2512152169785852,,1.1525235023733849,-0.0885198211775381,-0.0426215178417805,749,1.1441000417721607,pga_ridge_v2,-2.957802919353684,701,-2.957802919353684,1.26265099045561,1.0,-59.75201043804425,-0.3607064797111452,-0.0214744767990151,0.0,weekly_pga_core,False,0.0655674053143235,0.1450024453667634,0.0640824351898122,0.0120053704008197,-0.0,-0.0,1.439181158645104,2026-08-10 10:00,2026-08-10 10:00
TPC Southwind,1,2026-08-16,2026-08-13,27,FedEx St. Jude Championship,2026-08-10 17:40:44 UTC,no,pga,-18000,0,USA,26649,37,39,"thorbjornsen, michael",57364,177,38,0.0,0.0,0.0,0.0,0.0,0.0,2001-09-16,-6.5,24,3.2,0.900672170918982,-0.0833333333333334,0.9160807902955056,0.6918000000000001,pga,2026-08-02,576,0.900672170918982,0.48,0.28,0.2,7,2,55.0,-0.0724637681159419,-0.1884057971014492,0.0,0.0,0.0,0.0,0.0,0.0,0.0,0.0,0.0,0.0,0.0,0.0,0.0,0.0,0.0,0.0,0.0,0.0,0.0,0.0,2026-08-13,0.0549249715588961,-0.0011020778674785,0.0005750137480272,-0.021008774636671,0.0627141385212696,0.0137466717937489,0.4091372113392267,,0.2366416835611299,-0.0022736803027616,0.0706728387209452,0.0951631759410576,0.1435925724606882,,0.9016806179011454,-0.0709758788513159,-0.031083517936011,211,0.8124872602094224,pga_ridge_v2,-2.957802919353684,701,-2.957802919353684,1.4612713937627433,1.0,-3.104790313016451,0.0944075557234087,0.0508062129681861,0.0,weekly_pga_core,False,0.0017185005425125,-0.0538580511362264,0.0336749225474364,0.0,-0.0,0.0,0.8832159898548679,2026-08-10 10:00,2026-08-10 10:00
TPC Southwind,1,2026-08-16,2026-08-13,27,FedEx St. Jude Championship,2026-08-10 17:40:44 UTC,no,pga,-18000,0,USA,12577,69,45,"woodland, gary",31323,100,27,0.0,0.0,0.0,0.0,0.0,0.0,1984-05-21,5.5,42,3.0852094194666004,0.349000222611227,-0.0833333333333334,1.4836626662003476,1.366,pga,2026-07-26,1764,0.349000222611227,-0.48,0.0,-0.1399999999999999,14,0,53.0,-2.072463768115942,6.811594202898551,-1.230390730095114,2.4497883737141253,8.0,2.0,0.6327832893563632,2.4497883737141253,8.0,-0.633015729806496,2.4497883737141253,8.0,0.3596940064068015,2.4497883737141253,8.0,-1.180338942053587,2.4497883737141253,8.0,0.015819582233909,-0.0,0.0,-0.0,2026-08-13,-0.0259322695030008,0.0020384950307857,0.0008792330760826,-0.0549537521471231,0.0404818920630732,-0.0143781375258192,0.1700297215557879,-0.0331986755708419,0.0376338687722021,-0.0087648490327885,0.05390572013448,,,0.18455338940686,0.2646106540162483,-0.000458220363862,0.0139711838454463,737,0.3518341032764907,pga_ridge_v2,-2.957802919353684,701,-2.957802919353684,0.3970255610506585,1.0,-10.889707190643811,-0.0913751386982126,-0.1530614847310357,0.0,weekly_pga_core,False,-0.0771354425763638,0.0197394326317883,-0.0088651697348539,-0.0123039073009511,-0.0,-0.0,0.1860455670358676,2026-08-10 10:00,2026-08-10 10:00
TPC Southwind,1,2026-08-16,2026-08-13,27,FedEx St. Jude Championship,2026-08-10 17:40:44 UTC,no,pga,-18000,0,CAN,29925,117,108,"yellamaraju, sudarshan",60386,90,57,0.0,0.0,0.0,0.0,0.0,0.0,2001-08-01,-6.5,25,2.558594711336952,0.2394197942659254,0.5416666666666665,0.5977270453455795,0.4001999999999999,pga,2026-07-31,625,0.2394197942659254,-0.37,-0.08,-0.1699999999999999,9,0,57.0,-2.072463768115942,1.8115942028985508,0.0,0.0,0.0,0.0,0.0,0.0,0.0,0.0,0.0,0.0,0.0,0.0,0.0,0.0,0.0,0.0,0.0,0.0,0.0,0.0,2026-08-13,-0.0093107999545132,0.0013919548227042,8.807829986349255e-05,-0.0183965553646309,0.0036823156968783,0.0039234065906715,0.1328913315374703,-0.0119395328879737,-0.0685133470434538,-0.0028344887399904,0.0142958952073297,,,0.0862347682645149,0.1797171547227018,-0.0003129308103328,0.0124033493559344,214,0.065805536982571,pga_ridge_v2,-2.957802919353684,701,-2.957802919353684,0.2357384387192799,1.0,-6.240995842096311,0.0,0.0174921098392032,0.0,weekly_pga_core,False,-0.0205147453660542,-0.0233284203830225,-0.0031829771765436,0.0,-0.0,0.0,0.1326910117970814,2026-08-10 10:00,2026-08-10 10:00
TPC Southwind,1,2026-08-16,2026-08-13,27,FedEx St. Jude Championship,2026-08-10 17:40:44 UTC,no,pga,-18000,0,USA,26651,8,3,"young, cameron",57366,527,3,0.0,0.0,0.0,0.0,0.0,0.0,1997-05-07,9.5,29,3.0474106354573456,1.7845827776609795,0.7916666666666665,2.143198681359509,1.8238000000000003,pga,2026-08-05,841,1.7845827776609795,0.1800000000000001,0.01,0.02,0,3,61.0,0.927536231884058,-7.188405797101449,-0.2560065194507128,8.901311936381132,16.0,1.0,2.5636841513887085,8.901311936381132,16.0,1.685279366257045,8.901311936381132,16.0,-2.8426283188208554,8.901311936381132,16.0,-4.021790786583187,8.901311936381132,16.0,0.0640921037847177,0.0,-0.0,-0.0,2026-08-13,-0.0407970066136691,-0.0005808922082995,0.0024282486623091,-0.0580972300525481,0.0031982381515828,0.0122546288332865,0.8155417435939154,,0.0941468714067819,0.0154401007696993,0.1580161294468502,0.2476058350591266,0.3899961783560711,,1.5241567374716922,-0.1444782611484074,-0.0715531545412021,514,1.4326013276349596,pga_ridge_v2,-2.957802919353684,701,-2.957802919353684,1.2650651612797577,1.0,30.658942386753235,0.0697915870874003,0.019441294528857,0.0,weekly_pga_core,False,0.0655674053143235,0.0787156131991001,-0.0250129585667494,-0.0012800325972535,0.0,0.0,1.6421467648211132,2026-08-10 10:00,2026-08-10 10:00
