player_name,pred_base,boost,override,override_adj,dg_pred,dg_adj,sheet_boost,max,max_50,lt_form,int_form,sg_6m,sma_6m,skill,sg_adj,putting,driving,majors,links,age,dsle_,c_adj,exp,c_hist,pred,decomp_residual,std_dev,sample
"aberg, ludvig",1.69,0.0,,0.0,1.84,0.0,0.0,,0.37,-0.02,,0.15,-0.03,0.96,0.23,-0.01,0.11,0.0,0.0,0.06,-0.05,-0.03,-0.04,0.0,1.69,0.0,3.03,41.0
"bauchou, zach",0.29,0.0,,0.0,0.35,0.03,0.0,0.0,,-0.01,-0.0,,0.02,0.03,0.21,-0.0,0.01,-0.0,0.0,0.03,0.04,0.0,-0.04,0.0,0.32,0.0,3.0,45.0
"bezuidenhout, christiaan",0.71,0.0,,0.0,0.73,0.0,0.0,,0.22,-0.01,,0.06,-0.01,0.35,0.07,-0.02,-0.08,0.0,0.0,0.01,0.01,-0.04,0.07,0.08,0.72,0.0,2.3,50.0
"bhatia, akshay",0.84,0.0,,0.0,0.79,-0.01,0.0,,0.22,-0.01,,0.1,-0.02,0.6,0.03,-0.03,-0.05,-0.0,-0.0,0.07,-0.08,-0.0,0.02,-0.01,0.83,0.0,3.08,48.0
"blair, zac",-0.17,0.0,,0.0,0.14,0.16,0.0,0.0,,-0.01,-0.01,,0.01,0.0,-0.09,0.01,-0.06,0.0,0.0,-0.03,0.04,0.04,0.03,-0.11,-0.01,0.0,2.38,43.0
"blanchet, chandler",-0.07,0.0,,0.0,-0.09,-0.01,0.0,0.01,,-0.0,-0.02,,-0.02,-0.02,-0.11,0.0,0.02,0.0,0.0,0.02,0.01,0.08,-0.04,0.0,-0.08,0.0,2.95,42.0
"bradley, keegan",0.81,0.0,,0.0,0.8,-0.0,0.0,,0.26,-0.01,,0.09,-0.01,0.51,0.05,-0.01,0.05,0.0,-0.0,-0.11,-0.08,-0.03,0.01,0.07,0.81,0.0,2.99,45.0
"brennan, michael",0.33,0.0,,0.0,0.16,-0.09,0.0,0.01,,-0.0,0.04,,0.0,0.12,-0.07,0.0,0.14,-0.0,0.0,0.07,0.01,0.05,-0.04,0.0,0.25,0.0,2.58,44.0
"brown, dan",-0.3,0.0,,0.0,-0.06,0.12,0.0,0.01,,0.02,-0.07,,-0.06,-0.23,-0.05,0.01,0.01,-0.0,0.0,0.01,0.04,0.03,-0.04,0.0,-0.18,0.0,2.3,39.0
"campbell, brian",-0.88,0.0,,0.0,-0.84,0.02,0.0,0.01,,0.03,-0.12,,-0.06,-0.3,-0.24,-0.01,-0.13,0.0,-0.0,-0.0,-0.05,0.03,-0.02,-0.01,-0.86,0.0,3.2,43.0
"castillo, ricky",0.06,0.0,,0.0,0.25,0.09,0.0,0.02,,-0.02,0.04,,0.03,0.11,-0.08,-0.0,0.01,-0.0,0.0,0.06,-0.07,-0.01,-0.01,-0.01,0.15,0.0,2.38,47.0
"cauley, bud",0.6,0.0,,0.0,0.87,0.07,0.0,,0.13,-0.01,,0.04,-0.01,0.33,0.09,0.0,0.06,-0.0,-0.0,-0.05,-0.05,-0.05,0.05,0.05,0.67,0.0,2.53,50.0
"chatfield, davis",-0.6,0.0,,0.0,-0.57,0.01,0.0,0.0,,0.01,-0.11,,-0.05,-0.28,-0.18,0.01,-0.03,0.0,0.0,0.05,0.01,-0.0,-0.04,0.0,-0.58,0.0,2.3,29.0
"clanton, luke",-0.57,0.0,,0.0,-0.53,0.02,0.0,0.03,,0.02,-0.13,,-0.07,-0.37,-0.04,0.02,-0.08,0.0,0.0,0.03,0.04,0.03,-0.04,0.0,-0.55,0.0,2.54,30.0
"cole, eric",0.27,0.0,,0.0,0.58,0.15,0.0,0.04,,-0.02,0.06,,0.02,0.22,0.18,-0.02,-0.11,0.0,0.0,-0.06,0.04,-0.08,0.01,-0.01,0.43,0.0,2.54,41.0
"coody, pierceson",0.92,0.0,,0.0,0.73,-0.05,0.0,,0.12,-0.01,,0.05,-0.01,0.27,0.07,-0.02,0.11,-0.0,0.0,0.06,0.04,0.06,0.02,0.16,0.87,0.0,2.81,52.0
"crowe, trace",-0.41,0.0,,0.0,-0.32,0.04,0.0,-0.0,,0.0,-0.05,,-0.03,-0.11,-0.13,0.01,-0.06,0.0,0.0,0.03,0.01,-0.05,-0.04,0.0,-0.37,0.0,2.7,15.0
"dahmen, joel",-0.43,0.0,,0.0,-0.35,0.04,0.0,0.03,,0.01,-0.02,,-0.01,-0.17,-0.28,0.01,-0.01,-0.0,-0.0,-0.07,0.01,0.04,0.11,-0.1,-0.39,0.0,2.66,33.0
"davis, cameron",-1.37,0.0,,0.0,-1.06,0.16,0.0,0.03,,0.05,-0.25,,-0.13,-0.72,-0.3,0.01,-0.12,0.0,-0.0,0.02,0.01,0.01,0.06,-0.03,-1.21,0.0,3.2,34.0
"dou, zecheng",-0.09,0.0,,0.0,0.07,0.08,0.0,0.01,,-0.02,0.01,,0.01,0.0,0.02,0.0,-0.08,0.0,0.0,0.03,0.01,-0.06,-0.01,-0.0,-0.01,0.0,2.66,41.0
"dumont de chassart, adrien",0.07,0.0,,0.0,0.11,0.02,0.0,0.01,,-0.02,0.04,,0.02,0.1,-0.0,-0.0,-0.05,0.0,0.0,0.06,0.01,-0.06,-0.04,0.0,0.09,0.0,2.3,39.0
"dunlap, nick",-0.88,0.0,,0.0,-0.53,0.17,0.0,0.02,,0.03,-0.19,,-0.08,-0.47,-0.07,0.0,-0.15,-0.0,0.0,0.08,0.01,-0.02,-0.04,0.0,-0.7,0.0,2.93,23.0
"echavarria, nicolas",-0.31,0.0,,0.0,-0.24,0.03,0.0,0.02,,0.0,-0.01,,-0.01,-0.04,-0.13,-0.01,-0.09,-0.0,0.0,0.01,-0.07,0.04,-0.0,-0.02,-0.28,0.0,3.2,44.0
"eckroat, austin",0.42,0.0,,0.0,0.31,-0.05,0.0,0.02,,-0.01,0.03,,0.01,0.15,0.06,-0.0,-0.02,-0.0,-0.0,0.05,0.04,0.04,0.02,0.03,0.37,0.0,2.37,38.0
"ewart, a.j.",0.15,0.0,,0.0,-0.17,-0.16,0.0,0.02,,-0.01,0.02,,0.01,0.05,0.07,-0.02,-0.05,0.0,0.0,0.05,0.04,-0.0,-0.04,0.0,-0.01,0.0,2.44,41.0
"finau, tony",0.37,0.0,,0.0,0.65,0.14,0.0,0.06,,-0.0,0.01,,0.01,-0.01,0.15,0.0,-0.01,0.0,0.0,-0.04,0.04,-0.08,0.11,0.14,0.51,0.0,3.04,48.0
"fisk, steven",0.14,0.0,,0.0,0.2,0.03,0.0,0.01,,-0.0,0.01,,0.0,0.02,0.06,-0.02,0.02,-0.0,0.0,0.04,0.04,-0.01,-0.01,-0.02,0.17,0.0,2.3,44.0
"fowler, rickie",1.4,0.0,,0.0,1.17,0.0,0.0,,0.41,-0.02,,0.12,-0.03,0.74,0.12,-0.01,0.04,0.0,-0.0,-0.07,-0.05,0.04,0.11,0.0,1.4,0.0,2.74,45.0
"garnett, brice",-0.9,0.0,,0.0,-0.66,0.12,0.0,0.01,,0.02,-0.15,,-0.05,-0.42,-0.24,0.01,-0.08,0.0,0.0,-0.13,0.01,0.01,0.05,0.06,-0.78,0.0,2.91,32.0
"gerard, ryan",0.57,0.0,,0.0,0.67,0.03,0.0,,0.19,-0.01,,0.08,-0.02,0.36,-0.02,-0.0,-0.01,0.0,0.0,0.06,-0.05,0.04,-0.02,-0.03,0.59,0.0,2.77,57.0
"ghim, doug",0.41,0.0,,0.0,0.55,0.07,0.0,0.02,,-0.01,0.04,,0.01,0.14,0.09,0.01,0.07,-0.0,0.0,0.03,0.04,-0.02,0.06,-0.07,0.48,0.0,2.3,36.0
"glover, lucas",0.17,0.0,,0.0,-0.06,-0.12,0.0,0.03,,-0.0,0.03,,-0.02,0.14,-0.05,0.0,-0.01,0.0,-0.0,-0.2,-0.07,0.0,0.09,0.23,0.06,0.0,2.73,32.0
"greyserman, max",0.56,0.0,,0.0,0.58,0.0,0.0,0.03,,-0.01,0.03,,0.01,0.2,0.24,0.01,0.03,0.0,0.0,0.02,0.04,-0.03,-0.0,-0.0,0.57,0.0,3.01,43.0
"griffin, ben",1.11,0.0,,0.0,1.25,0.0,0.0,,0.31,-0.01,,0.12,-0.01,0.59,0.11,-0.04,0.05,0.0,0.0,0.03,-0.05,-0.04,0.02,0.04,1.11,0.0,2.47,51.0
"griffin, lanto",-0.32,0.0,,0.0,-0.31,0.0,0.0,0.03,,-0.0,-0.04,,-0.0,-0.04,-0.09,0.0,0.0,-0.0,0.0,-0.06,0.04,-0.0,-0.01,-0.15,-0.32,0.0,2.31,24.0
"grillo, emiliano",0.13,0.0,,0.0,0.12,-0.0,0.0,0.03,,0.01,-0.06,,-0.04,-0.15,-0.06,0.02,-0.0,-0.0,0.0,-0.01,0.04,0.04,0.15,0.15,0.12,0.0,3.09,40.0
"hall, harry",0.83,0.0,,0.0,0.91,0.02,0.0,,0.23,-0.01,,0.09,-0.01,0.51,0.06,-0.01,-0.04,-0.0,0.0,0.04,-0.08,-0.04,0.02,0.06,0.85,0.0,2.35,43.0
"hansson, albert",-2.62,0.0,,0.0,-2.62,0.0,0.0,,,,,,,,,,,0.0,0.0,,0.0,0.0,-0.04,0.0,-2.62,0.0,3.0,0.0
"hardy, nick",-0.6,0.0,,0.0,-0.79,-0.09,0.0,0.01,,0.02,-0.14,,-0.06,-0.4,-0.14,0.03,-0.07,0.0,0.0,0.03,0.01,-0.03,0.03,0.12,-0.69,0.0,2.3,31.0
"harman, brian",0.54,0.0,,0.0,0.74,0.05,0.0,,0.24,-0.0,,0.04,-0.0,0.28,0.05,-0.02,-0.08,0.0,0.0,-0.1,-0.05,-0.05,0.18,0.05,0.59,0.0,2.96,54.0
"henley, russell",1.37,0.0,,0.0,1.46,0.0,0.0,,0.37,-0.02,,0.16,-0.02,0.88,0.05,-0.0,0.06,0.0,0.0,-0.06,-0.08,0.01,0.01,0.01,1.37,0.0,2.3,39.0
"higgo, garrick",-0.24,0.0,,0.0,-0.15,0.04,0.0,0.03,,0.01,-0.08,,-0.06,-0.15,0.06,0.01,0.01,-0.0,-0.0,0.05,0.04,0.01,-0.0,-0.16,-0.2,0.0,2.67,43.0
"highsmith, joe",-0.96,0.0,,0.0,-1.02,-0.03,0.0,0.02,,0.03,-0.13,,-0.06,-0.37,-0.36,0.01,-0.07,0.0,0.0,0.06,0.01,-0.01,-0.02,-0.05,-0.99,0.0,2.77,46.0
"hirata, kensei",-0.41,0.0,,0.0,-0.36,0.03,0.0,-0.0,,0.03,-0.15,,-0.04,-0.34,-0.03,0.0,0.0,0.0,0.0,0.06,0.04,0.05,-0.04,0.0,-0.38,0.0,2.47,36.0
"hisatsune, ryo",0.65,0.0,,0.0,0.96,0.08,0.0,0.02,,-0.04,0.07,,0.05,0.2,0.13,0.0,0.04,0.0,-0.0,0.07,0.04,0.01,-0.0,0.05,0.73,0.0,2.72,63.0
"hodges, lee",0.26,0.0,,0.0,0.16,-0.05,0.0,0.02,,-0.0,0.02,,0.0,-0.0,-0.11,0.01,0.04,-0.0,0.0,0.02,0.01,0.05,0.05,0.14,0.21,0.0,2.57,34.0
"hoey, rico",0.38,0.0,,0.0,0.43,0.02,0.0,0.02,,-0.0,0.04,,-0.01,0.1,0.09,-0.0,0.06,-0.0,0.0,0.02,0.04,0.06,-0.01,-0.01,0.4,0.0,2.58,50.0
"hoffman, charley",-0.88,0.0,,0.0,-0.84,0.02,0.0,0.04,,0.02,-0.18,,-0.11,-0.42,-0.14,0.01,-0.01,0.0,-0.0,-0.26,0.04,-0.04,0.12,0.06,-0.86,0.0,2.3,24.0
"hoge, tom",-0.24,0.0,,0.0,-0.03,0.1,0.0,0.03,,0.0,-0.09,,-0.01,-0.21,0.15,-0.0,-0.09,0.0,-0.0,-0.05,0.04,0.0,0.1,-0.1,-0.13,0.0,2.8,51.0
"hojgaard, rasmus",0.36,0.0,,0.0,0.23,-0.06,0.0,0.03,,-0.02,0.07,,0.01,0.16,-0.06,0.01,0.06,-0.0,-0.0,0.06,0.04,0.03,-0.04,0.0,0.3,0.0,2.44,45.0
"homa, max",0.05,0.0,,0.0,0.09,0.02,0.0,0.05,,-0.01,0.05,,0.02,0.12,-0.14,-0.01,0.02,-0.0,0.0,-0.03,-0.07,0.01,0.05,-0.01,0.07,0.0,2.73,45.0
"horschel, billy",-0.23,0.0,,0.0,-0.15,0.04,0.0,0.04,,0.01,-0.02,,-0.03,-0.13,-0.17,0.01,-0.02,0.0,-0.0,-0.08,0.01,0.01,0.11,0.02,-0.19,0.0,2.7,51.0
"hossler, beau",0.19,0.0,,0.0,0.26,0.04,0.0,0.02,,-0.0,0.02,,0.01,0.12,0.06,-0.02,-0.01,0.0,0.0,0.02,0.01,-0.03,0.11,-0.12,0.22,0.0,2.58,32.0
"howell, mason",-1.58,0.0,,0.0,-1.58,0.0,0.0,,,,,,,,,,,0.0,0.0,,0.0,0.0,-0.04,0.0,-1.58,0.0,2.3,0.0
"hubbard, mark",0.14,0.0,,0.0,0.04,-0.05,0.0,0.02,,0.01,-0.04,,-0.02,-0.03,0.1,0.02,-0.05,-0.0,0.0,-0.05,0.04,-0.01,0.1,0.05,0.09,0.0,2.88,40.0
"hughes, mackenzie",-0.13,0.0,,0.0,-0.03,0.05,0.0,0.03,,-0.0,0.01,,-0.0,-0.0,-0.09,-0.01,-0.12,-0.0,0.0,-0.03,0.04,-0.06,0.05,0.06,-0.08,0.0,2.64,38.0
"im, sungjae",0.9,0.0,,0.0,0.74,-0.04,0.0,,0.33,-0.01,,0.04,-0.01,0.31,0.11,-0.01,0.06,-0.0,-0.0,0.04,0.04,-0.08,0.07,-0.0,0.86,0.0,3.05,35.0
"jaeger, stephan",0.21,0.0,,0.0,0.36,0.07,0.0,0.02,,-0.01,0.06,,0.03,0.13,0.16,-0.0,0.0,-0.0,-0.0,-0.05,0.04,-0.09,-0.0,-0.07,0.28,0.0,3.06,44.0
"kanaya, takumi",-0.37,0.0,,0.0,-0.2,0.08,0.0,0.01,,0.0,-0.03,,-0.03,-0.08,-0.18,-0.0,-0.03,-0.0,-0.0,0.05,0.01,-0.01,-0.02,-0.05,-0.29,0.0,2.89,42.0
"kang, jeffrey",-0.98,0.0,,0.0,-0.83,0.07,0.0,-0.01,,0.02,-0.2,,-0.08,-0.45,-0.12,0.01,-0.09,0.0,0.0,-0.02,0.04,-0.03,-0.04,0.0,-0.9,0.0,2.67,30.0
"keefer, johnny",0.24,0.0,,0.0,-0.06,-0.15,0.0,0.03,,0.0,-0.01,,-0.01,-0.03,0.14,0.01,0.03,-0.0,0.0,0.06,0.04,0.02,-0.04,0.0,0.09,0.0,2.69,47.0
"kim, michael",0.47,0.0,,0.0,0.38,-0.04,0.0,,0.16,-0.01,,0.04,-0.01,0.32,0.08,-0.03,-0.11,-0.0,0.0,-0.0,-0.05,-0.02,0.06,0.04,0.42,0.0,3.2,50.0
"kim, tom",0.39,0.0,,0.0,0.58,0.09,0.0,0.04,,-0.01,0.04,,0.02,0.14,0.05,0.01,-0.04,0.0,0.0,0.07,0.04,-0.02,0.01,0.04,0.48,0.0,2.3,43.0
"kirk, chris",0.29,0.0,,0.0,0.49,0.1,0.0,0.03,,-0.02,0.07,,0.01,0.21,0.1,0.01,0.03,0.0,-0.0,-0.1,0.04,-0.01,0.11,-0.18,0.39,0.0,2.3,38.0
"kisner, kevin",-0.98,0.0,,0.0,-1.21,-0.11,0.0,0.04,,0.03,-0.19,,-0.01,-0.4,-0.07,-0.01,-0.07,-0.0,-0.0,-0.12,-0.32,-0.0,0.12,0.02,-1.09,0.0,2.98,0.0
"kizzire, patton",-0.97,0.0,,0.0,-0.99,-0.01,0.0,0.02,,0.01,-0.09,,-0.04,-0.35,-0.27,0.02,-0.18,-0.0,0.0,-0.09,0.01,-0.1,0.1,-0.0,-0.98,0.0,2.68,28.0
"kohles, ben",-0.36,0.0,,0.0,-0.13,0.11,0.0,0.01,,0.01,-0.07,,-0.02,-0.19,-0.12,0.02,0.06,0.0,0.0,-0.04,0.01,0.0,-0.01,-0.02,-0.24,0.0,2.64,34.0
"kuchar, matt",-0.29,0.0,,0.0,-0.07,0.11,0.0,0.05,,-0.01,-0.01,,-0.03,-0.06,-0.11,-0.0,-0.06,-0.0,-0.0,-0.23,0.01,0.01,0.09,0.07,-0.18,0.0,2.3,23.0
"lamprecht, christo",-0.82,0.0,,0.0,-0.99,-0.09,0.0,-0.0,,0.02,-0.15,,-0.07,-0.38,-0.24,0.01,0.0,0.0,0.0,0.06,0.01,-0.04,-0.04,0.0,-0.9,0.0,2.96,38.0
"lebioda, hank",-0.42,0.0,,0.0,-0.36,0.03,0.0,0.01,,0.01,-0.06,,-0.02,-0.17,-0.15,0.0,-0.06,-0.0,0.0,0.01,0.04,0.01,-0.04,0.0,-0.39,0.0,2.6,38.0
"li, haotong",0.23,0.0,,0.0,0.2,-0.02,0.0,0.03,,-0.02,0.04,,0.03,0.09,0.02,0.0,0.02,0.0,-0.0,0.02,0.01,0.02,-0.04,0.0,0.22,0.0,2.69,43.0
"lipsky, david",-0.11,0.0,,0.0,-0.08,0.01,0.0,0.01,,-0.0,-0.02,,-0.0,-0.08,-0.04,-0.0,-0.06,-0.0,-0.0,-0.06,-0.07,-0.02,0.04,0.19,-0.1,0.0,2.69,35.0
"macintyre, robert",1.2,0.0,,0.0,1.15,0.0,0.0,,0.3,-0.02,,0.14,-0.02,0.67,0.0,-0.02,0.16,0.0,0.0,0.03,-0.08,0.03,-0.0,0.01,1.2,0.0,2.7,45.0
"martin, ben",-0.89,0.0,,0.0,-0.97,-0.04,0.0,0.01,,0.03,-0.16,,-0.06,-0.48,-0.26,0.01,0.0,0.0,0.0,-0.07,0.01,-0.01,0.05,0.04,-0.93,0.0,2.98,33.0
"matsuyama, hideki",0.77,0.0,,0.0,0.98,0.05,0.0,,0.37,-0.02,,0.14,-0.02,0.51,0.01,-0.0,-0.05,0.0,-0.0,-0.02,-0.05,-0.07,-0.02,-0.01,0.83,0.0,2.54,53.0
"mccarty, matt",0.62,0.0,,0.0,0.64,0.0,0.0,,0.14,-0.01,,0.06,-0.01,0.47,0.03,-0.01,0.02,-0.0,0.0,0.04,-0.08,0.02,-0.03,-0.01,0.63,0.0,2.57,57.0
"mcgreevy, max",0.26,0.0,,0.0,0.42,0.08,0.0,0.02,,-0.02,0.06,,0.03,0.11,-0.06,0.01,0.03,-0.0,0.0,0.02,0.01,0.01,0.01,0.02,0.34,0.0,2.54,43.0
"meissner, mac",0.63,0.0,,0.0,0.77,0.03,0.0,0.01,,-0.02,0.07,,0.03,0.23,0.14,-0.01,-0.01,-0.0,0.0,0.05,0.04,-0.05,0.01,0.15,0.67,0.0,2.3,39.0
"mitchell, keith",0.77,0.0,,0.0,0.83,0.02,0.0,,0.18,-0.01,,0.05,-0.01,0.3,0.14,-0.0,0.12,-0.0,-0.0,-0.02,0.04,0.0,0.04,-0.06,0.78,0.0,2.49,51.0
"moore, taylor",0.19,0.0,,0.0,0.32,0.06,0.0,0.03,,-0.0,0.03,,0.03,0.09,0.15,-0.01,0.05,0.0,-0.0,0.0,0.04,-0.03,0.02,-0.19,0.26,0.0,2.43,37.0
"mouw, william",0.03,0.0,,0.0,0.03,-0.0,0.0,0.01,,0.0,0.02,,-0.01,0.01,-0.06,0.01,0.04,-0.0,0.0,0.06,0.01,0.03,-0.02,-0.07,0.03,0.0,2.58,36.0
"nakajima, keita",-0.15,0.0,,0.0,-0.19,-0.02,0.0,0.01,,0.0,-0.03,,-0.03,-0.1,-0.07,0.01,-0.02,-0.0,-0.0,0.06,0.01,0.04,-0.04,0.0,-0.17,0.0,2.66,21.0
"neergaard-petersen, rasmus",0.18,0.0,,0.0,0.3,0.06,0.0,0.02,,-0.0,0.01,,-0.01,0.02,0.02,0.01,0.06,0.0,0.0,0.05,0.04,0.0,-0.04,0.0,0.24,0.0,2.48,49.0
"novak, andrew",0.49,0.0,,0.0,0.62,0.06,0.0,0.02,,-0.01,0.06,,0.02,0.17,0.15,0.02,0.01,-0.0,-0.0,0.02,-0.05,-0.03,0.02,0.08,0.56,0.0,2.54,54.0
"nyholm, pontus",-0.3,0.0,,0.0,-0.71,-0.21,0.0,0.01,,0.01,-0.06,,-0.04,-0.09,-0.11,0.0,0.01,0.0,0.0,0.04,0.01,-0.04,-0.04,0.0,-0.51,0.0,3.2,32.0
"olesen, thorbjorn",0.3,0.0,,0.0,0.46,0.08,0.0,0.02,,-0.02,0.08,,0.02,0.2,-0.03,0.0,0.04,-0.0,0.0,-0.04,0.04,-0.0,-0.01,-0.01,0.38,0.0,2.78,37.0
"palmer, ryan",-1.82,0.0,,0.0,-2.07,-0.13,0.0,0.04,,0.06,-0.33,,-0.12,-0.88,-0.45,-0.0,-0.01,-0.0,-0.0,-0.26,0.01,-0.0,0.11,0.03,-1.95,0.0,2.7,11.0
"parry, john",0.09,0.0,,0.0,0.32,0.11,0.0,0.02,,-0.02,0.06,,0.03,0.12,0.01,0.0,-0.05,0.0,0.0,-0.08,0.04,-0.0,-0.04,0.0,0.2,0.0,2.3,60.0
"pavon, matthieu",-0.2,0.0,,0.0,-0.3,-0.05,0.0,0.02,,-0.0,-0.06,,-0.0,-0.17,-0.03,-0.01,0.01,0.0,-0.0,-0.01,0.04,0.04,-0.04,0.0,-0.25,0.0,2.3,41.0
"peterson, paul",-0.38,0.0,,0.0,-0.25,0.06,0.0,-0.01,,0.01,-0.08,,-0.02,-0.13,0.0,0.0,-0.09,0.0,0.0,-0.06,0.01,0.02,-0.04,0.0,-0.32,0.0,2.57,35.0
"phillips, chandler",-0.44,0.0,,0.0,-0.55,-0.06,0.0,0.01,,0.01,-0.1,,-0.05,-0.24,-0.16,0.0,-0.01,0.0,0.0,0.03,0.01,-0.01,-0.0,0.07,-0.5,0.0,3.02,35.0
"poston, j.t.",0.73,0.0,,0.0,0.69,-0.01,0.0,,0.23,-0.01,,0.06,-0.01,0.31,0.04,0.01,0.03,-0.0,0.0,-0.0,-0.08,0.05,0.14,-0.05,0.72,0.0,2.78,41.0
"power, seamus",-0.04,0.0,,0.0,0.08,0.06,0.0,0.03,,-0.01,0.0,,0.01,-0.0,0.03,-0.0,-0.01,0.0,-0.0,-0.08,0.04,-0.02,0.0,-0.04,0.02,0.0,2.6,39.0
"putnam, andrew",0.52,0.0,,0.0,0.85,0.08,0.0,,0.19,-0.01,,0.03,-0.01,0.32,0.06,-0.02,-0.08,0.0,0.0,-0.07,-0.05,-0.03,0.12,0.06,0.61,0.0,2.3,45.0
"ramey, chad",0.14,0.0,,0.0,0.12,-0.01,0.0,0.02,,-0.0,0.01,,0.0,0.01,-0.07,-0.0,0.01,-0.0,0.0,-0.01,0.04,0.02,0.03,0.08,0.13,0.0,2.53,45.0
"riley, davis",-1.04,0.0,,0.0,-0.96,0.04,0.0,0.02,,0.03,-0.22,,-0.08,-0.61,-0.3,0.01,-0.17,-0.0,-0.0,0.03,0.01,-0.06,0.03,0.25,-1.0,0.0,3.2,37.0
"rodgers, patrick",0.35,0.0,,0.0,0.28,-0.03,0.0,0.02,,-0.01,0.03,,0.03,0.1,-0.01,-0.01,-0.01,-0.0,-0.0,-0.01,0.04,-0.01,0.11,0.09,0.32,0.0,2.67,59.0
"roy, kevin",0.05,0.0,,0.0,0.05,0.0,0.0,0.02,,-0.01,0.04,,0.02,0.12,-0.09,-0.0,-0.01,0.0,0.0,-0.04,0.01,-0.02,-0.01,0.02,0.05,0.0,2.74,40.0
"rozo, marcelo",-1.01,0.0,,0.0,-1.02,-0.0,0.0,-0.02,,0.04,-0.23,,-0.08,-0.53,-0.16,0.03,-0.04,0.0,0.0,-0.04,0.01,0.03,-0.04,0.0,-1.02,0.0,2.3,28.0
"ryder, sam",0.07,0.0,,0.0,0.05,-0.01,0.0,0.02,,0.0,-0.01,,0.01,0.05,0.09,-0.0,-0.0,-0.0,0.0,-0.04,0.04,0.06,0.04,-0.18,0.06,0.0,2.45,33.0
"saddier, adrien",-0.27,0.0,,0.0,-0.13,0.07,0.0,0.01,,0.02,-0.06,,-0.03,-0.19,-0.09,0.01,0.04,-0.0,-0.0,-0.01,0.04,0.02,-0.04,0.0,-0.2,0.0,2.78,37.0
"schenk, adam",-0.98,0.0,,0.0,-0.8,0.09,0.0,0.02,,0.03,-0.17,,-0.1,-0.44,-0.24,0.01,-0.02,-0.0,-0.0,-0.02,0.01,-0.03,0.08,-0.12,-0.89,0.0,3.2,40.0
"shipley, neal",-0.03,0.0,,0.0,-0.36,-0.17,0.0,0.02,,0.01,-0.08,,-0.06,-0.18,0.0,0.0,0.12,0.0,0.0,0.06,0.04,0.07,-0.02,-0.01,-0.19,0.0,2.36,30.0
"simpson, webb",-0.22,0.0,,0.0,-0.18,0.02,0.0,0.06,,-0.0,-0.01,,-0.01,-0.04,0.04,-0.01,-0.06,0.0,0.0,-0.1,-0.13,-0.05,0.07,0.03,-0.2,0.0,2.7,18.0
"skinns, david",-0.52,0.0,,0.0,-0.55,-0.01,0.0,-0.0,,0.01,-0.1,,-0.03,-0.17,-0.01,-0.01,0.01,0.0,0.0,-0.16,0.01,-0.01,-0.02,-0.04,-0.54,0.0,2.48,30.0
"smalley, alex",0.8,0.0,,0.0,1.06,0.07,0.0,,0.11,-0.01,,0.05,-0.02,0.48,0.2,-0.03,0.03,0.0,0.0,0.03,-0.05,0.0,0.03,-0.03,0.87,0.0,2.53,51.0
"smith, jordan",0.24,0.0,,0.0,0.32,0.04,0.0,0.02,,-0.01,0.08,,0.02,0.15,-0.1,0.02,0.05,0.0,0.0,-0.01,0.04,0.02,-0.04,0.0,0.28,0.0,2.38,49.0
"smotherman, austin",0.27,0.0,,0.0,0.14,-0.06,0.0,0.01,,-0.0,0.02,,0.03,0.04,0.03,-0.0,0.04,-0.0,0.0,0.01,-0.07,0.07,0.03,0.06,0.2,0.0,3.2,41.0
"snedeker, brandt",-0.01,0.0,,0.0,0.02,0.02,0.0,0.03,,-0.01,-0.03,,0.01,0.02,0.12,-0.01,-0.08,-0.0,0.0,-0.18,-0.07,0.0,0.1,0.08,0.0,0.0,2.72,24.0
"spaun, j.j.",1.16,0.0,,0.0,1.15,0.0,0.0,,0.27,-0.01,,0.12,-0.02,0.7,0.11,0.01,0.1,0.0,-0.0,-0.04,-0.08,0.01,0.05,-0.05,1.16,0.0,2.37,45.0
"springer, hayden",-0.11,0.0,,0.0,-0.31,-0.1,0.0,0.01,,0.01,-0.05,,-0.03,-0.14,-0.03,0.02,0.08,0.0,0.0,0.03,0.01,0.06,-0.0,-0.07,-0.21,0.0,2.63,37.0
"stanger, jimmy",-0.49,0.0,,0.0,-0.79,-0.15,0.0,0.0,,0.03,-0.12,,-0.05,-0.31,-0.12,-0.0,0.07,0.0,0.0,0.02,0.01,0.01,-0.02,-0.02,-0.64,0.0,2.57,32.0
"stevens, samuel",0.36,0.0,,0.0,0.61,0.12,0.0,0.02,,-0.02,0.11,,0.04,0.21,-0.05,0.0,0.0,0.0,0.0,0.03,-0.05,-0.01,0.02,0.04,0.48,0.0,2.3,55.0
"streelman, kevin",-0.44,0.0,,0.0,-0.7,-0.13,0.0,0.03,,0.02,-0.1,,-0.03,-0.25,-0.14,-0.0,-0.05,0.0,-0.0,-0.22,0.01,0.06,0.12,0.1,-0.57,0.0,2.58,26.0
"suber, jackson",0.15,0.0,,0.0,-0.0,-0.08,0.0,0.0,,0.0,-0.08,,-0.03,-0.13,0.24,0.01,-0.0,-0.0,0.0,0.05,0.04,0.02,-0.01,0.05,0.08,0.0,3.2,34.0
"svensson, adam",-0.23,0.0,,0.0,0.08,0.15,0.0,0.02,,0.01,-0.08,,-0.03,-0.21,-0.02,0.02,-0.05,-0.0,0.0,0.01,0.04,-0.06,0.03,0.11,-0.07,0.0,2.46,32.0
"theegala, sahith",0.43,0.0,,0.0,0.53,0.05,0.0,,0.26,-0.01,,0.05,-0.02,0.27,-0.01,0.0,-0.02,0.0,-0.0,0.04,-0.05,-0.06,-0.0,-0.02,0.48,0.0,3.05,55.0
"thomas, justin",1.2,0.0,,0.0,1.12,0.0,0.0,,0.46,-0.01,,0.08,-0.01,0.57,0.18,-0.0,0.06,-0.0,-0.0,-0.01,-0.05,-0.06,0.02,-0.03,1.2,0.0,3.2,31.0
"thompson, davis",0.41,0.0,,0.0,0.68,0.14,0.0,0.03,,-0.01,0.07,,0.02,0.21,-0.03,0.01,0.03,-0.0,-0.0,0.05,0.01,-0.0,-0.0,0.01,0.54,0.0,2.54,38.0
"thorbjornsen, michael",0.51,0.0,,0.0,0.55,0.01,0.0,,0.13,-0.01,,0.06,-0.01,0.27,-0.05,0.01,0.09,-0.0,0.0,0.07,0.01,-0.02,-0.04,0.0,0.52,0.0,3.2,44.0
"tosti, alejandro",-1.03,0.0,,0.0,-1.06,-0.01,0.0,0.02,,0.04,-0.26,,-0.14,-0.57,-0.22,0.02,0.01,-0.0,0.0,0.03,0.01,-0.03,-0.0,0.05,-1.04,0.0,2.65,26.0
"van rooyen, erik",-0.32,0.0,,0.0,-0.44,-0.06,0.0,0.03,,0.02,-0.11,,-0.05,-0.2,0.05,-0.01,0.01,-0.0,0.0,-0.04,0.04,0.02,0.02,-0.1,-0.38,0.0,2.3,34.0
"vanderlaan, john",-0.43,0.0,,0.0,-0.52,-0.04,0.0,0.01,,0.0,-0.07,,-0.03,-0.19,-0.2,0.01,-0.02,0.0,0.0,0.03,0.04,0.02,-0.04,0.0,-0.48,0.0,3.0,36.0
"ventura, kristoffer",-0.11,0.0,,0.0,-0.13,-0.01,0.0,0.02,,-0.0,-0.0,,-0.03,-0.11,-0.17,-0.0,0.06,0.0,0.0,0.02,0.01,0.03,-0.01,0.09,-0.12,0.0,2.61,22.0
"vilips, karl",0.01,0.0,,0.0,-0.15,-0.08,0.0,0.0,,0.0,-0.05,,-0.0,-0.05,-0.0,-0.01,-0.05,-0.0,0.0,0.07,0.01,0.02,-0.01,0.09,-0.07,0.0,2.58,37.0
"villegas, camilo",-0.94,0.0,,0.0,-0.88,0.03,0.0,-0.0,,0.03,-0.19,,-0.06,-0.45,-0.05,0.0,-0.11,0.0,0.0,-0.16,0.04,-0.03,0.04,0.0,-0.91,0.0,2.84,34.0
"walker, danny",-0.67,0.0,,0.0,-0.96,-0.15,0.0,0.0,,0.02,-0.1,,-0.03,-0.29,-0.14,0.01,-0.08,0.0,0.0,0.02,0.01,-0.04,-0.02,-0.03,-0.82,0.0,3.02,42.0
"whaley, vince",-0.04,0.0,,0.0,0.06,0.05,0.0,0.01,,-0.01,0.0,,-0.02,0.0,-0.08,-0.02,-0.07,0.0,0.0,0.02,0.01,-0.01,0.02,0.1,0.01,0.0,2.59,36.0
"woodland, gary",0.97,0.0,,0.0,0.59,-0.09,0.0,,0.35,-0.01,,0.04,-0.01,0.41,0.06,-0.01,0.12,-0.0,-0.0,-0.15,-0.08,0.08,0.07,0.07,0.87,0.0,2.99,43.0
"wu, dylan",-0.62,0.0,,0.0,-0.41,0.11,0.0,0.01,,0.01,-0.08,,-0.03,-0.23,-0.21,0.01,-0.06,0.0,0.0,0.03,0.01,-0.01,0.01,-0.09,-0.52,0.0,2.4,31.0
"yellamaraju, sudarshan",0.33,0.0,,0.0,0.24,-0.05,0.0,,0.01,-0.01,,0.0,-0.01,0.27,0.01,-0.0,0.08,-0.0,0.0,0.07,-0.07,0.03,-0.04,0.0,0.29,0.0,2.53,54.0
"yu, kevin",0.13,0.0,,0.0,-0.02,-0.07,0.0,0.02,,-0.0,0.01,,-0.02,0.11,-0.02,0.01,0.03,-0.0,-0.0,0.05,0.01,-0.01,-0.0,-0.06,0.05,0.0,2.69,32.0
