player_name,pred_base,boost,override,override_adj,dg_pred,dg_adj,sheet_boost,max,max_50,lt_form,int_form,sg_6m,sma_6m,skill,sg_adj,putting,driving,majors,links,skill_v2_delta,age,dsle_,c_adj,exp,c_hist,pred,std_dev,sample
"aberg, ludvig",1.54,0.0,,0.0,1.78,0.0,0.0,,0.25,-0.12,,0.39,-0.07,0.77,0.14,-0.0,0.1,0.0,0.0,0.0,0.04,-0.0,0.07,-0.02,-0.01,1.54,2.68,59.0
"bhatia, akshay",0.51,0.0,,0.0,0.61,0.02,0.0,,0.17,-0.05,,0.25,-0.03,0.3,0.02,-0.01,-0.11,-0.0,0.0,0.0,0.05,-0.0,-0.07,-0.02,0.01,0.54,2.8,53.0
"bridgeman, jacob",0.94,0.0,,0.0,0.92,-0.01,0.0,,0.14,-0.05,,0.22,-0.04,0.49,0.16,-0.02,0.03,-0.0,-0.0,0.0,0.04,-0.0,0.01,-0.02,-0.02,0.93,2.78,67.0
"burns, sam",1.57,0.0,,0.0,1.7,0.0,0.0,,0.23,-0.14,,0.35,-0.07,0.9,0.14,-0.02,0.05,0.0,-0.0,0.0,0.01,-0.0,0.04,0.08,0.01,1.57,2.98,59.0
"cantlay, patrick",1.77,0.0,,0.0,1.82,0.0,0.0,,0.3,-0.13,,0.35,-0.06,0.8,0.22,-0.01,0.04,-0.0,-0.0,0.0,-0.03,-0.0,0.08,0.18,0.02,1.77,2.66,55.0
"clark, wyndham",1.17,0.0,,0.0,1.64,0.0,0.0,,0.18,-0.14,,0.25,-0.07,0.65,0.22,-0.03,0.04,-0.0,0.0,0.0,-0.01,-0.0,0.07,-0.02,0.02,1.17,3.06,55.0
"fitzpatrick, alex",0.35,0.0,,0.0,0.78,0.21,0.0,-0.02,,0.0,0.16,,0.02,0.18,-0.08,0.03,0.04,0.0,0.0,0.0,0.0,-0.0,0.04,-0.02,0.0,0.57,2.77,59.0
"fitzpatrick, matt",1.46,0.0,,0.0,1.68,0.0,0.0,,0.25,-0.13,,0.4,-0.07,0.84,0.1,-0.02,0.02,0.0,0.0,0.0,-0.01,-0.0,0.06,0.01,0.0,1.46,2.36,59.0
"fleetwood, tommy",1.7,0.0,,0.0,1.78,0.0,0.0,,0.29,-0.12,,0.42,-0.06,0.94,0.07,-0.01,0.05,0.0,0.0,0.0,-0.05,-0.0,0.07,0.08,0.03,1.7,2.57,63.0
"fox, ryan",0.38,0.0,,0.0,0.41,0.02,0.0,,0.1,-0.04,,0.15,-0.02,0.35,0.02,-0.01,0.0,0.0,0.0,0.0,-0.1,-0.0,-0.02,-0.05,0.0,0.39,2.56,57.0
"gerard, ryan",1.08,0.0,,0.0,1.28,0.0,0.0,,0.14,-0.09,,0.22,-0.04,0.55,0.13,-0.01,0.13,0.0,-0.0,0.0,0.04,-0.0,0.07,-0.05,0.0,1.08,2.63,69.0
"gotterup, chris",1.42,0.0,,0.0,1.59,0.0,0.0,,0.18,-0.1,,0.28,-0.06,0.66,0.15,-0.01,0.18,0.0,0.0,0.0,0.04,-0.0,0.11,-0.02,0.01,1.42,2.57,67.0
"henley, russell",1.41,0.0,,0.0,1.44,0.0,0.0,,0.25,-0.1,,0.38,-0.06,0.79,0.13,-0.03,0.07,0.0,0.0,0.0,-0.07,-0.0,0.0,0.05,0.02,1.41,2.3,57.0
"hovland, viktor",1.48,0.0,,0.0,1.63,0.0,0.0,,0.3,-0.09,,0.3,-0.05,0.68,0.07,-0.01,0.05,0.0,-0.0,0.0,0.02,-0.0,0.08,0.11,0.04,1.48,2.99,53.0
"kim, si woo",1.38,0.0,,0.0,1.66,0.0,0.0,,0.21,-0.12,,0.33,-0.06,0.75,0.12,-0.01,0.07,-0.0,0.0,0.0,0.0,-0.0,0.1,-0.02,0.0,1.38,2.48,67.0
"kim, tom",0.88,0.0,,0.0,1.2,0.08,0.0,,0.21,-0.08,,0.13,-0.04,0.46,0.13,-0.01,0.02,0.0,0.0,0.0,0.05,-0.0,0.02,-0.02,-0.0,0.96,2.59,61.0
"lee, min woo",0.75,0.0,,0.0,1.07,0.08,0.0,,0.15,-0.05,,0.24,-0.03,0.39,-0.02,-0.01,0.03,0.0,-0.0,0.0,0.03,-0.0,0.07,-0.05,0.0,0.83,2.57,55.0
"macintyre, robert",1.11,0.0,,0.0,1.2,0.0,0.0,,0.21,-0.08,,0.3,-0.05,0.57,0.12,-0.01,0.03,0.0,0.0,0.0,0.01,-0.0,0.03,-0.02,0.0,1.11,3.0,56.0
"matsuyama, hideki",1.63,0.0,,0.0,1.6,0.0,0.0,,0.25,-0.07,,0.29,-0.04,0.73,0.14,-0.0,0.13,0.0,-0.0,0.0,-0.04,-0.0,0.11,0.18,-0.05,1.63,2.45,69.0
"mcilroy, rory",2.01,0.0,,0.0,2.23,0.0,0.0,,0.35,-0.13,,0.47,-0.07,0.84,0.14,-0.01,0.23,0.0,0.0,0.0,-0.07,-0.0,0.11,0.18,-0.03,2.01,2.98,43.0
"morikawa, collin",1.62,0.0,,0.0,1.71,0.0,0.0,,0.28,-0.13,,0.37,-0.07,0.75,0.17,-0.02,0.1,0.0,-0.0,0.0,0.02,-0.0,0.04,0.11,-0.0,1.62,2.46,45.0
"reitan, kristoffer",0.63,0.0,,0.0,0.81,0.05,0.0,,0.1,-0.07,,0.15,-0.03,0.32,0.06,-0.02,0.09,0.0,0.0,0.0,0.03,-0.0,0.04,-0.05,0.0,0.67,2.83,61.0
"rose, justin",0.95,0.0,,0.0,1.1,0.04,0.0,,0.32,-0.07,,0.24,-0.04,0.47,0.1,-0.01,0.03,0.0,0.0,0.0,-0.22,-0.0,0.05,0.08,-0.0,0.99,2.85,47.0
"schauffele, xander",2.05,0.0,,0.0,2.22,0.0,0.0,,0.36,-0.1,,0.39,-0.06,0.81,0.14,-0.0,0.18,0.0,0.0,0.0,-0.02,-0.0,0.13,0.18,0.05,2.05,2.46,59.0
"scheffler, scottie",2.87,0.0,,0.0,2.92,0.0,0.0,,0.47,-0.19,,0.68,-0.1,1.48,0.25,-0.02,0.14,0.0,0.0,0.0,0.01,-0.0,0.1,0.11,-0.04,2.87,2.33,59.0
"scott, adam",0.93,0.0,,0.0,1.22,0.07,0.0,,0.25,-0.07,,0.24,-0.04,0.51,0.13,-0.0,0.07,-0.0,0.0,0.0,-0.22,-0.0,0.06,0.01,-0.01,1.0,2.79,53.0
"smalley, alex",0.73,0.0,,0.0,0.95,0.05,0.0,,0.12,-0.08,,0.18,-0.04,0.44,0.13,-0.01,0.03,0.0,0.0,0.0,0.01,-0.0,0.0,-0.05,0.0,0.78,2.78,63.0
"spaun, j.j.",1.02,0.0,,0.0,1.06,0.0,0.0,,0.19,-0.09,,0.29,-0.05,0.62,0.05,0.0,0.05,0.0,-0.0,0.0,-0.05,-0.0,0.05,-0.02,-0.02,1.02,2.46,63.0
"woodland, gary",0.81,0.0,,0.0,0.89,0.02,0.0,,0.24,-0.07,,0.15,-0.04,0.34,0.12,0.0,0.07,-0.0,-0.0,0.0,-0.15,-0.0,0.09,0.05,0.0,0.83,3.06,61.0
"young, cameron",1.51,0.0,,0.0,1.69,0.0,0.0,,0.25,-0.1,,0.39,-0.07,0.69,0.04,0.01,0.15,0.0,0.0,0.0,0.02,-0.0,0.1,0.01,0.01,1.51,3.08,61.0
