course_name,current_round,date_end,date_start,event_id,event_name,last_updated,multi_course,tour,tz_offset,am,country,dg_id,dg_rank,owgr_rank,player_name,player_num,pre_tourn_pageviews,tour_rank,r1_course,r2_course,r3_teetime,r3_course,r4_teetime,r4_course,Birthday,c_exp,player_age,std_dev,skill_est,ema_8_great_shots,max_skill,sma_50_max_skill,tour_history,Date,age_squared,adj_skill_est,delta_adj_skill_est,delta_sg_putt,delta_sg_ott,dsle,consecutive_weeks_played,sample,relative_consecutive_weeks,relative_dsle,course_history_raw,course_history_weighted_rounds,course_history_rounds,course_history_events,course_history_sg_ott_raw,course_history_sg_ott_weighted_rounds,course_history_sg_ott_rounds,course_history_sg_ott_adjustment,course_history_sg_app_raw,course_history_sg_app_weighted_rounds,course_history_sg_app_rounds,course_history_sg_app_adjustment,course_history_sg_arg_raw,course_history_sg_arg_weighted_rounds,course_history_sg_arg_rounds,course_history_sg_arg_adjustment,course_history_sg_putt_raw,course_history_sg_putt_weighted_rounds,course_history_sg_putt_rounds,course_history_sg_putt_adjustment,course_history_as_of,course_adjustment,putt_adj,app_adj,dd_adj,acc_adj,arg_adj,comp_adj_skill_est,comp_max_skill,comp_ema_sg_adj,comp_putt,comp_ott,comp_max_skill_50,comp_6m_sg,comp_sma20_sg,pred_step2,comp_sma50_sg,comp_sma6m_sg,prior_rounds,neutral_skill_est,skill_source,tour_low_data_prior,tour_low_data_prior_n,cold_start_skill,observed_low_data_mean,low_data_weight,majors_history_raw,links_adj,comp_age,comp_skill_v2_delta,skill_model_source,uses_neutral_skill,comp_relative_dsle,comp_c_exp,comp_c_adj,comp_c_hist,comp_major,comp_links,pred,r1_teetime,r2_teetime
Bellerive Country Club,1,2026-08-23,2026-08-20,28,BMW Championship,2026-08-17 17:40:51 UTC,no,pga,-18000,0,SWE,23950,8,17,"aberg, ludvig",52955,511,10,0.0,0.0,0.0,0.0,0.0,0.0,1999-10-31,-6.5,26,2.670360800586124,1.4467731691120225,0.2574999999999998,1.998372722203306,1.7976,pga,2026-08-10,676,1.4467731691120225,0.1999999999999999,-0.0199999999999999,0.11,0,2,59.0,-0.8399999999999999,-0.06,0.0,0.0,0.0,0.0,0.0,0.0,0.0,0.0,0.0,0.0,0.0,0.0,0.0,0.0,0.0,0.0,0.0,0.0,0.0,0.0,2026-08-20,0.0512806916899191,0.0,0.0,0.0519807582457574,-0.0007000665558383,0.0,0.7404702558837726,,0.1642617571717157,-0.00275392250198,0.1115863068697544,0.2467837730504398,0.3843876709136882,,1.4643746988647006,-0.1384057364877441,-0.079496463392658,308,1.3922917145294684,pga_ridge_v2,-2.957802919353684,701,-2.957802919353684,1.3496082533332163,1.0,17.610569116850762,0.0197347103379709,0.0375410573577122,0.0,weekly_pga_core,False,0.0005469001729641,-0.0538191793470895,0.0314285015924624,0.0,0.0,0.0,1.4425309212830375,2026-08-17 10:00,2026-08-17 10:00
Bellerive Country Club,1,2026-08-23,2026-08-20,28,BMW Championship,2026-08-17 17:40:51 UTC,no,pga,-18000,0,USA,26096,62,33,"bhatia, akshay",56630,146,15,0.0,0.0,0.0,0.0,0.0,0.0,2002-01-31,-6.5,24,2.866843044864311,1.0155315738201904,-0.7425000000000002,1.518922812023853,1.2156,pga,2026-08-10,576,1.0155315738201904,-0.4799999999999998,-0.13,-0.4399999999999999,0,2,53.0,-0.8399999999999999,-0.06,0.0,0.0,0.0,0.0,0.0,0.0,0.0,0.0,0.0,0.0,0.0,0.0,0.0,0.0,0.0,0.0,0.0,0.0,0.0,0.0,2026-08-20,-0.0170147703655221,0.0,0.0,-0.0132148121659769,-0.0037999581995451,0.0,0.4391697151717291,,-0.1049813711828053,-0.0043432497134674,-0.1041562795427968,0.166883819826499,0.2754726796868114,,0.6134132345149921,-0.0695263249595769,-0.0366605327056324,468,0.1355449246671584,pga_ridge_v2,-2.957802919353684,701,-2.957802919353684,0.0284446395338143,1.0,-7.039449787695196,0.0001808327422698,0.0515547779342316,0.0,weekly_pga_core,False,0.0005469001729641,-0.0538191793470895,-0.0104278768461564,0.0,-0.0,0.0,0.5497130784947102,2026-08-17 10:00,2026-08-17 10:00
Bellerive Country Club,1,2026-08-23,2026-08-20,28,BMW Championship,2026-08-17 17:40:51 UTC,no,pga,-18000,0,USA,29197,42,34,"brennan, michael",61522,246,47,0.0,0.0,0.0,0.0,0.0,0.0,2002-06-01,-6.5,24,2.661705493211097,1.137135921010256,1.0074999999999998,1.137135921010256,0.5538,pga,2026-08-10,576,1.137135921010256,0.6699999999999999,0.43,0.35,0,8,71.0,4.0,-0.06,0.0,0.0,0.0,0.0,0.0,0.0,0.0,0.0,0.0,0.0,0.0,0.0,0.0,0.0,0.0,0.0,0.0,0.0,0.0,0.0,2026-08-20,0.0671150213786021,0.0,0.0,0.0712155907267082,-0.0041005693481061,-0.0,0.4734352202171778,,0.1525424761556095,-0.028149736315076,0.104557591787594,0.0712784462437629,0.0963104790563131,,0.8413871496592429,-0.0560734609930285,-0.0246329792261247,103,0.6004313648647985,pga_ridge_v2,-2.957802919353684,701,-2.957802919353684,1.7153966973667063,1.0,-1.2522047128385796,-0.0154233180494568,0.0521191127330148,0.0,weekly_pga_core,False,0.0005469001729641,-0.0538191793470895,0.0411329193652472,0.0,-0.0,-0.0,0.8292477898503646,2026-08-17 10:00,2026-08-17 10:00
Bellerive Country Club,1,2026-08-23,2026-08-20,28,BMW Championship,2026-08-17 17:40:51 UTC,no,pga,-18000,0,USA,29433,35,31,"bridgeman, jacob",60004,147,12,0.0,0.0,0.0,0.0,0.0,0.0,1999-12-06,-6.5,26,2.8912057909178617,0.9867155114598354,-0.2425000000000001,1.377564016697289,1.0228,pga,2026-08-10,676,0.9867155114598354,0.05,0.0,-0.11,0,2,67.0,-0.8399999999999999,-0.06,0.0,0.0,0.0,0.0,0.0,0.0,0.0,0.0,0.0,0.0,0.0,0.0,0.0,0.0,0.0,0.0,0.0,0.0,0.0,0.0,2026-08-20,-0.0186302027619452,0.0,0.0,-0.0206081869694744,0.0019779842075291,-0.0,0.4803570543636505,,0.1113874314294606,-0.0196295109067407,0.0448675778934242,0.1404152442567811,0.2335613394661687,,0.9358999748828044,-0.0492846437304895,-0.044018897437536,389,0.5251413172085966,pga_ridge_v2,-2.957802919353684,701,-2.957802919353684,1.093422340992585,1.0,-7.5941291260563695,-0.0735516207853252,0.0382443795480857,0.0,weekly_pga_core,False,0.0005469001729641,-0.0538191793470895,-0.0114179301775446,0.0,-0.0,-0.0,0.8712097655311343,2026-08-17 10:00,2026-08-17 10:00
Bellerive Country Club,1,2026-08-23,2026-08-20,28,BMW Championship,2026-08-17 17:40:51 UTC,no,pga,-18000,0,USA,19483,3,7,"burns, sam",47504,572,6,0.0,0.0,0.0,0.0,0.0,0.0,1996-07-23,-6.5,30,3.028746573717855,1.849625570300501,1.2574999999999998,1.9233001872448348,1.5536,pga,2026-08-10,900,1.849625570300501,0.0299999999999998,0.01,0.0399999999999999,0,2,57.0,-0.8399999999999999,-0.06,0.0,0.0,0.0,0.0,0.0,0.0,0.0,0.0,0.0,0.0,0.0,0.0,0.0,0.0,0.0,0.0,0.0,0.0,0.0,0.0,2026-08-20,0.0158286869234484,0.0,0.0,0.0173936860767335,-0.0015649991532851,0.0,0.9337447769039176,,0.2358842914195338,-0.022577880089464,0.0602934201927442,0.2116387764433455,0.3467619355442905,,1.5449563760693217,-0.1558525012932956,-0.0757236896415915,718,1.631094969511984,pga_ridge_v2,-2.957802919353684,701,-2.957802919353684,2.523870907346273,1.0,0.7852773868072127,-0.2414042790807984,0.0107872465898408,0.0,weekly_pga_core,False,0.0005469001729641,-0.0538191793470895,0.0097009594798032,0.0,0.0,-0.0,1.5013850563749995,2026-08-17 10:00,2026-08-17 10:00
Bellerive Country Club,1,2026-08-23,2026-08-20,28,BMW Championship,2026-08-17 17:40:51 UTC,no,pga,-18000,0,USA,15466,10,38,"cantlay, patrick",35450,375,43,0.0,0.0,0.0,0.0,0.0,0.0,1992-03-17,-6.5,34,2.7323679197491035,1.5435882323592631,0.6324999999999998,2.364595157537445,2.1552,pga,2026-08-10,1156,1.5435882323592631,0.25,0.0399999999999999,-0.02,0,2,55.0,-0.8399999999999999,-0.06,0.0,0.0,0.0,0.0,0.0,0.0,0.0,0.0,0.0,0.0,0.0,0.0,0.0,0.0,0.0,0.0,0.0,0.0,0.0,0.0,2026-08-20,0.0108820148728343,0.0,0.0,0.0083228833951632,0.0025591314776711,0.0,0.7681515486695408,,0.1553068752672247,-0.0085148041779109,0.0535447667963725,0.2958769401859745,0.3492206881502905,,1.3991529938920113,-0.1168259687549349,-0.0632103000523911,666,1.1758852111035916,pga_ridge_v2,-2.957802919353684,701,-2.957802919353684,1.5017377009395445,1.0,-29.02067936021825,-0.1217662529457657,-0.0343967521921552,0.0,weekly_pga_core,False,0.0005469001729641,-0.0538191793470895,0.0066692825406507,0.0,-0.0,-0.0,1.3525499972585366,2026-08-17 10:00,2026-08-17 10:00
Bellerive Country Club,1,2026-08-23,2026-08-20,28,BMW Championship,2026-08-17 17:40:51 UTC,no,pga,-18000,0,USA,14502,45,42,"cauley, bud",34021,128,29,0.0,0.0,0.0,0.0,0.0,0.0,1990-03-16,-6.5,36,2.712537414188225,0.7293848218387384,0.5074999999999998,1.0758878541896344,0.7574,pga,2026-08-10,1296,0.7293848218387384,0.1799999999999999,-0.12,0.32,0,3,65.0,0.1600000000000001,-0.06,0.0,0.0,0.0,0.0,0.0,0.0,0.0,0.0,0.0,0.0,0.0,0.0,0.0,0.0,0.0,0.0,0.0,0.0,0.0,0.0,2026-08-20,-0.0053025778594594,-0.0,0.0,-0.0067697772288559,0.0014671993693964,0.0,0.3577135977144739,,0.1062856617996731,0.0046890996064669,0.069432639457593,0.1026069158755555,0.1558671759172161,,0.6190298067480831,-0.0834463204509414,-0.0347263041063798,478,0.6191423756858638,pga_ridge_v2,-2.957802919353684,701,-2.957802919353684,0.6465363282435337,1.0,-3.9454571417691833,-0.1444568406668741,-0.0593926590655745,0.0,weekly_pga_core,False,0.0005469001729641,-0.0538191793470895,-0.0032498016545462,0.0,-0.0,-0.0,0.5625077259194113,2026-08-17 10:00,2026-08-17 10:00
Bellerive Country Club,1,2026-08-23,2026-08-20,28,BMW Championship,2026-08-17 17:40:51 UTC,no,pga,-18000,0,USA,23604,14,8,"clark, wyndham",51766,512,5,0.0,0.0,0.0,0.0,0.0,0.0,1993-12-09,-6.5,32,3.028277934920632,1.140586001752741,-0.2425000000000001,1.6417916359104603,1.2941999999999998,pga,2026-08-10,1024,1.140586001752741,-0.7200000000000001,-0.2300000000000001,-0.13,0,2,55.0,-0.8399999999999999,-0.06,0.0,0.0,0.0,0.0,0.0,0.0,0.0,0.0,0.0,0.0,0.0,0.0,0.0,0.0,0.0,0.0,0.0,0.0,0.0,0.0,2026-08-20,0.0312735939022339,0.0,0.0,0.0374602899786443,-0.0061866960764104,0.0,0.5984464630989774,,0.1200123602132074,-0.030194219998488,0.0399938563790562,0.1776744320660209,0.2469879097555364,,0.939923870450068,-0.1323930407296899,-0.0654667710459357,735,1.061711282395532,pga_ridge_v2,-2.957802919353684,701,-2.957802919353684,1.8557334863948984,1.0,-11.137115474671148,0.1112531962144459,-0.0151371192886167,0.0,weekly_pga_core,False,0.0005469001729641,-0.0538191793470895,0.0191667109660223,0.0,-0.0,0.0,0.9058183022419648,2026-08-17 10:00,2026-08-17 10:00
Bellerive Country Club,1,2026-08-23,2026-08-20,28,BMW Championship,2026-08-17 17:40:51 UTC,no,pga,-18000,0,USA,21756,71,75,"cole, eric",47591,84,48,0.0,0.0,0.0,0.0,0.0,0.0,1988-06-12,-6.5,38,3.190870307073725,0.5371564661948173,-0.9925000000000002,1.316784432183591,1.0412,pga,2026-08-10,1444,0.5371564661948173,0.22,-0.26,0.11,0,4,65.0,1.16,-0.06,0.0,0.0,0.0,0.0,0.0,0.0,0.0,0.0,0.0,0.0,0.0,0.0,0.0,0.0,0.0,0.0,0.0,0.0,0.0,0.0,2026-08-20,-0.0054813357858013,0.0,0.0,-0.0024579057633622,-0.003023430022439,0.0,0.224023585717987,-0.0264900710065392,-0.014540337931811,-0.0109239384484918,-0.0267085664627924,,,0.1254358473450294,0.1846241534050044,0.0006039090584516,0.0131884257568163,613,0.094235851555727,pga_ridge_v2,-2.957802919353684,701,-2.957802919353684,0.0299668063258279,1.0,4.843971275218065,-0.0602506795519223,-0.0999647006236452,0.0,weekly_pga_core,False,0.0005469001729641,-0.0538191793470895,-0.0033593573876606,0.0,0.0,-0.0,0.1279925168432183,2026-08-17 10:00,2026-08-17 10:00
Bellerive Country Club,1,2026-08-23,2026-08-20,28,BMW Championship,2026-08-17 17:40:51 UTC,no,pga,-18000,0,COL,22833,69,56,"echavarria, nicolas",51349,127,42,0.0,0.0,0.0,0.0,0.0,0.0,1994-08-04,-6.5,32,2.965032335528229,0.3306853344941206,-0.3675000000000001,0.6742169886850486,0.4256,pga,2026-08-10,1024,0.3306853344941206,0.1999999999999999,0.35,-0.01,0,4,67.0,1.16,-0.06,0.0,0.0,0.0,0.0,0.0,0.0,0.0,0.0,0.0,0.0,0.0,0.0,0.0,0.0,0.0,0.0,0.0,0.0,0.0,0.0,2026-08-20,-0.0210663745614282,0.0,0.0,-0.0237486802264278,0.0026823056649995,0.0,0.2147045797606147,-0.0135633862821913,0.2319891886620366,-0.0209119697671908,0.0106426714414313,,,0.1033241963440558,0.4994792154369584,0.0002011444485781,0.0064578341656966,614,0.1780915776720522,pga_ridge_v2,-2.957802919353684,701,-2.957802919353684,0.943532166272788,1.0,-14.38713579290913,0.0352007737314495,-0.0333650433360727,0.0,weekly_pga_core,False,0.0006830876588941,-0.0235809815958934,-0.0071853823291524,0.0,-0.0,0.0,0.4693959391708067,2026-08-17 10:00,2026-08-17 10:00
Bellerive Country Club,1,2026-08-23,2026-08-20,28,BMW Championship,2026-08-17 17:40:51 UTC,no,pga,-18000,0,ENG,25362,58,70,"fitzpatrick, alex",55721,174,20,0.0,0.0,0.0,0.0,0.0,0.0,1999-01-02,-6.5,27,2.7368946456637966,0.5329826283614935,-0.9925000000000002,0.9310413835723418,0.7208000000000001,pga,2026-08-10,729,0.5329826283614935,-0.24,-0.12,0.08,0,3,59.0,0.1600000000000001,-0.06,0.0,0.0,0.0,0.0,0.0,0.0,0.0,0.0,0.0,0.0,0.0,0.0,0.0,0.0,0.0,0.0,0.0,0.0,0.0,0.0,2026-08-20,0.0121859060239614,-0.0,0.0,0.0096103688580358,0.0025755371659255,0.0,0.2221400901641451,-0.018729984770521,-0.0607398589910474,0.0369128564076273,0.0418866781970029,,,0.197776433953153,0.4425370276919574,0.0009339074546501,0.0202998679040636,347,0.6098607960017652,pga_ridge_v2,-2.957802919353684,701,-2.957802919353684,0.1965363282435336,1.0,3.3537837653086857,0.0475742002737053,0.0020570373728834,0.0,weekly_pga_core,False,0.0005469001729641,-0.0538191793470895,0.0074684009567475,0.0,0.0,0.0,0.3967331494745795,2026-08-17 10:00,2026-08-17 10:00
Bellerive Country Club,1,2026-08-23,2026-08-20,28,BMW Championship,2026-08-17 17:40:51 UTC,no,pga,-18000,0,ENG,17646,4,4,"fitzpatrick, matt",40098,333,2,0.0,0.0,0.0,0.0,0.0,0.0,1994-09-01,-6.5,31,2.3,1.8443421174165435,-0.6175000000000002,1.971834930838672,1.7822,pga,2026-08-10,961,1.8443421174165435,-0.1999999999999999,0.1299999999999999,0.04,0,2,59.0,-0.8399999999999999,-0.06,0.0,0.0,0.0,0.0,0.0,0.0,0.0,0.0,0.0,0.0,0.0,0.0,0.0,0.0,0.0,0.0,0.0,0.0,0.0,0.0,2026-08-20,-0.023891608225578,0.0,0.0,-0.0284135587008801,0.004521950475302,0.0,0.897289474077439,,0.1653852494659679,-0.0213445877799698,0.0378374441206521,0.2423357344173544,0.4063345052480237,,1.4850436544776848,-0.1570247864265855,-0.079063855146205,834,1.514997253575436,pga_ridge_v2,-2.957802919353684,701,-2.957802919353684,2.321026701655028,1.0,24.24728978550873,0.2206406788778293,-0.0067055234989921,0.0,weekly_pga_core,False,0.0005469001729641,-0.0538191793470895,-0.0146424984222994,0.0,0.0,0.0,1.41712887688126,2026-08-17 10:00,2026-08-17 10:00
Bellerive Country Club,1,2026-08-23,2026-08-20,28,BMW Championship,2026-08-17 17:40:51 UTC,no,pga,-18000,0,ENG,12294,2,5,"fleetwood, tommy",30911,401,8,0.0,0.0,0.0,0.0,0.0,0.0,1991-01-19,-6.5,35,2.510399906686732,1.979219582564605,-1.1175000000000002,2.2316856774078584,2.0224,pga,2026-08-10,1225,1.979219582564605,0.0899999999999998,0.18,-0.1,0,2,63.0,-0.8399999999999999,-0.06,0.0,0.0,0.0,0.0,0.0,0.0,0.0,0.0,0.0,0.0,0.0,0.0,0.0,0.0,0.0,0.0,0.0,0.0,0.0,0.0,2026-08-20,-0.0102161042794727,0.0,0.0,-0.016600859420008,0.0063847551405353,0.0,0.9961782460601694,,0.1976015859606905,-0.0136724322483891,0.0915914950241711,0.2776454731960445,0.4349721705466055,,1.7216195467397497,-0.1391404879457907,-0.0744654527555595,893,1.575055240753036,pga_ridge_v2,-2.957802919353684,701,-2.957802919353684,2.231842354298218,1.0,19.81773536356273,0.3412650316863281,-0.049091051098192,0.0,weekly_pga_core,False,0.0005469001729641,-0.0538191793470895,-0.0062611645638018,0.0,0.0,0.0,1.6620861030018226,2026-08-17 10:00,2026-08-17 10:00
Bellerive Country Club,1,2026-08-23,2026-08-20,28,BMW Championship,2026-08-17 17:40:51 UTC,no,pga,-18000,0,USA,12965,32,44,"fowler, rickie",32102,249,30,0.0,0.0,0.0,0.0,0.0,0.0,1988-12-13,-6.5,37,2.958802812431464,1.1486830264285424,-0.1175000000000001,1.885517506498701,1.7629411764705882,pga,2026-08-10,1369,1.1486830264285424,0.1399999999999999,0.1999999999999999,-0.1,0,2,59.0,-0.8399999999999999,-0.06,0.0,0.0,0.0,0.0,0.0,0.0,0.0,0.0,0.0,0.0,0.0,0.0,0.0,0.0,0.0,0.0,0.0,0.0,0.0,0.0,2026-08-20,-0.0096004051881479,0.0,0.0,-0.0112684677733989,0.001668062585251,-0.0,0.5584146812068486,,0.1098775031302065,-0.0175006169450438,0.0826830985167753,0.2677060288431006,0.2533428050333079,,1.084023353766095,-0.0574654107351823,-0.0360396096826168,731,0.6384664532129807,pga_ridge_v2,-2.957802919353684,701,-2.957802919353684,1.4434223409925848,1.0,25.04194421168538,0.0336272788423378,-0.0769951256013007,0.0,weekly_pga_core,False,0.0005469001729641,-0.0538191793470895,-0.0058838198121127,0.0,0.0,0.0,1.024867254779857,2026-08-17 10:00,2026-08-17 10:00
Bellerive Country Club,1,2026-08-23,2026-08-20,28,BMW Championship,2026-08-17 17:40:51 UTC,no,pga,-18000,0,NZL,11889,47,24,"fox, ryan",29936,197,25,0.0,0.0,0.0,0.0,0.0,0.0,1987-01-22,-6.5,39,2.5879333153366173,0.9387016595433164,1.2574999999999998,0.9387016595433164,0.7406,pga,2026-08-10,1521,0.9387016595433164,0.6499999999999999,0.37,0.24,0,2,57.0,-0.8399999999999999,-0.06,0.0,0.0,0.0,0.0,0.0,0.0,0.0,0.0,0.0,0.0,0.0,0.0,0.0,0.0,0.0,0.0,0.0,0.0,0.0,0.0,2026-08-20,0.0275732130301016,0.0,0.0,0.0300226112757334,-0.0024493982456317,-0.0,0.373887988994032,,0.0919962823361883,-0.0161207316001865,0.0246286785103394,0.1016733769031796,0.1567548317693096,,0.5543449634854648,-0.0423921638248703,-0.0314409390938918,782,0.2686545069439638,pga_ridge_v2,-2.957802919353684,701,-2.957802919353684,0.7818423542982191,1.0,24.96539706008576,0.1194657941486233,-0.1046423605086355,0.0,weekly_pga_core,False,0.0005469001729641,-0.0538191793470895,0.0168988510308297,0.0,0.0,0.0,0.5179715353421691,2026-08-17 10:00,2026-08-17 10:00
Bellerive Country Club,1,2026-08-23,2026-08-20,28,BMW Championship,2026-08-17 17:40:51 UTC,no,pga,-18000,0,USA,29767,19,26,"gerard, ryan",59018,183,17,0.0,0.0,0.0,0.0,0.0,0.0,1999-08-02,-6.5,27,2.636197705597477,1.1446731143093647,-0.9925000000000002,1.2409274037982785,0.9958,pga,2026-08-10,729,1.1446731143093647,-0.2199999999999999,-0.37,0.1299999999999999,0,4,69.0,1.16,-0.06,0.0,0.0,0.0,0.0,0.0,0.0,0.0,0.0,0.0,0.0,0.0,0.0,0.0,0.0,0.0,0.0,0.0,0.0,0.0,0.0,2026-08-20,0.0174038970556806,0.0,0.0,0.0157647992321273,0.0016390978235532,0.0,0.562573577870342,,0.126696351682257,-0.0155883598977224,0.1320110214868098,0.1361594048238908,0.2272673982350595,,1.0796637218423475,-0.0845175508366446,-0.0410535816724838,380,0.8515450263314748,pga_ridge_v2,-2.957802919353684,701,-2.957802919353684,1.517152363151621,1.0,11.338423116426153,-0.0262724429035487,0.0361154601508393,0.0,weekly_pga_core,False,0.0005469001729641,-0.0538191793470895,0.0106663617105039,0.0,0.0,-0.0,1.037057804378726,2026-08-17 10:00,2026-08-17 10:00
Bellerive Country Club,1,2026-08-23,2026-08-20,28,BMW Championship,2026-08-17 17:40:51 UTC,no,pga,-18000,0,USA,27774,15,9,"gotterup, chris",59095,348,7,0.0,0.0,0.0,0.0,0.0,0.0,1999-07-20,-6.5,27,2.640206621676135,1.326248563697812,0.0074999999999998,1.5149761912246469,1.2820000000000005,pga,2026-08-10,729,1.326248563697812,-0.4399999999999999,-0.36,0.2099999999999999,0,2,65.0,-0.8399999999999999,-0.06,0.0,0.0,0.0,0.0,0.0,0.0,0.0,0.0,0.0,0.0,0.0,0.0,0.0,0.0,0.0,0.0,0.0,0.0,0.0,0.0,2026-08-20,0.0801641033180328,0.0,0.0,0.0810223928669494,-0.0008582895489165,-0.0,0.6838608518457806,,0.0790267203492573,-0.0054206287657599,0.2135529306739411,0.1766585220078471,0.2864361600497671,,1.3113927908735057,-0.105917358487373,-0.052197591934295,396,1.0768480628720705,pga_ridge_v2,-2.957802919353684,701,-2.957802919353684,1.708008170168437,1.0,18.813950374668885,0.2130393528773055,0.03539318513434,0.0,weekly_pga_core,False,0.0005469001729641,-0.0538191793470895,0.0491303366971626,0.0,0.0,0.0,1.307250848396543,2026-08-17 10:00,2026-08-17 10:00
Bellerive Country Club,1,2026-08-23,2026-08-20,28,BMW Championship,2026-08-17 17:40:51 UTC,no,pga,-18000,0,USA,24968,30,21,"griffin, ben",54591,166,38,0.0,0.0,0.0,0.0,0.0,0.0,1996-05-06,-6.5,30,2.308562641940219,1.088370995027944,-1.2425000000000002,1.7073589634844062,1.5082,pga,2026-08-10,900,1.088370995027944,-0.2099999999999999,-0.0799999999999999,-0.1699999999999999,0,4,65.0,1.16,-0.06,0.0,0.0,0.0,0.0,0.0,0.0,0.0,0.0,0.0,0.0,0.0,0.0,0.0,0.0,0.0,0.0,0.0,0.0,0.0,0.0,2026-08-20,-5.507387525181188e-05,0.0,0.0,0.0010013308926787,-0.0010564047679305,0.0,0.5104580901119835,,0.0547962318376029,-0.0039072934841539,-0.015134803300672,0.2070534526672637,0.2803371665952616,,0.9285520835660604,-0.0810724214780419,-0.0329230265913811,525,0.6585499739536758,pga_ridge_v2,-2.957802919353684,701,-2.957802919353684,0.8902935079563606,1.0,5.338013663314007,-0.037703374326972,0.0089446872081975,0.0,weekly_pga_core,False,0.0005469001729641,-0.0538191793470895,-3.375323770047568e-05,0.0,0.0,-0.0,0.8752460511542345,2026-08-17 10:00,2026-08-17 10:00
Bellerive Country Club,1,2026-08-23,2026-08-20,28,BMW Championship,2026-08-17 17:40:51 UTC,no,pga,-18000,0,USA,14578,9,6,"henley, russell",34098,186,14,0.0,0.0,0.0,0.0,0.0,0.0,1989-04-12,-6.5,37,2.3079457903915417,1.6626899381036768,-0.3675000000000001,1.9657005770381324,1.7797999999999998,pga,2026-08-10,1369,1.6626899381036768,-0.04,0.3199999999999999,-0.0399999999999999,0,2,55.0,-0.8399999999999999,-0.06,0.0,0.0,0.0,0.0,0.0,0.0,0.0,0.0,0.0,0.0,0.0,0.0,0.0,0.0,0.0,0.0,0.0,0.0,0.0,0.0,2026-08-20,-0.0399339652280439,0.0,0.0,-0.0489875675402955,0.0090536023122516,-0.0,0.7937902247611195,,0.1399074869514538,-0.0312116859479361,0.0673834918128907,0.2443400975051028,0.3850042931036483,,1.3509647036945651,-0.114462844001716,-0.0623210953949072,723,1.0699940475744996,pga_ridge_v2,-2.957802919353684,701,-2.957802919353684,1.2842565251223663,1.0,11.47153068555533,0.0829000031881644,-0.0714652650950909,0.0,weekly_pga_core,False,0.0005469001729641,-0.0538191793470895,-0.0244744103170831,0.0,0.0,0.0,1.273218014203357,2026-08-17 10:00,2026-08-17 10:00
Bellerive Country Club,1,2026-08-23,2026-08-20,28,BMW Championship,2026-08-17 17:40:51 UTC,no,pga,-18000,0,JPN,22760,93,69,"hisatsune, ryo",51287,118,45,0.0,0.0,0.0,0.0,0.0,0.0,2002-09-09,-6.5,23,2.655025622745708,0.3169675895824656,-0.4925000000000001,0.7522235034660665,0.62,pga,2026-08-10,529,0.3169675895824656,-0.28,-0.24,-0.2199999999999999,0,4,75.0,1.16,-0.06,0.0,0.0,0.0,0.0,0.0,0.0,0.0,0.0,0.0,0.0,0.0,0.0,0.0,0.0,0.0,0.0,0.0,0.0,0.0,0.0,2026-08-20,0.0124394545968485,-0.0,0.0,0.0118279678502931,0.0006114867465554,-0.0,0.1622091015113617,-0.0151326622130247,-0.0323612994232626,0.0159948479169269,0.0383439998326589,,,0.1127421217703964,0.3140861894478658,8.353752510997935e-05,0.0079723288034592,410,0.1195302287521968,pga_ridge_v2,-2.957802919353684,701,-2.957802919353684,0.6316223409925847,1.0,4.578217421143155,-0.1449487632827951,0.02423421372424,0.0,weekly_pga_core,False,0.0006830876588941,-0.0235809815958934,0.004242886548127,0.0,0.0,-0.0,0.2954311820589935,2026-08-17 10:00,2026-08-17 10:00
Bellerive Country Club,1,2026-08-23,2026-08-20,28,BMW Championship,2026-08-17 17:40:51 UTC,no,pga,-18000,0,DEN,23602,46,40,"hojgaard, nicolai",52453,211,33,0.0,0.0,0.0,0.0,0.0,0.0,2001-03-12,-6.5,25,2.594524482503137,0.7286091004398471,0.1324999999999998,1.2224139395411535,1.0192,pga,2026-08-10,625,0.7286091004398471,-0.41,0.05,0.0,0,2,63.0,-0.8399999999999999,-0.06,0.0,0.0,0.0,0.0,0.0,0.0,0.0,0.0,0.0,0.0,0.0,0.0,0.0,0.0,0.0,0.0,0.0,0.0,0.0,0.0,2026-08-20,0.0640968836699818,0.0,0.0,0.0679774932024936,-0.0038806095325117,0.0,0.3548383550965792,,0.0635044123845651,-0.0013354383116343,0.0659073741050545,0.1399210177419939,0.2217127893511327,,0.8054441995087973,-0.0518135872196562,-0.0341033892696916,583,0.4959229449028946,pga_ridge_v2,-2.957802919353684,701,-2.957802919353684,0.6178434952483002,1.0,3.1710768012855177,0.3544979162619574,0.0468126656304538,0.0,weekly_pga_core,False,0.0005469001729641,-0.0538191793470895,0.0392831871823193,0.0,0.0,0.0,0.7914551075169912,2026-08-17 10:00,2026-08-17 10:00
Bellerive Country Club,1,2026-08-23,2026-08-20,28,BMW Championship,2026-08-17 17:40:51 UTC,no,pga,-18000,0,NOR,18841,16,14,"hovland, viktor",46717,433,22,0.0,0.0,0.0,0.0,0.0,0.0,1997-09-18,-6.5,28,2.9203224104537293,1.4091156491669174,1.0074999999999998,2.5319279688026457,2.0914,pga,2026-08-10,784,1.4091156491669174,-0.1899999999999999,-0.01,-0.1499999999999999,0,2,53.0,-0.8399999999999999,-0.06,0.0,0.0,0.0,0.0,0.0,0.0,0.0,0.0,0.0,0.0,0.0,0.0,0.0,0.0,0.0,0.0,0.0,0.0,0.0,0.0,2026-08-20,0.0002131899870292,0.0,0.0,-0.0026501523090759,0.0028633422961051,0.0,0.7316996849275335,,0.1238855066599574,-0.0099381161832306,0.0491605047032707,0.2871181480628003,0.3012318537834895,,1.3486056283730077,-0.1039758148388137,-0.0518880624901732,634,1.1206701555255534,pga_ridge_v2,-2.957802919353684,701,-2.957802919353684,1.957457877472207,1.0,19.95846509339104,-0.0609869967351582,0.0213119237481737,0.0,weekly_pga_core,False,0.0005469001729641,-0.0538191793470895,0.0001306581800292,0.0,0.0,-0.0,1.2954640073789114,2026-08-17 10:00,2026-08-17 10:00
Bellerive Country Club,1,2026-08-23,2026-08-20,28,BMW Championship,2026-08-17 17:40:51 UTC,no,pga,-18000,0,KOR,17488,57,62,"im, sungjae",39971,237,40,0.0,0.0,0.0,0.0,0.0,0.0,1998-03-30,-6.5,28,2.9166744983155644,0.6914427341926095,-0.8675000000000002,1.8381210509569632,1.6192000000000002,pga,2026-08-10,784,0.6914427341926095,0.2199999999999999,0.2299999999999999,0.01,0,10,73.0,4.0,-0.06,0.0,0.0,0.0,0.0,0.0,0.0,0.0,0.0,0.0,0.0,0.0,0.0,0.0,0.0,0.0,0.0,0.0,0.0,0.0,0.0,2026-08-20,0.0051727205542686,0.0,-0.0,0.006233522277106,-0.0010608017228373,0.0,0.3819748607386699,,0.1582082991407334,-0.0182374286770336,0.0773645337281288,0.222292103539871,0.1067649655470872,,0.8647367380959873,-0.0614520951691587,-0.0276072082796729,869,0.6939548499327384,pga_ridge_v2,-2.957802919353684,701,-2.957802919353684,1.3044963370969354,1.0,-29.82662500297073,-0.2206552065132351,0.025428707527362,0.0,weekly_pga_core,False,0.0005469001729641,-0.0538191793470895,0.0031702157443627,0.0,-0.0,-0.0,0.8146346746662245,2026-08-17 10:00,2026-08-17 10:00
Bellerive Country Club,1,2026-08-23,2026-08-20,28,BMW Championship,2026-08-17 17:40:51 UTC,no,pga,-18000,0,KOR,14609,6,13,"kim, si woo",37455,392,4,0.0,0.0,0.0,0.0,0.0,0.0,1995-06-28,-6.5,31,2.552470830768508,1.5453853932532595,-0.1175000000000001,1.6575829817399508,1.4904,pga,2026-08-10,961,1.5453853932532595,-0.27,-0.28,-0.01,0,2,67.0,-0.8399999999999999,-0.06,0.0,0.0,0.0,0.0,0.0,0.0,0.0,0.0,0.0,0.0,0.0,0.0,0.0,0.0,0.0,0.0,0.0,0.0,0.0,0.0,2026-08-20,-0.0109393614753131,0.0,0.0,-0.0173145856260058,0.0063752241506926,0.0,0.7636438810728601,,0.2057446565961981,-0.0060173203466829,0.08544402787385,0.2040331795213416,0.3393309102242704,,1.403442244916718,-0.1239659359492342,-0.0651116024356104,880,1.3613356281141045,pga_ridge_v2,-2.957802919353684,701,-2.957802919353684,1.8789523631516207,1.0,-11.430022921277494,0.0632315328713668,0.0003404483597256,0.0,weekly_pga_core,False,0.0005469001729641,-0.0538191793470895,-0.0067044286692994,0.0,-0.0,0.0,1.3434655370732933,2026-08-17 10:00,2026-08-17 10:00
Bellerive Country Club,1,2026-08-23,2026-08-20,28,BMW Championship,2026-08-17 17:40:51 UTC,no,pga,-18000,0,KOR,24766,28,28,"kim, tom",55182,215,26,0.0,0.0,0.0,0.0,0.0,0.0,2002-06-21,-6.5,24,2.584979193654879,0.9782746429305073,-0.3675000000000001,1.6141032033541682,1.4631999999999998,pga,2026-08-10,576,0.9782746429305073,0.17,0.24,0.07,0,3,61.0,0.1600000000000001,-0.06,0.0,0.0,0.0,0.0,0.0,0.0,0.0,0.0,0.0,0.0,0.0,0.0,0.0,0.0,0.0,0.0,0.0,0.0,0.0,0.0,2026-08-20,-0.0325767536872383,0.0,0.0,-0.0374316315937645,0.0048548779065261,0.0,0.4823522262563207,,0.1795493775777565,-0.0109338236734853,0.0361071955796311,0.2008756212324229,0.1284698236634953,,0.9350787407255748,-0.0908025867514846,-0.0443133046361947,426,0.9992110379319554,pga_ridge_v2,-2.957802919353684,701,-2.957802919353684,1.8535582986922785,1.0,15.812724148840058,0.4200985356889853,0.0537742114771128,0.0,weekly_pga_core,False,0.0005469001729641,-0.0538191793470895,-0.0199653811482791,0.0,0.0,0.0,0.8618410804031702,2026-08-17 10:00,2026-08-17 10:00
Bellerive Country Club,1,2026-08-23,2026-08-20,28,BMW Championship,2026-08-17 17:40:51 UTC,no,pga,-18000,0,USA,21891,23,37,"kitayama, kurt",48117,294,28,0.0,0.0,0.0,0.0,0.0,0.0,1993-01-14,-6.5,33,2.975589032473533,1.036667591432889,-0.1175000000000001,1.2710289512096955,1.0732,pga,2026-08-10,1089,1.036667591432889,0.03,0.03,0.12,0,2,63.0,-0.8399999999999999,-0.06,0.0,0.0,0.0,0.0,0.0,0.0,0.0,0.0,0.0,0.0,0.0,0.0,0.0,0.0,0.0,0.0,0.0,0.0,0.0,0.0,2026-08-20,0.0201921332694929,0.0,0.0,0.0207231450588891,-0.0005310117893962,0.0,0.5349714267719035,,0.1254236611299871,-0.0072491586803194,0.0595963402089552,0.1473344154638028,0.2459331609707523,,0.9556775348207108,-0.0796461327134078,-0.0455802167128076,644,0.7822745629762846,pga_ridge_v2,-2.957802919353684,701,-2.957802919353684,1.2543238903851677,1.0,-2.5583557579014946,0.1252028790903383,-0.0251059616181553,0.0,weekly_pga_core,False,0.0005469001729641,-0.0538191793470895,0.0123751936977134,0.0,-0.0,0.0,0.9147804493442988,2026-08-17 10:00,2026-08-17 10:00
Bellerive Country Club,1,2026-08-23,2026-08-20,28,BMW Championship,2026-08-17 17:40:51 UTC,no,pga,-18000,0,USA,19396,33,48,"knapp, jake",47420,351,35,0.0,0.0,0.0,0.0,0.0,0.0,1994-05-31,-6.5,32,2.8967222318555548,0.8447795717481583,0.2574999999999998,1.528375350146313,1.0896,pga,2026-08-10,1024,0.8447795717481583,0.18,0.09,0.02,0,2,39.0,-0.8399999999999999,-0.06,0.0,0.0,0.0,0.0,0.0,0.0,0.0,0.0,0.0,0.0,0.0,0.0,0.0,0.0,0.0,0.0,0.0,0.0,0.0,0.0,2026-08-20,0.0489095686551934,0.0,0.0,0.0502619070023325,-0.0013523383471391,-0.0,0.4682334262671224,,0.1173087818888497,1.1218575643694394e-05,0.0624695068522995,0.1509862002675087,0.2576133034087507,,0.9106141961069628,-0.0998296245101977,-0.035307836118879,406,0.811335611620476,pga_ridge_v2,-2.957802919353684,701,-2.957802919353684,0.5510003602697707,1.0,-9.341432582885089,0.0022370798816291,-0.0108707805241352,0.0,weekly_pga_core,False,0.0005469001729641,-0.0538191793470895,0.0299753066058696,0.0,-0.0,0.0,0.887317223538707,2026-08-17 10:00,2026-08-17 10:00
Bellerive Country Club,1,2026-08-23,2026-08-20,28,BMW Championship,2026-08-17 17:40:51 UTC,no,pga,-18000,0,AUS,16841,40,27,"lee, min woo",37378,223,18,0.0,0.0,0.0,0.0,0.0,0.0,1998-07-27,-6.5,28,2.7115125071914274,1.083264040500875,0.6324999999999998,1.3892908534275117,1.091,pga,2026-08-10,784,1.083264040500875,-0.05,0.08,-0.0199999999999999,0,2,55.0,-0.8399999999999999,-0.06,0.0,0.0,0.0,0.0,0.0,0.0,0.0,0.0,0.0,0.0,0.0,0.0,0.0,0.0,0.0,0.0,0.0,0.0,0.0,0.0,2026-08-20,0.0460537635095318,0.0,0.0,0.0499184854269629,-0.003864721917431,0.0,0.4929069374971485,,0.0182436118924511,0.004451248775518,0.0328507415294581,0.1497780910091398,0.2539825595914728,,0.8637902862271841,-0.070743745837684,-0.0455021247206915,561,0.5309008719202108,pga_ridge_v2,-2.957802919353684,701,-2.957802919353684,0.4112235301153966,1.0,14.844202107845508,-0.0583911677040545,0.0278229664903711,0.0,weekly_pga_core,False,0.0005469001729641,-0.0538191793470895,0.0282250635102635,0.0,0.0,-0.0,0.8387430705633222,2026-08-17 10:00,2026-08-17 10:00
Bellerive Country Club,1,2026-08-23,2026-08-20,28,BMW Championship,2026-08-17 17:40:51 UTC,no,pga,-18000,0,SCO,23323,31,19,"macintyre, robert",52215,157,36,0.0,0.0,0.0,0.0,0.0,0.0,1996-08-03,-6.5,30,3.0122159820667527,1.524020395889632,0.5074999999999998,1.7260291385809134,1.4522,pga,2026-08-10,900,1.524020395889632,0.1400000000000001,0.01,0.0799999999999999,3,1,56.0,-1.84,2.94,0.0,0.0,0.0,0.0,0.0,0.0,0.0,0.0,0.0,0.0,0.0,0.0,0.0,0.0,0.0,0.0,0.0,0.0,0.0,0.0,2026-08-20,0.0081713642531146,0.0,0.0,0.0092642747876294,-0.0010929105345148,0.0,0.7489395501995434,,-0.0117396414877116,-0.0152770525212152,0.0075916403599728,0.1993654846594619,0.3113905914973113,,1.1227137591468654,-0.083124090718749,-0.0461317727093475,720,0.5453519921414507,pga_ridge_v2,-2.957802919353684,701,-2.957802919353684,1.3148855695583486,1.0,19.09358368862569,0.4920119234778593,0.0116990498675993,0.0,weekly_pga_core,False,-0.0267981084752428,-0.0538191793470895,0.0050080005939562,0.0,0.0,0.0,1.0471044719184894,2026-08-17 10:00,2026-08-17 10:00
Bellerive Country Club,1,2026-08-23,2026-08-20,28,BMW Championship,2026-08-17 17:40:51 UTC,no,pga,-18000,0,JPN,13562,12,25,"matsuyama, hideki",32839,403,16,0.0,0.0,0.0,0.0,0.0,0.0,1992-02-25,-6.5,34,2.421460750759667,1.553808320063663,0.7574999999999998,1.9884333145883848,1.7484,pga,2026-08-10,1156,1.553808320063663,0.02,0.29,-0.0799999999999999,0,6,69.0,3.16,-0.06,0.0,0.0,0.0,0.0,0.0,0.0,0.0,0.0,0.0,0.0,0.0,0.0,0.0,0.0,0.0,0.0,0.0,0.0,0.0,0.0,2026-08-20,-0.0107529121747848,0.0,0.0,-0.0168035168671345,0.0060506046923497,0.0,0.7822046160456514,,0.2002783480677392,-0.0106908095454733,0.1112486704229311,0.2400293440150139,0.3032158451545992,,1.4629418429088965,-0.0822123145506231,-0.045545326447848,805,1.1360552257544905,pga_ridge_v2,-2.957802919353684,701,-2.957802919353684,2.365396697366706,1.0,21.321277583743164,-0.1356860364728799,-0.0355865302530941,0.0,weekly_pga_core,False,0.0005469001729641,-0.0538191793470895,-0.0065901591080774,0.0,0.0,-0.0,1.4030794046266937,2026-08-17 10:00,2026-08-17 10:00
Bellerive Country Club,1,2026-08-23,2026-08-20,28,BMW Championship,2026-08-17 17:40:51 UTC,no,pga,-18000,0,USA,28635,96,71,"mccarty, matt",59141,103,50,0.0,0.0,0.0,0.0,0.0,0.0,1997-12-11,-6.5,28,3.0477400418858305,0.4702235268425727,0.2574999999999998,0.9901153040601204,0.7092,pga,2026-08-10,784,0.4702235268425727,0.1099999999999999,0.2799999999999999,0.0499999999999999,0,4,63.0,1.16,-0.06,0.0,0.0,0.0,0.0,0.0,0.0,0.0,0.0,0.0,0.0,0.0,0.0,0.0,0.0,0.0,0.0,0.0,0.0,0.0,0.0,2026-08-20,-0.0284795930560064,0.0,0.0,-0.028358172370675,-0.0001214206853313,-0.0,0.1842583513792506,-0.0199183891213842,-0.0174853368457365,-0.0327921465435188,-0.0446179006757872,,,0.0919953874978779,0.1621778923743098,0.0003138665110155,0.0063008629232723,438,-0.0660826202277755,pga_ridge_v2,-2.957802919353684,701,-2.957802919353684,0.282537469193615,1.0,-18.710305476082137,0.044989593160972,-0.0058768027506797,0.0,weekly_pga_core,False,0.0006830876588941,-0.0235809815958934,-0.009713905166234,0.0,-0.0,0.0,0.1295660932710764,2026-08-17 10:00,2026-08-17 10:00
Bellerive Country Club,1,2026-08-23,2026-08-20,28,BMW Championship,2026-08-17 17:40:51 UTC,no,pga,-18000,0,NIR,10091,5,2,"mcilroy, rory",28237,585,13,0.0,0.0,0.0,0.0,0.0,0.0,1989-05-04,-6.5,37,3.0475011436989634,2.0716099133541817,1.2574999999999998,2.7074038452625864,2.53,pga,2026-08-10,1369,2.0716099133541817,-0.0499999999999998,-0.24,0.3099999999999998,0,2,43.0,-0.8399999999999999,-0.06,0.0,0.0,0.0,0.0,0.0,0.0,0.0,0.0,0.0,0.0,0.0,0.0,0.0,0.0,0.0,0.0,0.0,0.0,0.0,0.0,2026-08-20,0.0976045344546205,0.0,0.0,0.1006117309472187,-0.0030071964925982,0.0,0.9269930008042366,,0.0223224412760297,-0.0071453284950991,0.2155889643146506,0.3426088028619702,0.4948476710717348,,1.7146144920934978,-0.1311093694166739,-0.0780264252282604,760,1.3273218573872396,pga_ridge_v2,-2.957802919353684,701,-2.957802919353684,1.3201729155452926,1.0,19.30600847402228,0.2141501788832809,-0.0714652650950909,0.0,weekly_pga_core,False,0.0005469001729641,-0.0538191793470895,0.0598190891239796,0.0,0.0,0.0,1.721161302043352,2026-08-17 10:00,2026-08-17 10:00
Bellerive Country Club,1,2026-08-23,2026-08-20,28,BMW Championship,2026-08-17 17:40:51 UTC,no,pga,-18000,0,USA,18634,21,46,"mcnealy, maverick",46442,182,49,0.0,0.0,0.0,0.0,0.0,0.0,1995-11-07,-6.5,30,2.795697707272052,1.0401043402989352,-0.8675000000000002,1.4666957121312003,1.3074,pga,2026-08-10,900,1.0401043402989352,0.28,0.08,0.01,0,3,61.0,0.1600000000000001,-0.06,0.0,0.0,0.0,0.0,0.0,0.0,0.0,0.0,0.0,0.0,0.0,0.0,0.0,0.0,0.0,0.0,0.0,0.0,0.0,0.0,2026-08-20,0.0285136100131289,0.0,-0.0,0.0315913128690446,-0.0030777028559157,0.0,0.5238689926266159,,0.1204647837548176,-0.0204417077167106,0.0535505991555219,0.1794865959535742,0.2875679259318575,,1.0240646674886058,-0.0817534201881621,-0.042906832630597,726,0.6865853257215844,pga_ridge_v2,-2.957802919353684,701,-2.957802919353684,0.5904278206099841,1.0,-0.793027138733789,0.0685913689270864,0.0042277306016884,0.0,weekly_pga_core,False,0.0005469001729641,-0.0538191793470895,0.0174751940383955,0.0,-0.0,0.0,0.988267582352876,2026-08-17 10:00,2026-08-17 10:00
Bellerive Country Club,1,2026-08-23,2026-08-20,28,BMW Championship,2026-08-17 17:40:51 UTC,no,pga,-18000,0,USA,22085,13,11,"morikawa, collin",50525,350,9,0.0,0.0,0.0,0.0,0.0,0.0,1997-02-06,-6.5,29,2.457357421144933,1.7376770765869276,-0.6175000000000002,2.233528495346011,2.0042,pga,2026-08-10,841,1.7376770765869276,-0.06,0.1899999999999999,-0.1899999999999999,0,2,45.0,-0.8399999999999999,-0.06,0.0,0.0,0.0,0.0,0.0,0.0,0.0,0.0,0.0,0.0,0.0,0.0,0.0,0.0,0.0,0.0,0.0,0.0,0.0,0.0,2026-08-20,-0.0231108610407065,0.0,0.0,-0.029295124753524,0.0061842637128174,-0.0,0.8083849675294509,,0.0914847826204972,-0.017570059866102,0.0761730251655658,0.2751468835935088,0.3820993335173142,,1.4269169631050382,-0.1341995634844621,-0.0707657080964974,589,1.216492951130703,pga_ridge_v2,-2.957802919353684,701,-2.957802919353684,1.6238709073462725,1.0,45.11889905103796,-0.0624759198621589,0.0161633021257628,0.0,weekly_pga_core,False,0.0005469001729641,-0.0538191793470895,-0.0141640003105458,0.0,0.0,-0.0,1.359480683620367,2026-08-17 10:00,2026-08-17 10:00
Bellerive Country Club,1,2026-08-23,2026-08-20,28,BMW Championship,2026-08-17 17:40:51 UTC,no,pga,-18000,0,SWE,10419,22,18,"noren, alex",27349,356,34,0.0,0.0,0.0,0.0,0.0,0.0,1982-07-12,-6.5,44,2.4081636988357875,1.1029198267129283,-0.2425000000000001,1.4547907774189732,1.2734,pga,2026-08-10,1936,1.1029198267129283,0.52,0.18,0.13,0,3,63.0,0.1600000000000001,-0.06,0.0,0.0,0.0,0.0,0.0,0.0,0.0,0.0,0.0,0.0,0.0,0.0,0.0,0.0,0.0,0.0,0.0,0.0,0.0,0.0,2026-08-20,-0.0408709814428931,0.0,0.0,-0.0450122116587586,0.0041412302158655,0.0,0.5407585895030392,,0.190767821762712,-0.0213558515196183,0.0302864443926461,0.179843537325365,0.2584811511671405,,0.8933281424640402,-0.0661382059388075,-0.0400953339777745,770,0.6543796471247212,pga_ridge_v2,-2.957802919353684,701,-2.957802919353684,1.0993175040607115,1.0,13.259604776619517,0.136898531825539,-0.1792200102506623,0.0,weekly_pga_core,False,0.0005469001729641,-0.0538191793470895,-0.0250486813463941,0.0,0.0,0.0,0.8150071819435206,2026-08-17 10:00,2026-08-17 10:00
Bellerive Country Club,1,2026-08-23,2026-08-20,28,BMW Championship,2026-08-17 17:40:51 UTC,no,pga,-18000,0,USA,21554,60,35,"poston, j.t.",49771,86,32,0.0,0.0,0.0,0.0,0.0,0.0,1993-06-01,-6.5,33,2.955596472797655,0.5149844113157926,-0.9925000000000002,1.422415393569583,1.1792,pga,2026-08-10,1089,0.5149844113157926,0.08,-0.1999999999999999,-0.0499999999999999,0,3,57.0,0.1600000000000001,-0.06,0.0,0.0,0.0,0.0,0.0,0.0,0.0,0.0,0.0,0.0,0.0,0.0,0.0,0.0,0.0,0.0,0.0,0.0,0.0,0.0,2026-08-20,-0.0142287884344438,0.0,0.0,-0.0150645027471008,0.0008357143126569,-0.0,0.2760214596528985,,0.0602510543073715,-0.0123486870176348,0.0421237621053538,0.1618866406214278,0.1511579146990481,,0.5846640711423357,-0.0552650848872999,-0.0185507993986664,807,0.3235375787610139,pga_ridge_v2,-2.957802919353684,701,-2.957802919353684,0.3914034642358625,1.0,-18.832393566406857,-0.0232394891996159,-0.0206121889401629,0.0,weekly_pga_core,False,0.0005469001729641,-0.0538191793470895,-0.0087204264457813,0.0,-0.0,-0.0,0.5226713655224289,2026-08-17 10:00,2026-08-17 10:00
Bellerive Country Club,1,2026-08-23,2026-08-20,28,BMW Championship,2026-08-17 17:40:51 UTC,no,pga,-18000,0,ENG,18554,53,20,"rai, aaron",46414,121,37,0.0,0.0,0.0,0.0,0.0,0.0,1995-03-03,-6.5,31,2.992951311920514,0.8417117628090217,-0.8675000000000002,1.2909936618014173,1.108,pga,2026-08-10,961,0.8417117628090217,0.02,0.07,-0.13,0,3,51.0,0.1600000000000001,-0.06,0.0,0.0,0.0,0.0,0.0,0.0,0.0,0.0,0.0,0.0,0.0,0.0,0.0,0.0,0.0,0.0,0.0,0.0,0.0,0.0,2026-08-20,-0.0435817313362121,-0.0,0.0,-0.0498386161379253,0.0062568848017132,0.0,0.4255490534267364,,-0.0302010129526655,0.0011092190065042,0.0061906509012151,0.1521119384400797,0.1917549299534969,,0.6406169894206399,-0.0676361982786085,-0.0366204926626108,787,0.5303694260684078,pga_ridge_v2,-2.957802919353684,701,-2.957802919353684,0.5854274603402132,1.0,18.01753053171497,-0.0302591428196541,-0.0016410984135077,0.0,weekly_pga_core,False,0.0005469001729641,-0.0538191793470895,-0.0267100241351009,0.0,0.0,-0.0,0.5606346861114134,2026-08-17 10:00,2026-08-17 10:00
Bellerive Country Club,1,2026-08-23,2026-08-20,28,BMW Championship,2026-08-17 17:40:51 UTC,no,pga,-18000,0,NOR,21407,48,29,"reitan, kristoffer",49855,187,19,0.0,0.0,0.0,0.0,0.0,0.0,1995-01-01,-6.5,31,2.8305152587701725,0.7475158949207349,-0.1175000000000001,1.0459268708866545,0.6977999999999999,pga,2026-08-10,961,0.7475158949207349,0.14,0.23,0.12,0,2,57.0,-0.8399999999999999,-0.06,0.0,0.0,0.0,0.0,0.0,0.0,0.0,0.0,0.0,0.0,0.0,0.0,0.0,0.0,0.0,0.0,0.0,0.0,0.0,0.0,2026-08-20,0.032161826482988,0.0,0.0,0.0339491457713089,-0.0017873192883209,-0.0,0.3349175418364848,,0.028099911322982,-0.0122978828595973,0.1115028017850778,0.0937108386093848,0.156789371567406,,0.6426098994753114,-0.0616492490065324,-0.0338921413072564,308,0.359816121573489,pga_ridge_v2,-2.957802919353684,701,-2.957802919353684,0.2413520831634506,1.0,3.403305289832077,0.0396485177657921,0.025428707527362,0.0,weekly_pga_core,False,0.0005469001729641,-0.0538191793470895,0.0197110838704969,0.0,0.0,0.0,0.6090487041716829,2026-08-17 10:00,2026-08-17 10:00
Bellerive Country Club,1,2026-08-23,2026-08-20,28,BMW Championship,2026-08-17 17:40:51 UTC,no,pga,-18000,0,ENG,6093,29,12,"rose, justin",22405,273,24,0.0,0.0,0.0,0.0,0.0,0.0,1980-07-30,-6.5,46,2.8298324423702983,1.0857053227164124,-0.1175000000000001,1.978965663119126,1.9027272727272728,pga,2026-08-10,2116,1.0857053227164124,-0.2099999999999999,0.0,0.0499999999999999,0,2,45.0,-0.8399999999999999,-0.06,0.0,0.0,0.0,0.0,0.0,0.0,0.0,0.0,0.0,0.0,0.0,0.0,0.0,0.0,0.0,0.0,0.0,0.0,0.0,0.0,2026-08-20,0.0089971613191539,0.0,0.0,0.0087472594593264,0.0002499018598274,0.0,0.4756809370816219,,0.0993846598939596,-0.0067892409662199,0.0555973226816967,0.3102644231720037,0.2476608367722729,,0.8483904375021263,-0.077448865363674,-0.0394875577506875,690,0.613896841375625,pga_ridge_v2,-2.957802919353684,701,-2.957802919353684,1.1340493854298956,1.0,84.01397107344559,0.2300529079102836,-0.2164720780188471,0.0,weekly_pga_core,False,0.0005469001729641,-0.0538191793470895,0.0055141085178119,0.0,0.0,0.0,0.8006322668458127,2026-08-17 10:00,2026-08-17 10:00
Bellerive Country Club,1,2026-08-23,2026-08-20,28,BMW Championship,2026-08-17 17:40:51 UTC,no,pga,-18000,0,USA,19895,7,10,"schauffele, xander",48081,467,11,0.0,0.0,0.0,0.0,0.0,0.0,1993-10-25,-6.5,32,2.478655439112163,1.6308449804549068,0.3824999999999998,2.7028399433641166,2.5696,pga,2026-08-10,1024,1.6308449804549068,0.53,0.08,0.18,0,2,59.0,-0.8399999999999999,-0.06,0.0,0.0,0.0,0.0,0.0,0.0,0.0,0.0,0.0,0.0,0.0,0.0,0.0,0.0,0.0,0.0,0.0,0.0,0.0,0.0,2026-08-20,0.0378707409659707,0.0,0.0,0.0355041733908442,0.0023665675751264,0.0,0.7840300646591414,,0.2027986062576555,-0.0034436650294544,0.1370726887349001,0.3527679034437084,0.3962357807536013,,1.6558587701402092,-0.1282995395272864,-0.069083571150548,751,1.436807712988904,pga_ridge_v2,-2.957802919353684,701,-2.957802919353684,1.2989565251223667,1.0,74.50332757842375,0.144193528190513,-0.0162194980015085,0.0,weekly_pga_core,False,0.0005469001729641,-0.0538191793470895,0.0232099178761802,0.0,0.0,0.0,1.625796408842264,2026-08-17 10:00,2026-08-17 10:00
Bellerive Country Club,1,2026-08-23,2026-08-20,28,BMW Championship,2026-08-17 17:40:51 UTC,no,pga,-18000,0,USA,18417,1,1,"scheffler, scottie",46046,1527,1,0.0,0.0,0.0,0.0,0.0,0.0,1996-06-21,-6.5,30,2.4098502225639558,2.8910628616033427,1.2574999999999998,3.454563226250774,3.2984,pga,2026-08-10,900,2.8910628616033427,0.31,0.1399999999999999,0.0,0,2,59.0,-0.8399999999999999,-0.06,0.0,0.0,0.0,0.0,0.0,0.0,0.0,0.0,0.0,0.0,0.0,0.0,0.0,0.0,0.0,0.0,0.0,0.0,0.0,0.0,2026-08-20,0.022585800654109,0.0,0.0,0.02107834859186,0.0015074520622489,0.0,1.447618489253435,,0.3573284247960561,-0.0296033829601339,0.1565016467035223,0.4528213156595297,0.696056573715964,,2.760948039427958,-0.2163201274538027,-0.1133240259899855,694,2.6036402140536503,pga_ridge_v2,-2.957802919353684,701,-2.957802919353684,3.1743280523559134,1.0,62.622683775969975,0.0056408123380892,0.0098691257033735,0.0,weekly_pga_core,False,0.0005469001729641,-0.0538191793470895,0.0138422054857783,0.0,0.0,0.0,2.721517965739611,2026-08-17 10:00,2026-08-17 10:00
Bellerive Country Club,1,2026-08-23,2026-08-20,28,BMW Championship,2026-08-17 17:40:51 UTC,no,pga,-18000,0,AUS,6430,34,51,"scott, adam",24502,301,27,0.0,0.0,0.0,0.0,0.0,0.0,1980-07-16,-6.5,46,2.930189248756033,0.8290693613428982,1.8825,1.984853645969228,1.796111111111111,pga,2026-08-10,2116,0.8290693613428982,0.45,0.19,0.21,0,2,53.0,-0.8399999999999999,-0.06,0.0,0.0,0.0,0.0,0.0,0.0,0.0,0.0,0.0,0.0,0.0,0.0,0.0,0.0,0.0,0.0,0.0,0.0,0.0,0.0,2026-08-20,0.019149818301323,0.0,0.0,0.0202788461741999,-0.0011290278728768,-0.0,0.441577372539391,,0.1327532328999721,-0.0161688241626658,0.0586464859650768,0.2382995512132585,0.2459446177068366,,0.7597847977599017,-0.0777293632956048,-0.0470661970875156,692,0.6013771645696695,pga_ridge_v2,-2.957802919353684,701,-2.957802919353684,0.7796040913624706,1.0,-1.879932122464801,0.0525467873513244,-0.2164720780188471,0.0,weekly_pga_core,False,0.0005469001729641,-0.0538191793470895,0.0117363880077461,0.0,-0.0,0.0,0.7182489065935225,2026-08-17 10:00,2026-08-17 10:00
Bellerive Country Club,1,2026-08-23,2026-08-20,28,BMW Championship,2026-08-17 17:40:51 UTC,no,pga,-18000,0,USA,18474,37,45,"smalley, alex",46340,179,23,0.0,0.0,0.0,0.0,0.0,0.0,1996-10-21,-6.5,29,2.8472515617745167,0.8608586525386468,-0.4925000000000001,1.2158075185769848,0.8123999999999999,pga,2026-08-10,841,0.8608586525386468,0.3199999999999999,-0.0899999999999999,0.0999999999999999,0,3,59.0,0.1600000000000001,-0.06,0.0,0.0,0.0,0.0,0.0,0.0,0.0,0.0,0.0,0.0,0.0,0.0,0.0,0.0,0.0,0.0,0.0,0.0,0.0,0.0,2026-08-20,-0.0174341189007558,0.0,0.0,-0.0208609643450762,0.0034268454443203,-0.0,0.4230378996674321,,0.1188867802234845,-0.0087407645275671,0.02200324284719,0.1110636806841376,0.1828107686037586,,0.7361904663298043,-0.0818174191828816,-0.0445574255827406,483,0.6638564529772837,pga_ridge_v2,-2.957802919353684,701,-2.957802919353684,0.7993175040607116,1.0,11.589536336092518,0.0372601400812359,0.0135037035969907,0.0,weekly_pga_core,False,0.0005469001729641,-0.0538191793470895,-0.0106848838340317,0.0,0.0,0.0,0.6722333033216471,2026-08-17 10:00,2026-08-17 10:00
Bellerive Country Club,1,2026-08-23,2026-08-20,28,BMW Championship,2026-08-17 17:40:51 UTC,no,pga,-18000,0,USA,17536,20,16,"spaun, j.j.",39324,193,21,0.0,0.0,0.0,0.0,0.0,0.0,1990-08-21,-6.5,36,2.412813974666171,1.2465365376087636,-0.2425000000000001,1.633057345956154,1.3492,pga,2026-08-10,1296,1.2465365376087636,-0.1100000000000001,-0.3299999999999999,0.1699999999999999,0,2,61.0,-0.8399999999999999,-0.06,0.0,0.0,0.0,0.0,0.0,0.0,0.0,0.0,0.0,0.0,0.0,0.0,0.0,0.0,0.0,0.0,0.0,0.0,0.0,0.0,2026-08-20,-0.0049368530272004,-0.0,0.0,-0.008125649888188,0.0031887968609876,0.0,0.6098505598349176,,0.0659304845130712,-0.0002323754018709,0.0787529492385129,0.1852251149308263,0.2954896954881508,,1.02307054703597,-0.1088589901210474,-0.0488955772343764,790,0.897058576833623,pga_ridge_v2,-2.957802919353684,701,-2.957802919353684,1.1289523631516212,1.0,2.0997262347765284,-0.0267994707352326,-0.054191314212214,0.0,weekly_pga_core,False,0.0005469001729641,-0.0538191793470895,-0.0030256591343447,0.0,0.0,-0.0,0.9667726087274998,2026-08-17 10:00,2026-08-17 10:00
Bellerive Country Club,1,2026-08-23,2026-08-20,28,BMW Championship,2026-08-17 17:40:51 UTC,no,pga,-18000,0,AUT,17511,127,30,"straka, sepp",49960,197,39,0.0,0.0,0.0,0.0,0.0,0.0,1993-05-01,-6.5,33,3.2,0.1311154344903311,-0.8675000000000002,1.52277040553848,1.3330000000000002,pga,2026-08-10,1089,0.1311154344903311,-0.13,-0.33,0.03,0,3,59.0,0.1600000000000001,-0.06,0.0,0.0,0.0,0.0,0.0,0.0,0.0,0.0,0.0,0.0,0.0,0.0,0.0,0.0,0.0,0.0,0.0,0.0,0.0,0.0,2026-08-20,-0.0257433749058914,-0.0,0.0,-0.0282578310218716,0.0025144561159802,-0.0,0.0622867265653061,-0.0306339406689969,-0.0101396540014141,0.0149440148249817,-0.001837156418643,,,0.076162353447798,0.0681963192556182,9.653606221523036e-05,0.0030295435953456,800,-0.1997316839770232,pga_ridge_v2,-2.957802919353684,701,-2.957802919353684,-0.9414105708496058,1.0,-20.56158306405915,0.0431028323934847,-0.0457121041509746,0.0,weekly_pga_core,False,0.0006830876588941,-0.0235809815958934,-0.008780627658649,0.0,-0.0,0.0,0.0365177976599698,2026-08-17 10:00,2026-08-17 10:00
Bellerive Country Club,1,2026-08-23,2026-08-20,28,BMW Championship,2026-08-17 17:40:51 UTC,no,pga,-18000,0,USA,23014,103,86,"theegala, sahith",51634,126,46,0.0,0.0,0.0,0.0,0.0,0.0,1997-12-04,-6.5,28,3.179392648760657,0.510493096230773,1.6324999999999998,1.4208351695642858,1.2602000000000002,pga,2026-08-10,784,0.510493096230773,0.0499999999999999,0.23,-0.14,0,3,71.0,0.1600000000000001,-0.06,0.0,0.0,0.0,0.0,0.0,0.0,0.0,0.0,0.0,0.0,0.0,0.0,0.0,0.0,0.0,0.0,0.0,0.0,0.0,0.0,2026-08-20,0.002257856769854,0.0,0.0,0.0040539607970692,-0.0017961040272152,0.0,0.207846798992626,-0.0285832848645787,-0.1838383835782188,-0.012712963767054,-0.0347075853445071,,,0.1375836062282803,0.088684439063135,5.497903358509796e-05,0.0089180751136821,555,-0.1958344985214881,pga_ridge_v2,-2.957802919353684,701,-2.957802919353684,-0.2734678337272121,1.0,5.764052478557263,-0.1337225190183858,-0.0058768027506797,0.0,weekly_pga_core,False,0.0005469001729641,-0.0538191793470895,0.0013837772609619,0.0,0.0,-0.0,0.0367959371499715,2026-08-17 10:00,2026-08-17 10:00
Bellerive Country Club,1,2026-08-23,2026-08-20,28,BMW Championship,2026-08-17 17:40:51 UTC,no,pga,-18000,0,USA,14139,26,23,"thomas, justin",33448,290,44,0.0,0.0,0.0,0.0,0.0,0.0,1993-04-29,-6.5,33,2.8610606036585176,1.1990469264333272,-0.8675000000000002,2.3206658925247394,2.1922,pga,2026-08-10,1089,1.1990469264333272,0.2199999999999999,-0.06,0.31,0,3,63.0,0.1600000000000001,-0.06,0.0,0.0,0.0,0.0,0.0,0.0,0.0,0.0,0.0,0.0,0.0,0.0,0.0,0.0,0.0,0.0,0.0,0.0,0.0,0.0,2026-08-20,0.0156205220885658,0.0,0.0,0.0134498478665752,0.0021706742219905,0.0,0.5823540130496146,,0.0576372896817472,-0.0011085538670889,0.045494429994104,0.3047730174521453,0.2570127948911679,,1.095213622518065,-0.0872643354164224,-0.0419588775706048,753,1.0549248118188206,pga_ridge_v2,-2.957802919353684,701,-2.957802919353684,0.9265321662727878,1.0,-59.81168003873471,-0.3610606602958548,-0.0217261556965979,0.0,weekly_pga_core,False,0.0005469001729641,-0.0538191793470895,0.0095733810749688,0.0,-0.0,-0.0,1.0515147244189087,2026-08-17 10:00,2026-08-17 10:00
Bellerive Country Club,1,2026-08-23,2026-08-20,28,BMW Championship,2026-08-17 17:40:51 UTC,no,pga,-18000,0,USA,26649,41,41,"thorbjornsen, michael",57364,247,41,0.0,0.0,0.0,0.0,0.0,0.0,2001-09-16,-6.5,24,3.2,1.0875168005332023,0.0074999999999998,1.0875168005332023,0.6978,pga,2026-08-10,576,1.0875168005332023,0.3299999999999999,0.25,0.2700000000000001,0,2,55.0,-0.8399999999999999,-0.06,0.0,0.0,0.0,0.0,0.0,0.0,0.0,0.0,0.0,0.0,0.0,0.0,0.0,0.0,0.0,0.0,0.0,0.0,0.0,0.0,2026-08-20,0.0226394812884078,-0.0,0.0,0.0193201015412078,0.0033193797471999,0.0,0.5002892539912189,,0.119844565979842,-0.0034556965623851,0.0840472559581825,0.0949738619249523,0.1468023459469101,,0.8939088552446711,-0.0679625153923171,-0.0304540844873622,215,0.7486153953051227,pga_ridge_v2,-2.957802919353684,701,-2.957802919353684,1.450695578411751,1.0,-3.1037751129944366,0.094412657748362,0.0498238678856297,0.0,weekly_pga_core,False,0.0005469001729641,-0.0538191793470895,0.0138751048450682,0.0,-0.0,0.0,0.8545116809156139,2026-08-17 10:00,2026-08-17 10:00
Bellerive Country Club,1,2026-08-23,2026-08-20,28,BMW Championship,2026-08-17 17:40:51 UTC,no,pga,-18000,0,USA,12577,68,47,"woodland, gary",31323,268,31,0.0,0.0,0.0,0.0,0.0,0.0,1984-05-21,-6.5,42,3.077978293565072,0.3519291197006304,0.3824999999999998,1.4836626662003476,1.366,pga,2026-08-10,1764,0.3519291197006304,0.41,0.12,0.12,0,2,57.0,-0.8399999999999999,-0.06,0.0,0.0,0.0,0.0,0.0,0.0,0.0,0.0,0.0,0.0,0.0,0.0,0.0,0.0,0.0,0.0,0.0,0.0,0.0,0.0,2026-08-20,0.0508679554344316,0.0,0.0,0.0500992600909963,0.0007686953434352,-0.0,0.246393542227806,,0.0152894586418049,0.0018071382019117,0.0900641971736668,0.237699419016731,0.1555327108281534,,0.4835650653397174,-0.0768331575350719,-0.0385344717776333,741,0.4639126068164117,pga_ridge_v2,-2.957802919353684,701,-2.957802919353684,0.0434997456996662,1.0,-10.864325126568176,-0.0912397403892293,-0.1478537714376515,0.0,weekly_pga_core,False,0.0006830876588941,-0.0235809815958934,0.0173501950719088,0.0,-0.0,-0.0,0.4780173664746269,2026-08-17 10:00,2026-08-17 10:00
Bellerive Country Club,1,2026-08-23,2026-08-20,28,BMW Championship,2026-08-17 17:40:51 UTC,no,pga,-18000,0,USA,26651,11,3,"young, cameron",57366,452,3,0.0,0.0,0.0,0.0,0.0,0.0,1997-05-07,-6.5,29,3.029744348267126,1.532812559481092,1.0074999999999998,2.143198681359509,1.8,pga,2026-08-10,841,1.532812559481092,-0.4200000000000001,-0.33,-0.09,0,4,61.0,1.16,-0.06,0.0,0.0,0.0,0.0,0.0,0.0,0.0,0.0,0.0,0.0,0.0,0.0,0.0,0.0,0.0,0.0,0.0,0.0,0.0,0.0,2026-08-20,0.0596995362954278,-0.0,0.0,0.0611175705487449,-0.0014180342533171,0.0,0.737522495518407,,0.0796452921628503,0.0127309201769019,0.1631726743610823,0.2471132573936313,0.3978189614556118,,1.4566225787773992,-0.123820000706047,-0.0754658013531061,518,1.253474379672716,pga_ridge_v2,-2.957802919353684,701,-2.957802919353684,1.2789463370969354,1.0,30.77857059136057,0.0701380653653553,0.0179047797680678,0.0,weekly_pga_core,False,0.0005469001729641,-0.0538191793470895,0.0365881759722629,0.0,0.0,0.0,1.439938475575537,2026-08-17 10:00,2026-08-17 10:00
