course_name,current_round,date_end,date_start,event_id,event_name,last_updated,multi_course,tour,tz_offset,am,country,dg_id,dg_rank,owgr_rank,player_name,player_num,pre_tourn_pageviews,tour_rank,r1_course,r2_course,r3_teetime,r3_course,r4_teetime,r4_course,Birthday,birthdate_source,c_exp,player_age,player_age_known,std_dev,skill_est,ema_8_great_shots,max_skill,sma_50_max_skill,tour_history,Date,age_squared,adj_skill_est,delta_adj_skill_est,delta_sg_putt,delta_sg_ott,dsle,consecutive_weeks_played,sample,relative_consecutive_weeks,relative_dsle,course_history_raw,course_history_weighted_rounds,course_history_rounds,course_history_events,course_history_sg_ott_raw,course_history_sg_ott_weighted_rounds,course_history_sg_ott_rounds,course_history_sg_app_raw,course_history_sg_app_weighted_rounds,course_history_sg_app_rounds,course_history_sg_arg_raw,course_history_sg_arg_weighted_rounds,course_history_sg_arg_rounds,course_history_sg_putt_raw,course_history_sg_putt_weighted_rounds,course_history_sg_putt_rounds,course_history_sg_ott_adjustment,course_history_sg_app_adjustment,course_history_sg_arg_adjustment,course_history_sg_putt_adjustment,course_history_as_of,course_adjustment,putt_adj,app_adj,dd_adj,acc_adj,arg_adj,comp_adj_skill_est,comp_max_skill,comp_ema_sg_adj,comp_putt,comp_ott,comp_max_skill_50,comp_6m_sg,comp_sma20_sg,pred_step2,comp_sma50_sg,comp_sma6m_sg,prior_rounds,neutral_skill_est,skill_source,tour_low_data_prior,tour_low_data_prior_n,cold_start_skill,observed_low_data_mean,low_data_weight,majors_history_raw,links_adj,comp_age,comp_skill_v2_delta,skill_model_source,uses_neutral_skill,comp_relative_dsle,comp_c_exp,comp_c_adj,comp_c_hist,comp_major,comp_links,pred,r1_teetime,r2_teetime
Yokohama Country Club (West Course),1,2026-10-11,2026-10-08,527,Baycurrent Classic,2026-10-05 21:11:12 UTC,no,pga,32400,0,USA,19846,71.0,151.0,"bauchou, zach",48001,149,81,0.0,0.0,0.0,0.0,0.0,0.0,1995-12-12,player_birthdates.csv,-6.5,30.0,1,2.3,0.3688806463241586,-0.094758064516129,0.3970854062637493,0.2206,pga,2026-09-14,900.0,0.3688806463241586,0.0,0.0,0.0,0.0,2.0,43.0,0.9848484848484848,-11.212121212121213,0.0,0.0,0.0,0.0,0.0,0.0,0.0,0.0,0.0,0.0,0.0,0.0,0.0,0.0,0.0,0.0,0.0,0.0,0.0,0.0,2026-10-08,0.0506337845930591,-0.0022439742141556,-0.0043214384411456,0.0301518457050079,0.0270426339026498,4.717640702622572e-06,0.2334726367637077,-0.0101751900303746,0.1390985307795347,-0.027929130006531,0.022156010572123,,,0.0939652556185274,0.4446395460172823,0.0008373343861451,0.0151773193959519,278,0.55,pga_established_fallback,-2.987821491144572,705,-2.987821491144572,0.8957076607034932,1.0,-2.846105797655233,0.0,-0.0219632214618021,0.0,weekly_pga_core,False,0.1280289269679941,-0.0234577896509907,0.0086615528822253,0.0,-0.0,0.0,0.557872236216511,2026-10-08 10:46,2026-10-09 09:40
Yokohama Country Club (West Course),1,2026-10-11,2026-10-08,527,Baycurrent Classic,2026-10-05 21:11:12 UTC,no,pga,32400,0,RSA,18103,74.0,109.0,"bezuidenhout, christiaan",45522,143,99,0.0,0.0,0.0,0.0,0.0,0.0,1994-05-18,player_birthdates.csv,-2.5,32.0,1,2.3,0.5568589494662853,-0.094758064516129,1.2534735352630575,1.075,pga,2026-09-14,1024.0,0.5568589494662853,0.01,-0.0799999999999999,0.0099999999999999,0.0,2.0,49.0,0.9848484848484848,-11.212121212121213,4.756253420810575,3.101898125551436,4.0,1.0,0.0,0.0,0.0,0.0,0.0,0.0,0.0,0.0,0.0,0.0,0.0,0.0,0.0,0.0,0.0,0.0,2026-10-08,-0.2895920488309632,-0.0022283358272519,-0.0075870677460443,-0.2776629119509956,-0.0144972336892207,0.0123835003825494,0.2531421734654888,,0.0234484536703609,-0.0089900296338374,-0.1064146958121945,0.1404222283404966,0.1467563816249012,,0.375700847167241,-0.0380266724183556,-0.0224170558929584,774,0.47,pga_established_fallback,-2.987821491144572,705,-2.987821491144572,0.1385835145204173,1.0,-0.5068101985818343,0.0402070086126562,-0.0122199361766605,0.0,weekly_pga_core,False,0.1025162223834677,-0.0210229651406212,-0.0886648914142114,0.0118906335520264,-0.0,0.0,0.3804198465479024,2026-10-08 09:51,2026-10-09 08:45
Yokohama Country Club (West Course),1,2026-10-11,2026-10-08,527,Baycurrent Classic,2026-10-05 21:11:12 UTC,no,pga,32400,0,USA,13872,40.0,51.0,"bradley, keegan",33141,194,79,0.0,0.0,0.0,0.0,0.0,0.0,1986-06-07,player_birthdates.csv,-6.5,40.0,1,2.40773198447587,0.9592363168934916,1.280241935483871,1.5256855683534836,1.283,pga,2026-08-09,1600.0,0.9592363168934916,0.1999999999999999,-0.09,0.1999999999999999,30.0,0.0,51.0,-1.0151515151515151,18.78787878787879,0.0,0.0,0.0,0.0,0.0,0.0,0.0,0.0,0.0,0.0,0.0,0.0,0.0,0.0,0.0,0.0,0.0,0.0,0.0,0.0,2026-10-08,0.1672802453011489,0.0001848043976378,-0.0117531157024583,0.1278713356410042,0.0294766794457544,0.0215005415192108,0.4695070779666265,,0.0678479359737588,0.0088015953310589,0.0466351087978322,0.1675922967077741,0.2311710759307612,,0.7758517014075981,-0.0700664167043689,-0.0341788730007222,801,0.95,pga_established_fallback,-2.987821491144572,705,-2.987821491144572,0.8742309771499756,1.0,4.367783861259795,-0.1489821956718873,-0.1114580995951226,0.0,weekly_pga_core,False,-0.1717839402101351,-0.0546597093656153,0.0512164779566392,0.0,0.0,-0.0,0.6006245297884869,2026-10-08 10:35,2026-10-09 09:29
Yokohama Country Club (West Course),1,2026-10-11,2026-10-08,527,Baycurrent Classic,2026-10-05 21:11:12 UTC,no,pga,32400,0,USA,29197,30.0,33.0,"brennan, michael",61522,243,46,0.0,0.0,0.0,0.0,0.0,0.0,2002-02-11,player_birthdates.csv,-6.5,24.0,1,2.685769120157309,1.0005381492040195,0.155241935483871,1.045988687427346,0.5914,pga,2026-09-14,576.0,1.0005381492040195,-0.1899999999999999,0.05,0.13,0.0,2.0,61.0,0.9848484848484848,-11.212121212121213,0.0,0.0,0.0,0.0,0.0,0.0,0.0,0.0,0.0,0.0,0.0,0.0,0.0,0.0,0.0,0.0,0.0,0.0,0.0,0.0,2026-10-08,0.3102258254972197,-0.004107140153374,-0.0087291983985688,0.396450555339338,-0.033382852397657,-0.0400055388925183,0.5390388087264316,,0.1315932732276311,-0.0380300728591857,0.1375981689473629,0.0776436953726429,0.1402478587195049,,0.933853256987086,-0.0644004434886603,-0.0394875350165819,111,1.07,pga_established_fallback,-2.987821491144572,705,-2.987821491144572,2.005522619563701,1.0,-1.2566015122676808,-0.0155818508677691,0.0496495033579405,0.0,weekly_pga_core,False,0.1025162223834677,-0.0546597093656153,0.0949823700016384,0.0,-0.0,-0.0,1.076692140006577,2026-10-08 09:07,2026-10-09 10:13
Yokohama Country Club (West Course),1,2026-10-11,2026-10-08,527,Baycurrent Classic,2026-10-05 21:11:12 UTC,no,pga,32400,0,USA,29433,15.0,20.0,"bridgeman, jacob",60004,200,T4,0.0,0.0,0.0,0.0,0.0,0.0,1999-12-06,player_birthdates.csv,-6.5,26.0,1,2.792412356207495,1.2140838228155832,0.0302419354838709,1.377564016697289,1.0228,pga,2026-09-14,676.0,1.2140838228155832,0.1400000000000001,0.03,0.03,14.0,0.0,63.0,-1.0151515151515151,2.787878787878789,0.0,0.0,0.0,0.0,0.0,0.0,0.0,0.0,0.0,0.0,0.0,0.0,0.0,0.0,0.0,0.0,0.0,0.0,0.0,0.0,2026-10-08,-0.0490140748209013,-0.0052459569396335,-0.007007727422899,-0.1323745593174082,0.088124349916093,0.0074898189429464,0.6142431164201294,,0.2667103323782072,-0.0355029740351723,0.0493676182412417,0.1336035861829395,0.2232430885828807,,1.1582265933889906,-0.0848512348749763,-0.044569640706258,401,1.6,pga_established_fallback,-2.987821491144572,705,-2.987821491144572,2.1118318122555246,1.0,-7.534811376256721,-0.0737374881170376,0.0359827011999989,0.0,weekly_pga_core,False,-0.0254905201602136,-0.0546597093656153,-0.0150067228686238,0.0,-0.0,-0.0,1.0630696409945375,2026-10-08 09:29,2026-10-09 10:35
Yokohama Country Club (West Course),1,2026-10-11,2026-10-08,527,Baycurrent Classic,2026-10-05 21:11:12 UTC,no,pga,32400,0,USA,27819,70.0,83.0,"castillo, ricky",59440,117,61,0.0,0.0,0.0,0.0,0.0,0.0,2001-02-01,player_birthdates.csv,-6.5,25.0,1,2.3,0.2276406506236586,1.280241935483871,0.7628211499358276,0.412,pga,2026-09-14,625.0,0.2276406506236586,-0.39,0.12,-0.14,14.0,0.0,47.0,-1.0151515151515151,2.787878787878789,0.0,0.0,0.0,0.0,0.0,0.0,0.0,0.0,0.0,0.0,0.0,0.0,0.0,0.0,0.0,0.0,0.0,0.0,0.0,0.0,2026-10-08,0.1040843861419702,-0.0014569594089296,0.0024157872184854,0.0907581965928241,-0.0036982043218288,0.0160655660614191,0.1712792177580288,-0.0162091283235123,0.2034332342074548,-0.0210523272971699,0.0232925393951325,,,0.0971415459492945,0.4814562805065178,0.000573404429841,0.0073889872388027,294,0.62,pga_established_fallback,-2.987821491144572,705,-2.987821491144572,0.7960908086826859,1.0,-2.30482051318668,0.0,0.0156088071486455,0.0,weekly_pga_core,False,-0.0318342196785282,-0.0234577896509907,0.0178049581327606,0.0,-0.0,0.0,0.4439692293097593,2026-10-08 09:07,2026-10-09 10:13
Yokohama Country Club (West Course),1,2026-10-11,2026-10-08,527,Baycurrent Classic,2026-10-05 21:11:12 UTC,no,pga,32400,0,USA,23604,11.0,5.0,"clark, wyndham",51766,332,T21,0.0,0.0,0.0,0.0,0.0,0.0,1993-12-09,player_birthdates.csv,-2.5,32.0,1,2.866406485706585,1.535784336044578,0.280241935483871,1.6417916359104603,1.3034,pga,2026-08-30,1024.0,1.535784336044578,0.4299999999999999,-0.13,0.19,30.0,0.0,51.0,-1.0151515151515151,18.78787878787879,-2.4759176457753407,3.101898125551436,4.0,1.0,0.0,0.0,0.0,0.0,0.0,0.0,0.0,0.0,0.0,0.0,0.0,0.0,0.0,0.0,0.0,0.0,2026-10-08,0.1739796863666874,-0.0067056097675346,-0.0107876014076106,0.1862899249887049,-0.0394078777535295,0.0445908503066574,0.7581116729506993,,0.1385750354727883,-0.0154875287085748,0.0721918382052508,0.169055300389089,0.2764283496123662,,1.1523216133342826,-0.1512398537559969,-0.0799674019322946,743,1.5,pga_established_fallback,-2.987821491144572,705,-2.987821491144572,1.5006146622120764,1.0,-11.016008156373646,0.1123790339775742,-0.0153457988990448,0.0,weekly_pga_core,False,-0.1717839402101351,-0.0210229651406212,0.0532676572518228,-0.0061897941144383,-0.0,0.0,1.0065925711209107,2026-10-08 10:24,2026-10-09 09:18
Yokohama Country Club (West Course),1,2026-10-11,2026-10-08,527,Baycurrent Classic,2026-10-05 21:11:12 UTC,no,pga,32400,0,USA,28309,135.0,71.0,"coody, pierceson",59836,95,56,0.0,0.0,0.0,0.0,0.0,0.0,2000-01-07,player_birthdates.csv,-6.5,26.0,1,2.8261773521624,-0.0108039084677949,-1.594758064516129,1.34,1.34,pga,2026-09-14,676.0,-0.0108039084677949,0.07,0.02,0.1,2.0,1.0,54.0,-0.0151515151515151,-9.212121212121213,0.0,0.0,0.0,0.0,0.0,0.0,0.0,0.0,0.0,0.0,0.0,0.0,0.0,0.0,0.0,0.0,0.0,0.0,0.0,0.0,2026-10-08,0.1337113444779508,-0.0015644843270382,0.0046168448469455,0.1544331953151757,-0.0159205071671174,-0.0078537041900148,0.0686289876489957,-0.0284735576030289,-0.1065036521538921,0.0047789955575651,-0.0066652994537892,,,0.0545263173448356,-0.0017855640886634,1.0465157423777683e-05,0.003104017554385,397,0.03,pga_established_fallback,-2.987821491144572,705,-2.987821491144572,-0.7042881528773797,1.0,4.890825327307521,-0.0428180337666946,0.0088081618588415,0.0,weekly_pga_core,False,0.1051913345899195,-0.0234577896509907,0.0228730261910538,0.0,0.0,-0.0,0.1028210070413191,2026-10-08 08:45,2026-10-09 09:51
Yokohama Country Club (West Course),1,2026-10-11,2026-10-08,527,Baycurrent Classic,2026-10-05 21:11:12 UTC,no,pga,32400,0,COL,22833,126.0,63.0,"echavarria, nicolas",51349,177,45,0.0,0.0,0.0,0.0,0.0,0.0,1994-08-04,player_birthdates.csv,-2.5,32.0,1,3.11898187538003,0.40880731921109,0.0302419354838709,0.6742169886850486,0.4256,pga,2026-09-14,1024.0,0.40880731921109,-0.43,0.13,-0.48,16.0,0.0,57.0,-1.0151515151515151,4.787878787878789,7.25060872314659,3.101898125551436,4.0,1.0,0.0,0.0,0.0,0.0,0.0,0.0,0.0,0.0,0.0,0.0,0.0,0.0,0.0,0.0,0.0,0.0,2026-10-08,-0.206882308786566,-0.0033736558138515,0.0002429074869598,-0.1517936672366227,-0.0630369106134399,0.0110790173903882,0.1922144651754105,-0.0143263852718391,-0.211031312696457,-0.0233054623136177,-0.0361223016821623,,,0.1064057260806986,-0.0203449110842349,0.000544942155349,-0.0012187866350896,620,-0.32,pga_established_fallback,-2.987821491144572,705,-2.987821491144572,-0.0084324959392882,1.0,-14.372272462821604,0.035358647901121,-0.0335057958965273,0.0,weekly_pga_core,False,-0.0546718120566029,-0.0090222267888426,-0.0353898503213474,0.0362530436157329,-0.0,0.0,-0.0831757566352949,2026-10-08 09:18,2026-10-09 10:24
Yokohama Country Club (West Course),1,2026-10-11,2026-10-08,527,Baycurrent Classic,2026-10-05 21:11:12 UTC,no,pga,32400,0,USA,11676,228.0,158.0,"finau, tony",29725,174,104,0.0,0.0,0.0,0.0,0.0,0.0,1989-09-14,player_birthdates.csv,-6.5,37.0,1,3.010973767455384,-0.1183565208219502,0.780241935483871,2.069706818217949,1.9794,pga,2026-09-14,1369.0,-0.1183565208219502,0.1,-0.25,-0.17,2.0,1.0,45.0,-0.0151515151515151,-9.212121212121213,0.0,0.0,0.0,0.0,0.0,0.0,0.0,0.0,0.0,0.0,0.0,0.0,0.0,0.0,0.0,0.0,0.0,0.0,0.0,0.0,2026-10-08,0.1770669096245201,0.0027410236728437,0.0012419692046508,0.2322163214506762,-0.0850270389104257,0.025894634206775,-0.1613155301962452,-0.0439790420223212,-0.2619845987513648,0.0443797503121677,-0.0112366657731805,,,-0.0197194691368458,-0.5504499598267347,-0.0006313875640999,-0.0112223273336312,841,-0.64,pga_established_fallback,-2.987821491144572,705,-2.987821491144572,-1.2443278907533446,1.0,-1.1258020319880488,0.0188565381167006,-0.0847406893612134,0.0,weekly_pga_core,False,0.1051913345899195,-0.0234577896509907,0.0302895470629155,0.0,-0.0,0.0,-0.4384268678248904,2026-10-08 10:24,2026-10-09 09:18
Yokohama Country Club (West Course),1,2026-10-11,2026-10-08,527,Baycurrent Classic,2026-10-05 21:11:12 UTC,no,pga,32400,0,USA,26657,127.0,75.0,"fisk, steven",57123,133,67,0.0,0.0,0.0,0.0,0.0,0.0,1997-04-17,player_birthdates.csv,-6.5,29.0,1,2.68091693805106,-0.4040507775835744,-0.094758064516129,0.3485432343516008,0.1222,pga,2026-09-14,841.0,-0.4040507775835744,0.0,0.0,0.0,0.0,2.0,43.0,0.9848484848484848,-11.212121212121213,0.0,0.0,0.0,0.0,0.0,0.0,0.0,0.0,0.0,0.0,0.0,0.0,0.0,0.0,0.0,0.0,0.0,0.0,0.0,0.0,2026-10-08,0.2133174756749567,-0.0003041702810237,0.0059093480290448,0.197138138204523,0.0109333553017956,-0.0003591955793829,0.0253233186713851,-0.0074061685525793,0.1110337066286342,0.017182129697714,0.0547447463756469,,,0.0062202352310856,0.1997087769105811,0.000418464245121,0.0034728185534956,375,0.43,pga_established_fallback,-2.987821491144572,705,-2.987821491144572,-0.0530317178907443,1.0,-3.112380927789944,0.0,-0.0112804739399222,0.0,weekly_pga_core,False,0.1280289269679941,-0.0234577896509907,0.0364906674685883,0.0,-0.0,0.0,0.3407705816961728,2026-10-08 10:13,2026-10-09 09:07
Yokohama Country Club (West Course),1,2026-10-11,2026-10-08,527,Baycurrent Classic,2026-10-05 21:11:12 UTC,no,pga,32400,0,USA,12965,36.0,48.0,"fowler, rickie",32102,241,33,0.0,0.0,0.0,0.0,0.0,0.0,1988-12-13,player_birthdates.csv,-6.5,37.0,1,2.9906641842874064,1.0086769176647834,0.0302419354838709,1.885517506498701,1.7629411764705882,pga,2026-08-23,1369.0,1.0086769176647834,-0.3299999999999999,-0.0399999999999999,-0.12,30.0,0.0,47.0,-1.0151515151515151,18.78787878787879,0.0,0.0,0.0,0.0,0.0,0.0,0.0,0.0,0.0,0.0,0.0,0.0,0.0,0.0,0.0,0.0,0.0,0.0,0.0,0.0,2026-10-08,-0.0204579092375328,-0.002755621943118,-0.008650236021823,-0.0663449815064478,0.0674352669194222,-0.0101423366855662,0.5095711509471023,,0.0660783060947002,-0.0154329467855055,0.0806026655656482,0.2547193909432265,0.2507996074802679,,0.9827741628230318,-0.0497682817426261,-0.0382138954099478,735,0.85,pga_established_fallback,-2.987821491144572,705,-2.987821491144572,1.3052723409925846,1.0,25.48216650171068,0.0351872229545312,-0.0755818342698335,0.0,weekly_pga_core,False,-0.1717839402101351,-0.0546597093656153,-0.0062636329568786,0.0,0.0,0.0,0.7500668802904027,2026-10-08 10:35,2026-10-09 09:29
Yokohama Country Club (West Course),1,2026-10-11,2026-10-08,527,Baycurrent Classic,2026-10-05 21:11:12 UTC,no,pga,32400,0,JPN,11773,0.0,398.0,"fujimoto, yoshinori",29833,50,0,0.0,0.0,0.0,0.0,0.0,0.0,1989-10-12,player_birthdates.csv,-6.5,37.0,1,2.3983016386601577,-1.7975,0.0,0.0,0.0,0,,1369.0,-1.7975,0.0,0.0,0.0,11.212121212121213,0.0,0.0,0.0,1.7763568394002505e-15,0.0,0.0,0.0,0.0,0.0,0.0,0.0,0.0,0.0,0.0,0.0,0.0,0.0,0.0,0.0,0.0,0.0,0.0,0.0,0.0,2026-10-08,0.0,-0.0,-0.0,0.0,0.0,0.0,,,,,,,,,0.0,,,4,-2.749757192915657,tour_prior_shrunk_partial,-2.987821491144572,705,-2.987821491144572,-1.7975,0.2,0.0,0.0,,-2.749757192915657,tour_prior_shrunk_partial,True,0.0,0.0,0.0,0.0,0.0,0.0,-2.749757192915657,2026-10-08 09:51,2026-10-09 08:45
Yokohama Country Club (West Course),1,2026-10-11,2026-10-08,527,Baycurrent Classic,2026-10-05 21:11:12 UTC,no,pga,32400,0,USA,29767,23.0,23.0,"gerard, ryan",59018,275,3,0.0,0.0,0.0,0.0,0.0,0.0,1999-08-02,player_birthdates.csv,-2.5,27.0,1,2.6581091635226985,1.186603300925936,0.0,1.26336391569022,1.1852,euro,2026-09-14,729.0,1.186603300925936,0.0,0.0,0.0,7.0,3.0,73.0,1.9848484848484849,-4.212121212121211,2.4668660965834555,3.101898125551436,4.0,1.0,0.0,0.0,0.0,0.0,0.0,0.0,0.0,0.0,0.0,0.0,0.0,0.0,0.0,0.0,0.0,0.0,2026-10-08,0.1900860939787159,-0.0047847002398543,-0.0073006845074233,0.155342096050189,0.0322713650920984,0.0145580175837062,0.5820588215641715,,0.0559123735731672,-0.0164385222844559,0.1238445081979732,0.1537198868010199,0.2490308652572944,,1.0290090210864378,-0.102001297976217,-0.0502960513244627,400,1.08,pga_established_fallback,-2.987821491144572,705,-2.987821491144572,1.193930256234968,1.0,11.398510717327028,-0.0262935249486001,0.0331784372779469,0.0,weekly_pga_core,False,0.038512851111627,-0.0210229651406212,0.0581989835356709,0.0061671652414586,0.0,-0.0,1.110865055834573,2026-10-08 10:24,2026-10-09 09:18
Yokohama Country Club (West Course),1,2026-10-11,2026-10-08,527,Baycurrent Classic,2026-10-05 21:11:12 UTC,no,pga,32400,0,USA,24550,35.0,103.0,"ghim, doug",52375,465,58,0.0,0.0,0.0,0.0,0.0,0.0,1996-04-16,player_birthdates.csv,-6.5,30.0,1,2.3,0.8902086397420651,0.405241935483871,0.8902086397420651,0.601,pga,2026-09-14,900.0,0.8902086397420651,0.0,0.0,0.0,0.0,2.0,41.0,0.9848484848484848,-11.212121212121213,0.0,0.0,0.0,0.0,0.0,0.0,0.0,0.0,0.0,0.0,0.0,0.0,0.0,0.0,0.0,0.0,0.0,0.0,0.0,0.0,2026-10-08,0.2479137753027305,0.0001404125708026,-0.0079022659154839,0.1570974961176294,0.0771528806698931,0.0214252518598893,0.472789237449915,,0.1756904999380228,-0.0040218530441441,0.1375063753178023,0.0769383185977232,0.1552032082428155,,0.8924616865796866,-0.0753923906967195,-0.0525451982836479,671,1.19,pga_established_fallback,-2.987821491144572,705,-2.987821491144572,1.4346755987830009,1.0,-4.914153143645539,-0.0095876108669081,0.0062934890579192,0.0,weekly_pga_core,False,0.1025162223834677,-0.0546597093656153,0.0759041833366579,0.0,-0.0,-0.0,1.016222382934197,2026-10-08 10:46,2026-10-09 09:40
Yokohama Country Club (West Course),1,2026-10-11,2026-10-08,527,Baycurrent Classic,2026-10-05 21:11:12 UTC,no,pga,32400,0,USA,23465,104.0,95.0,"greyserman, max",51977,243,98,0.0,0.0,0.0,0.0,0.0,0.0,1995-05-31,player_birthdates.csv,-2.5,31.0,1,2.7498871736982347,0.141306337384699,-0.219758064516129,1.3071986584749005,0.9678,pga,2026-09-14,961.0,0.141306337384699,-0.5499999999999999,-0.16,-0.02,2.0,1.0,53.0,-0.0151515151515151,-9.212121212121213,9.991078554547933,3.101898125551436,4.0,1.0,0.0,0.0,0.0,0.0,0.0,0.0,0.0,0.0,0.0,0.0,0.0,0.0,0.0,0.0,0.0,0.0,2026-10-08,0.2128509342579069,-0.0031818443472049,0.0064168090563169,0.2951103247628941,-0.0840260704272153,-0.0014682847868838,0.1516378258811923,-0.0277765644034979,0.0064877098819597,-0.032025319541591,0.0029855985284777,,,0.0836423120435342,0.1622527817454312,0.0004740680870824,0.0031280697714972,551,0.12,pga_established_fallback,-2.987821491144572,705,-2.987821491144572,0.1588408086826859,1.0,13.640120031077984,0.0349042995991103,-0.0263009185032235,0.0,weekly_pga_core,False,0.1051913345899195,-0.0090222267888426,0.0364108596251099,0.0499553927727396,0.0,0.0,0.3447881419443577,2026-10-08 08:56,2026-10-09 10:02
Yokohama Country Club (West Course),1,2026-10-11,2026-10-08,527,Baycurrent Classic,2026-10-05 21:11:12 UTC,no,pga,32400,0,USA,8825,55.0,68.0,"harman, brian",27644,135,73,0.0,0.0,0.0,0.0,0.0,0.0,1987-01-19,player_birthdates.csv,-6.5,39.0,1,2.935227344492806,0.7397790277301923,-0.344758064516129,1.501499342845096,1.2392,pga,2026-08-16,1521.0,0.7397790277301923,0.1899999999999999,-0.19,0.0499999999999999,30.0,0.0,51.0,-1.0151515151515151,18.78787878787879,0.0,0.0,0.0,0.0,0.0,0.0,0.0,0.0,0.0,0.0,0.0,0.0,0.0,0.0,0.0,0.0,0.0,0.0,0.0,0.0,2026-10-08,-0.0975905043698648,-0.0023522418405041,-0.0097882915884538,-0.1659053203755465,0.0645477256520847,0.0159076237825549,0.3644074320769063,,0.0726421669392921,0.0019916992980682,-0.0474771622095301,0.1618709073112032,0.1247455251125381,,0.4910164604955169,-0.0578117436314931,-0.02685466994092,863,0.73,pga_established_fallback,-2.987821491144572,705,-2.987821491144572,0.8974150224818469,1.0,3.7011221571416906,0.3007198798835722,-0.1024976944605476,0.0,weekly_pga_core,False,-0.1717839402101351,-0.0546597093656153,-0.0298794511380487,0.0,0.0,0.0,0.2346933597817176,2026-10-08 10:35,2026-10-09 09:29
Yokohama Country Club (West Course),1,2026-10-11,2026-10-08,527,Baycurrent Classic,2026-10-05 21:11:12 UTC,no,pga,32400,0,JPN,22760,89.0,70.0,"hisatsune, ryo",51287,186,47,0.0,0.0,0.0,0.0,0.0,0.0,2002-09-09,player_birthdates.csv,-2.5,24.0,1,2.860083513151898,0.4149372688797937,-0.469758064516129,0.7522235034660665,0.62,pga,2026-09-14,576.0,0.4149372688797937,0.2,0.15,-0.11,16.0,0.0,61.0,-1.0151515151515151,4.787878787878789,-8.57349928064788,3.101898125551436,4.0,1.0,0.0,0.0,0.0,0.0,0.0,0.0,0.0,0.0,0.0,0.0,0.0,0.0,0.0,0.0,0.0,0.0,2026-10-08,0.058944483758029,0.0017406698913725,-0.0082401335513572,0.0568376302428181,0.0152700399212306,-0.006663722746035,0.1933631332391047,-0.0159839397435024,-0.0080266128445106,0.0207637319787966,0.0248139910883995,,,0.1147434881989622,0.3607397834149395,0.0004475835562436,0.0062167034723538,416,0.26,pga_established_fallback,-2.987821491144572,705,-2.987821491144572,0.1651877009395445,1.0,4.540700222028319,-0.145659338378353,0.0244017044690917,0.0,weekly_pga_core,False,-0.0546718120566029,-0.0090222267888426,0.0100832036808804,-0.0428674964032394,0.0,-0.0,0.264261451847135,2026-10-08 10:02,2026-10-09 08:56
Yokohama Country Club (West Course),1,2026-10-11,2026-10-08,527,Baycurrent Classic,2026-10-05 21:11:12 UTC,no,pga,32400,0,USA,25157,113.0,137.0,"hodges, lee",54628,115,103,0.0,0.0,0.0,0.0,0.0,0.0,1995-06-14,player_birthdates.csv,-2.5,31.0,1,2.3339441935195886,0.1795529083716666,-0.594758064516129,0.6946758513156019,0.4639999999999999,pga,2026-09-14,961.0,0.1795529083716666,-0.27,-0.27,-0.03,0.0,2.0,33.0,0.9848484848484848,-11.212121212121213,-0.6466767474594093,3.101898125551436,4.0,1.0,0.0,0.0,0.0,0.0,0.0,0.0,0.0,0.0,0.0,0.0,0.0,0.0,0.0,0.0,0.0,0.0,2026-10-08,-0.1097549760893874,-0.0013275825744013,-0.0033516866030323,-0.1713822361666088,0.0905656469216596,-0.0242591176670045,0.0977746183462167,-0.0147611140804984,0.1000891448768399,-0.0148069097652129,0.0413948008485776,,,0.0731870230380924,0.2620215566483645,0.0003136131432453,0.0051312987443274,663,0.31,pga_established_fallback,-2.987821491144572,705,-2.987821491144572,0.8191787868502878,1.0,-10.540117150230634,-0.0200915122704482,-0.0263009185032235,0.0,weekly_pga_core,False,0.1280289269679941,-0.0090222267888426,-0.018774984669345,-0.003233383737297,-0.0,-0.0,0.3590198884208739,2026-10-08 10:46,2026-10-09 09:40
Yokohama Country Club (West Course),1,2026-10-11,2026-10-08,527,Baycurrent Classic,2026-10-05 21:11:12 UTC,no,pga,32400,0,USA,15575,194.0,148.0,"hoge, tom",35532,92,89,0.0,0.0,0.0,0.0,0.0,0.0,1989-05-25,player_birthdates.csv,-6.5,37.0,1,2.865602322123109,-0.0873221926432072,-0.094758064516129,1.1538122678561842,0.9614,pga,2026-09-14,1369.0,-0.0873221926432072,0.1399999999999999,0.38,-0.0999999999999999,2.0,1.0,55.0,-0.0151515151515151,-9.212121212121213,0.0,0.0,0.0,0.0,0.0,0.0,0.0,0.0,0.0,0.0,0.0,0.0,0.0,0.0,0.0,0.0,0.0,0.0,0.0,0.0,2026-10-08,-0.1898396328446294,0.0011952179165601,-0.0119989174652248,-0.1544822611224904,-0.0151846276271312,-0.0093690445463431,-0.0595004985197738,-0.0245172687103615,-0.1083277807011788,0.0075997105981061,-0.0378884374128969,,,-0.0215723051631267,-0.3403837709297128,-0.0003864689250527,-0.0063282927309004,877,-0.26,pga_established_fallback,-2.987821491144572,705,-2.987821491144572,0.0014387886772606,1.0,-5.648874804649498,-0.1440158134785589,-0.0894624293645278,0.0,weekly_pga_core,False,0.1051913345899195,-0.0234577896509907,-0.0324744838301381,0.0,-0.0,-0.0,-0.2911247098209222,2026-10-08 10:35,2026-10-09 09:29
Yokohama Country Club (West Course),1,2026-10-11,2026-10-08,527,Baycurrent Classic,2026-10-05 21:11:12 UTC,no,pga,32400,0,USA,17538,67.0,78.0,"homa, max",39977,241,52,0.0,0.0,0.0,0.0,0.0,0.0,1990-11-19,player_birthdates.csv,-2.5,35.0,1,2.3428975171384434,0.4659430813088499,-0.344758064516129,1.899264979669311,1.6570000000000005,pga,2026-09-14,1225.0,0.4659430813088499,0.24,-0.1,0.02,0.0,2.0,49.0,0.9848484848484848,-11.212121212121213,-1.4160327476285344,3.101898125551436,4.0,1.0,0.0,0.0,0.0,0.0,0.0,0.0,0.0,0.0,0.0,0.0,0.0,0.0,0.0,0.0,0.0,0.0,2026-10-08,0.0786710617563397,-0.0033113983882749,-0.0014855747372872,0.1446499292672042,-0.0654521465523087,0.0042702521670065,0.2489340177677218,,0.0651462055830821,-0.0103742541135091,0.0463068439135983,0.2164461696373981,0.0995135243309903,,0.5429673161649398,-0.0423974407048247,-0.0284798223881433,734,0.63,pga_established_fallback,-2.987821491144572,705,-2.987821491144572,0.6321741707932762,1.0,-17.616556611048452,0.0076383643713714,-0.0521279278613737,0.0,weekly_pga_core,False,0.1280289269679941,-0.0090222267888426,0.013457685756256,-0.0070801637381426,-0.0,0.0,0.6683515383622047,2026-10-08 10:13,2026-10-09 09:07
Yokohama Country Club (West Course),1,2026-10-11,2026-10-08,527,Baycurrent Classic,2026-10-05 21:11:12 UTC,no,pga,32400,0,USA,11276,83.0,157.0,"horschel, billy",29420,178,94,0.0,0.0,0.0,0.0,0.0,0.0,1986-12-07,player_birthdates.csv,-2.5,39.0,1,2.5146399719884704,0.4581318236794733,0.280241935483871,1.386380155858866,1.212,pga,2026-09-14,1521.0,0.4581318236794733,0.0,0.0,0.0,0.0,2.0,47.0,0.9848484848484848,-11.212121212121213,-3.0499555778889453,3.101898125551436,4.0,1.0,0.0,0.0,0.0,0.0,0.0,0.0,0.0,0.0,0.0,0.0,0.0,0.0,0.0,0.0,0.0,0.0,2026-10-08,-0.0779161635990018,-0.0004117472383805,-0.0098425095593908,-0.0296214865425517,-0.0099238474421813,-0.0281165728164973,0.1795207676183604,-0.0297484930180899,0.1394781470342996,-0.0194829805678014,0.0254067172506623,,,0.0870832932351986,0.2677145860930794,0.0003535104838421,0.0046059718002882,792,0.37,pga_established_fallback,-2.987821491144572,705,-2.987821491144572,1.0189971260165478,1.0,-3.36906151444645,0.072289666197585,-0.1195023477436805,0.0,weekly_pga_core,False,0.1280289269679941,-0.0090222267888426,-0.0133285508246481,-0.0152497778894447,-0.0,0.0,0.3581429575581381,2026-10-08 09:07,2026-10-09 10:13
Yokohama Country Club (West Course),1,2026-10-11,2026-10-08,527,Baycurrent Classic,2026-10-05 21:11:12 UTC,no,pga,32400,0,JPN,25797,296.0,266.0,"hosono, yusaku",56165,70,0,0.0,0.0,0.0,0.0,0.0,0.0,2003-01-11,player_birthdates.csv,-6.5,23.0,1,2.3,-2.9450000000000003,0.0,0.0,0.0,0,,529.0,-2.9450000000000003,0.0,0.0,0.0,11.212121212121213,0.0,0.0,0.0,1.7763568394002505e-15,0.0,0.0,0.0,0.0,0.0,0.0,0.0,0.0,0.0,0.0,0.0,0.0,0.0,0.0,0.0,0.0,0.0,0.0,0.0,0.0,2026-10-08,0.0,-0.0,-0.0,0.0,0.0,0.0,,,,,,,,,0.0,,,2,-2.983539342030115,tour_prior_shrunk_partial,-2.987821491144572,705,-2.987821491144572,-2.9450000000000003,0.1,0.0,0.0,,-2.983539342030115,tour_prior_shrunk_partial,True,0.0,0.0,0.0,0.0,0.0,0.0,-2.983539342030115,2026-10-08 10:02,2026-10-09 08:56
Yokohama Country Club (West Course),1,2026-10-11,2026-10-08,527,Baycurrent Classic,2026-10-05 21:11:12 UTC,no,pga,32400,0,USA,15470,107.0,98.0,"hossler, beau",35461,96,77,0.0,0.0,0.0,0.0,0.0,0.0,1995-03-16,player_birthdates.csv,-2.5,31.0,1,2.4365795059582767,0.5801021988553716,0.0302419354838709,0.9062818577127572,0.7547999999999999,pga,2026-09-14,961.0,0.5801021988553716,0.3299999999999999,0.2499999999999999,0.04,0.0,2.0,43.0,0.9848484848484848,-11.212121212121213,0.1118316371746601,3.101898125551436,4.0,1.0,0.0,0.0,0.0,0.0,0.0,0.0,0.0,0.0,0.0,0.0,0.0,0.0,0.0,0.0,0.0,0.0,2026-10-08,0.0307059233585077,-0.0024709272503013,0.0056631258993618,0.0472406785431183,-0.0341924721986478,0.0144655183649768,0.1925755671288554,-0.019257513940421,0.0260243393743965,-0.0141633083162965,0.0164611460114815,,,0.0698783872768766,0.2518436252282304,0.0007693063353553,0.0085202908846042,831,0.19,pga_established_fallback,-2.987821491144572,705,-2.987821491144572,0.3385835145204169,1.0,6.130898980866089,0.0,-0.0289645895266217,0.0,weekly_pga_core,False,0.1025162223834677,-0.0210229651406212,0.0094012849156101,0.0002795790929366,0.0,0.0,0.3430177464796237,2026-10-08 08:45,2026-10-09 09:51
Yokohama Country Club (West Course),1,2026-10-11,2026-10-08,527,Baycurrent Classic,2026-10-05 21:11:12 UTC,no,pga,32400,0,KOR,17488,47.0,61.0,"im, sungjae",39971,281,37,0.0,0.0,0.0,0.0,0.0,0.0,1998-03-30,player_birthdates.csv,-2.5,28.0,1,2.866577615979827,0.9553372525005795,0.405241935483871,1.8381210509569632,1.6192000000000002,pga,2026-08-23,784.0,0.9553372525005795,0.2,0.53,0.06,30.0,0.0,65.0,-1.0151515151515151,18.78787878787879,3.46866851609136,3.101898125551436,4.0,1.0,0.0,0.0,0.0,0.0,0.0,0.0,0.0,0.0,0.0,0.0,0.0,0.0,0.0,0.0,0.0,0.0,2026-10-08,0.0821205413040548,-0.0039966776147144,0.0065388294062221,0.0353316098377885,0.0120200428580469,0.0322267368167116,0.4642464601493813,,0.1537275207648474,-0.0294641815488629,0.0904618848204725,0.2115085322129601,0.1157775075319,,0.9408473951871876,-0.0573822186497437,-0.0322041110472333,873,1.03,pga_established_fallback,-2.987821491144572,705,-2.987821491144572,1.7521463370969357,1.0,-29.48939981650496,-0.2198423141478179,0.024176000953466,0.0,weekly_pga_core,False,-0.1717839402101351,-0.0210229651406212,0.0251429861662064,0.0086716712902284,-0.0,-0.0,0.7818551472928661,2026-10-08 09:18,2026-10-09 10:24
Yokohama Country Club (West Course),1,2026-10-11,2026-10-08,527,Baycurrent Classic,2026-10-05 21:11:12 UTC,no,pga,32400,0,JPN,25538,0.0,379.0,"ishizaka, tomohiro",55908,49,0,0.0,0.0,0.0,0.0,0.0,0.0,,none,-6.5,,0,3.0,-2.5,0.0,0.0,0.0,0,,,-2.5,0.0,0.0,0.0,11.212121212121213,0.0,0.0,0.0,1.7763568394002505e-15,0.0,0.0,0.0,0.0,0.0,0.0,0.0,0.0,0.0,0.0,0.0,0.0,0.0,0.0,0.0,0.0,0.0,0.0,0.0,0.0,2026-10-08,0.0,0.0,0.0,0.0,0.0,0.0,,,,,,,,,0.0,,,0,-2.987821491144572,tour_cold_start_prior,-2.987821491144572,705,-2.987821491144572,,0.0,0.0,0.0,,-2.987821491144572,tour_cold_start_prior,True,0.0,0.0,0.0,0.0,0.0,0.0,-2.987821491144572,2026-10-08 10:13,2026-10-09 09:07
Yokohama Country Club (West Course),1,2026-10-11,2026-10-08,527,Baycurrent Classic,2026-10-05 21:11:12 UTC,no,pga,32400,0,JPN,28203,435.0,377.0,"iwasaki, aguri",59743,51,0,0.0,0.0,0.0,0.0,0.0,0.0,1997-12-17,player_birthdates.csv,-6.5,28.0,1,3.2,-2.9841759443547,0.405241935483871,-2.48,-2.48,pga,2024-07-19,784.0,-2.9841759443547,0.3099999999999996,0.0,0.0,30.0,0.0,0.0,-1.0151515151515151,18.78787878787879,0.0,0.0,0.0,0.0,0.0,0.0,0.0,0.0,0.0,0.0,0.0,0.0,0.0,0.0,0.0,0.0,0.0,0.0,0.0,0.0,2026-10-08,-0.098516709939528,-0.0,-0.0,0.0,-0.098516709939528,0.0,-1.6326004898345952,0.0526973304891878,-0.534898666659029,-0.0446763094451279,-0.6403917331168353,,,-0.8039984899754277,-3.664158050902379,-0.0047936017455867,-0.064947931620758,48,-4.15,pga_established_fallback,-2.987821491144572,705,-2.987821491144572,-3.9529,1.0,-3.627896976306904,0.0,0.0094518410057932,0.0,weekly_pga_core,False,-0.2145349587031254,-0.0234577896509907,-0.0168525363012475,0.0,-0.0,0.0,-3.919003335557744,2026-10-08 10:02,2026-10-09 08:56
Yokohama Country Club (West Course),1,2026-10-11,2026-10-08,527,Baycurrent Classic,2026-10-05 21:11:12 UTC,no,pga,32400,0,JPN,9099,353.0,280.0,"iwata, hiroshi",27747,65,0,0.0,0.0,0.0,0.0,0.0,0.0,1981-01-31,player_birthdates.csv,-6.5,45.0,1,3.2,-2.2860724423363004,0.0,-1.3234349279835391,-1.1933333333333334,euro,2025-08-15,2025.0,-2.2860724423363004,-0.4200000000000004,0.0,0.0,30.0,0.0,0.0,-1.0151515151515151,18.78787878787879,0.0,0.0,0.0,0.0,0.0,0.0,0.0,0.0,0.0,0.0,0.0,0.0,0.0,0.0,0.0,0.0,0.0,0.0,0.0,0.0,2026-10-08,-0.0811243564850134,-0.0,-0.0,0.0,-0.0811243564850134,0.0,-1.2358159560006297,0.0281215676535818,-0.4288783758528611,-0.0,0.0,,,-0.6723147866790409,-2.556368587680282,-0.0032793398073713,-0.0573822928933804,45,-2.95,pga_established_fallback,-2.987821491144572,705,-2.987821491144572,-3.0020538447694927,1.0,-6.559375445616851,0.0,-0.1868194041005809,0.0,weekly_pga_core,False,-0.2145349587031254,-0.0234577896509907,-0.0138773530238496,0.0,-0.0,0.0,-2.808238689058248,2026-10-08 09:51,2026-10-09 08:45
Yokohama Country Club (West Course),1,2026-10-11,2026-10-08,527,Baycurrent Classic,2026-10-05 21:11:12 UTC,no,pga,32400,0,GER,16394,139.0,127.0,"jaeger, stephan",36799,100,85,0.0,0.0,0.0,0.0,0.0,0.0,1989-05-30,player_birthdates.csv,-6.5,37.0,1,3.2,-0.0182491380716497,-0.219758064516129,0.8697100722614584,0.7928000000000001,pga,2026-09-14,1369.0,-0.0182491380716497,0.0,0.0,0.0,0.0,2.0,40.0,0.9848484848484848,-11.212121212121213,0.0,0.0,0.0,0.0,0.0,0.0,0.0,0.0,0.0,0.0,0.0,0.0,0.0,0.0,0.0,0.0,0.0,0.0,0.0,0.0,2026-10-08,0.0631166594907076,-0.0012058019582856,-0.0019616266847779,0.1475427040452497,-0.1009568161471379,0.0196982002356594,0.0482012644316623,-0.0184804028660231,-0.0286797280015456,-0.0054438073030259,-0.0696077648293052,,,0.0350715390688869,-0.133273653015041,0.0001260757785057,-0.006186466530315,807,0.09,pga_established_fallback,-2.987821491144572,705,-2.987821491144572,-0.142387524907561,1.0,-19.55386016752926,-0.0486236116633845,-0.088274362763881,0.0,weekly_pga_core,False,0.1280289269679941,-0.0234577896509907,0.0107969074072158,0.0,-0.0,-0.0,-0.0179056082908217,2026-10-08 09:07,2026-10-09 10:13
Yokohama Country Club (West Course),1,2026-10-11,2026-10-08,527,Baycurrent Classic,2026-10-05 21:11:12 UTC,no,pga,32400,0,JPN,19729,173.0,187.0,"kanaya, takumi",47917,229,142,0.0,0.0,0.0,0.0,0.0,0.0,1998-05-23,player_birthdates.csv,-2.5,28.0,1,2.3,-0.3093912810390576,-0.344758064516129,0.4587228990885119,0.3755555555555555,pga,2026-09-14,784.0,-0.3093912810390576,0.0,0.0,0.0,0.0,2.0,37.0,0.9848484848484848,-11.212121212121213,7.052127153432564,3.101898125551436,4.0,1.0,0.0,0.0,0.0,0.0,0.0,0.0,0.0,0.0,0.0,0.0,0.0,0.0,0.0,0.0,0.0,0.0,2026-10-08,-0.1435949214095956,-0.0013327457878444,0.0139500568946301,-0.2751705911769858,0.084699763529879,0.0342585951307253,-0.0865297178930046,-0.0097473678291232,0.0534409052163202,-0.0029788353401328,-0.0086925428682907,,,-0.039703629134589,-0.0992790968072604,-0.000483715139108,-0.0016713869985414,271,0.0,pga_established_fallback,-2.987821491144572,705,-2.987821491144572,-0.0986163579437847,1.0,-19.63613912850008,-0.0406106046648325,-0.0029128068207907,0.0,weekly_pga_core,False,0.1280289269679941,-0.0090222267888426,-0.0245637377376427,0.0352606357671628,-0.0,-0.0,0.0304245014014111,2026-10-08 09:40,2026-10-09 10:46
Yokohama Country Club (West Course),1,2026-10-11,2026-10-08,527,Baycurrent Classic,2026-10-05 21:11:12 UTC,no,pga,32400,0,USA,32457,68.0,62.0,"keefer, johnny",63454,207,72,0.0,0.0,0.0,0.0,0.0,0.0,2001-01-11,player_birthdates.csv,-6.5,25.0,1,2.693987451438519,0.1674533333048177,1.030241935483871,1.0166666666666666,1.03,pga,2026-09-14,625.0,0.1674533333048177,0.0,0.0,0.0,0.0,2.0,57.0,0.9848484848484848,-11.212121212121213,0.0,0.0,0.0,0.0,0.0,0.0,0.0,0.0,0.0,0.0,0.0,0.0,0.0,0.0,0.0,0.0,0.0,0.0,0.0,0.0,2026-10-08,0.1939984098424183,-0.0005351227350973,-0.0064128956754048,0.2509748053729959,-0.0353973987074638,-0.0146309784126115,0.2418829044707163,-0.0216030723107557,0.1866055926470903,-0.0175757276889601,0.0094600181406277,,,0.1255958134957499,0.5494274153130643,0.0010007061655542,0.0090451750592268,176,0.76,pga_established_fallback,-2.987821491144572,705,-2.987821491144572,0.5781258305289304,1.0,-22.39398150822588,0.1109507127806704,0.0150160053338147,0.0,weekly_pga_core,False,0.1280289269679941,-0.0234577896509907,0.0331858955324478,0.0,-0.0,0.0,0.6871844481625156,2026-10-08 09:51,2026-10-09 08:45
Yokohama Country Club (West Course),1,2026-10-11,2026-10-08,527,Baycurrent Classic,2026-10-05 21:11:12 UTC,no,pga,32400,0,USA,17543,56.0,64.0,"kim, michael",39975,162,64,0.0,0.0,0.0,0.0,0.0,0.0,1993-07-14,player_birthdates.csv,-2.5,33.0,1,2.878250699160703,0.4647383174153475,0.155241935483871,1.0065483163364035,0.7939999999999999,euro,2026-09-14,1089.0,0.4647383174153475,0.0,0.0,0.0,7.0,3.0,65.0,1.9848484848484849,-4.212121212121211,-5.697924365208931,3.101898125551436,4.0,1.0,0.0,0.0,0.0,0.0,0.0,0.0,0.0,0.0,0.0,0.0,0.0,0.0,0.0,0.0,0.0,0.0,2026-10-08,-0.1264961046451118,-0.0039628566925012,-0.007096649047495,-0.0857745948587353,-0.030181034440787,0.0005190303944068,0.2949547873287684,,0.0884196668272755,-0.0246825208946768,-0.0420362043074646,0.1037165109789342,0.1411523685849118,,0.4631453153402955,-0.0463788889852685,-0.0313219914728482,763,0.75,pga_established_fallback,-2.987821491144572,705,-2.987821491144572,0.9610754143929984,1.0,-14.075265189469336,-0.0198998069382017,-0.0206784127193362,0.0,weekly_pga_core,False,0.0480973536447329,-0.0090222267888426,-0.0216387676446634,-0.0284896218260446,-0.0,-0.0,0.4520920527254778,2026-10-08 08:45,2026-10-09 09:51
Yokohama Country Club (West Course),1,2026-10-11,2026-10-08,527,Baycurrent Classic,2026-10-05 21:11:12 UTC,no,pga,32400,0,USA,21891,27.0,41.0,"kitayama, kurt",48117,196,31,0.0,0.0,0.0,0.0,0.0,0.0,1993-01-14,player_birthdates.csv,-2.5,33.0,1,2.990362228719685,1.0944005459545358,0.280241935483871,1.2710289512096955,1.0732,pga,2026-08-23,1089.0,1.0944005459545358,0.1299999999999999,0.07,-0.02,30.0,0.0,53.0,-1.0151515151515151,18.78787878787879,-5.743889457210708,3.101898125551436,4.0,1.0,0.0,0.0,0.0,0.0,0.0,0.0,0.0,0.0,0.0,0.0,0.0,0.0,0.0,0.0,0.0,0.0,2026-10-08,0.0732816227764815,-0.0008328327668346,-0.0140335603641308,0.0970769367166925,-0.0143397773664661,0.0054108565572207,0.5326593924891581,,0.1195917596646105,-0.0064167627829069,0.0564575155676704,0.1401871027488567,0.2503108424936887,,0.9381922018182464,-0.0842773040847271,-0.0452652821478485,648,1.16,pga_established_fallback,-2.987821491144572,705,-2.987821491144572,1.1661738903851675,1.0,-2.554115340478345,0.125631848493198,-0.0250550621302554,0.0,weekly_pga_core,False,-0.1717839402101351,-0.0210229651406212,0.0224367594081513,-0.0143597236430267,-0.0,0.0,0.7534623322326145,2026-10-08 10:13,2026-10-09 09:07
Yokohama Country Club (West Course),1,2026-10-11,2026-10-08,527,Baycurrent Classic,2026-10-05 21:11:12 UTC,no,pga,32400,0,USA,16395,59.0,93.0,"kohles, ben",36884,225,84,0.0,0.0,0.0,0.0,0.0,0.0,1990-02-24,player_birthdates.csv,-6.5,36.0,1,2.670336053955914,0.2865285057377247,0.0302419354838709,0.6283165577428151,0.3984,pga,2026-09-14,1296.0,0.2865285057377247,0.0,0.0,0.0,0.0,2.0,71.0,0.9848484848484848,-11.212121212121213,0.0,0.0,0.0,0.0,0.0,0.0,0.0,0.0,0.0,0.0,0.0,0.0,0.0,0.0,0.0,0.0,0.0,0.0,0.0,0.0,2026-10-08,-0.1838236106247018,-0.0020859351301775,-0.0125549605682595,-0.3279009086847358,0.1488229990148139,0.0098951947436571,0.2487091749095223,,0.0754356100783851,-0.0102556593621218,0.0548344118404568,0.0572922691629226,0.0521101320769685,,0.3216249055380252,-0.0672474064226991,-0.0282412073171571,734,0.64,pga_established_fallback,-2.987821491144572,705,-2.987821491144572,0.3793078499170118,1.0,12.015569507337904,0.0,-0.0610124194282521,0.0,weekly_pga_core,False,0.1280289269679941,-0.0234577896509907,-0.0314453667096753,0.0,0.0,0.0,0.3947506761453532,2026-10-08 08:45,2026-10-09 09:51
Yokohama Country Club (West Course),1,2026-10-11,2026-10-08,527,Baycurrent Classic,2026-10-05 21:11:12 UTC,no,pga,32400,0,JPN,14209,311.0,440.0,"kozuma, jinichiro",33689,75,0,0.0,0.0,0.0,0.0,0.0,0.0,1994-07-07,player_birthdates.csv,-6.5,32.0,1,2.7435841941084225,-0.6024798619071516,0.0,0.1716427736809114,-0.01,liv,2025-08-16,1024.0,-0.6024798619071516,-1.07,0.08,-0.06,30.0,0.0,0.0,-1.0151515151515151,18.78787878787879,0.0,0.0,0.0,0.0,0.0,0.0,0.0,0.0,0.0,0.0,0.0,0.0,0.0,0.0,0.0,0.0,0.0,0.0,0.0,0.0,2026-10-08,-0.0696226191807781,0.0007240780538712,0.0006172033257991,-0.039519875672697,-0.0691116621006569,0.0376676372129054,-0.1895607578539481,-0.0036472241817515,-0.196596951025328,0.0132180372608149,-0.0648978495946207,,,-0.027527849533315,-0.4941305244776256,-0.0005316343456968,-3.571871676159651e-05,92,-0.85,pga_established_fallback,-2.987821491144572,705,-2.987821491144572,-0.3321,1.0,-3.739408566413927,0.0,-0.0245505764870186,0.0,weekly_pga_core,False,-0.2145349587031254,-0.0234577896509907,-0.0119098345636207,0.0,-0.0,0.0,-0.7440331073953627,2026-10-08 09:40,2026-10-09 10:46
Yokohama Country Club (West Course),1,2026-10-11,2026-10-08,527,Baycurrent Classic,2026-10-05 21:11:12 UTC,no,pga,32400,0,AUS,16841,42.0,31.0,"lee, min woo",37378,213,T4,0.0,0.0,0.0,0.0,0.0,0.0,1998-07-27,player_birthdates.csv,-2.5,28.0,1,2.734624917819456,0.7625068286663252,0.405241935483871,1.3892908534275117,1.091,pga,2026-08-30,784.0,0.7625068286663252,0.18,0.44,-0.04,30.0,0.0,47.0,-1.0151515151515151,18.78787878787879,3.646475891375417,3.101898125551436,4.0,1.0,0.0,0.0,0.0,0.0,0.0,0.0,0.0,0.0,0.0,0.0,0.0,0.0,0.0,0.0,0.0,0.0,2026-10-08,0.2574546059137166,-0.0011151070407554,0.0011799876066576,0.2791124265559994,-0.0419106648893094,0.0201879636811244,0.3620789999713598,,0.0884308855433451,-0.0207088872730822,0.030582554185098,0.1425122335995179,0.2412205376277142,,0.7788819147816541,-0.052034119512388,-0.0397098181605115,569,0.89,pga_established_fallback,-2.987821491144572,705,-2.987821491144572,1.0767235301153968,1.0,14.93380200345979,-0.0583853863018052,0.0265095288006007,0.0,weekly_pga_core,False,-0.1717839402101351,-0.0210229651406212,0.0788253157142193,0.0091161897284385,0.0,-0.0,0.6740165148735556,2026-10-08 09:18,2026-10-09 10:24
Yokohama Country Club (West Course),1,2026-10-11,2026-10-08,527,Baycurrent Classic,2026-10-05 21:11:12 UTC,no,pga,32400,0,KOR,13923,273.0,260.0,"lee, sanghee",33232,81,0,0.0,0.0,0.0,0.0,0.0,0.0,1992-04-12,player_birthdates.csv,-6.5,34.0,1,2.3,-1.179406931351319,0.0,0.0,0.0,0,,1156.0,-1.179406931351319,0.0,0.0,0.0,11.212121212121213,0.0,0.0,0.0,1.7763568394002505e-15,0.0,0.0,0.0,0.0,0.0,0.0,0.0,0.0,0.0,0.0,0.0,0.0,0.0,0.0,0.0,0.0,0.0,0.0,0.0,0.0,2026-10-08,0.0,-0.0,-0.0,0.0,0.0,0.0,,,,,,,,,0.0,,,12,-1.90277275526862,tour_prior_shrunk_partial,-2.987821491144572,705,-2.987821491144572,-1.179406931351319,0.6,0.0,0.0,,-1.90277275526862,tour_prior_shrunk_partial,True,0.0,0.0,0.0,0.0,0.0,0.0,-1.90277275526862,2026-10-08 08:56,2026-10-09 10:02
Yokohama Country Club (West Course),1,2026-10-11,2026-10-08,527,Baycurrent Classic,2026-10-05 21:11:12 UTC,no,pga,32400,0,USA,15980,216.0,136.0,"lipsky, david",36326,104,87,0.0,0.0,0.0,0.0,0.0,0.0,1988-07-14,player_birthdates.csv,-2.5,38.0,1,2.476349396836361,-0.5220213455735127,-0.094758064516129,0.3938268826525428,0.407,pga,2026-09-14,1444.0,-0.5220213455735127,-0.49,0.0199999999999999,-0.35,0.0,2.0,41.0,0.9848484848484848,-11.212121212121213,-1.178421563127252,3.101898125551436,4.0,1.0,0.0,0.0,0.0,0.0,0.0,0.0,0.0,0.0,0.0,0.0,0.0,0.0,0.0,0.0,0.0,0.0,2026-10-08,-0.1977067695162336,-0.0007148233587132,0.0029724062067677,-0.268015061794464,0.0488092985768029,0.0192414108533729,-0.1900356732771213,-0.008323376965567,-0.0755231713198899,-0.0002356288705418,-0.0306965395260785,,,-0.073319368468541,-0.4879742759092936,-0.000467683319672,-0.010222713596544,775,-0.39,pga_established_fallback,-2.987821491144572,705,-2.987821491144572,-0.61015586407382,1.0,-4.364025667867793,-0.0107060015837543,-0.0991501205653375,0.0,weekly_pga_core,False,0.1280289269679941,-0.0090222267888426,-0.0338202576224873,-0.0058921078156362,-0.0,-0.0,-0.4086799411682657,2026-10-08 10:46,2026-10-09 09:40
Yokohama Country Club (West Course),1,2026-10-11,2026-10-08,527,Baycurrent Classic,2026-10-05 21:11:12 UTC,no,pga,32400,0,JPN,13562,16.0,26.0,"matsuyama, hideki",32839,309,T21,0.0,0.0,0.0,0.0,0.0,0.0,1992-02-25,player_birthdates.csv,-2.5,34.0,1,2.398744157039288,1.3266155257023504,0.155241935483871,1.9884333145883848,1.7484,pga,2026-08-30,1156.0,1.3266155257023504,-0.4400000000000001,-0.3,-0.24,30.0,0.0,61.0,-1.0151515151515151,18.78787878787879,1.224590183890217,3.101898125551436,4.0,1.0,0.0,0.0,0.0,0.0,0.0,0.0,0.0,0.0,0.0,0.0,0.0,0.0,0.0,0.0,0.0,0.0,2026-10-08,-0.0438279265164658,-0.0008669740879634,-0.0159674491611225,-0.1181393277744782,0.0475027089857025,0.0436431155213958,0.6679611291669388,,0.1093163573145664,0.003055373277731,0.0886085288923844,0.2283853246795575,0.3000558401625258,,1.230844648628361,-0.0849514340598529,-0.0463246328479374,813,1.18,pga_established_fallback,-2.987821491144572,705,-2.987821491144572,1.677187469193615,1.0,21.72357557065214,-0.1351008755945396,-0.035261837957553,0.0,weekly_pga_core,False,-0.1717839402101351,-0.0210229651406212,-0.0134188709986328,0.0030614754597255,0.0,-0.0,1.027680347738697,2026-10-08 10:35,2026-10-09 09:29
Yokohama Country Club (West Course),1,2026-10-11,2026-10-08,527,Baycurrent Classic,2026-10-05 21:11:12 UTC,no,pga,32400,0,USA,19870,106.0,104.0,"mccarthy, denny",47993,102,93,0.0,0.0,0.0,0.0,0.0,0.0,1993-03-04,player_birthdates.csv,-6.5,33.0,1,2.3,0.5730393052364452,0.0302419354838709,1.522906047503665,1.097,pga,2026-09-14,1089.0,0.5730393052364452,0.03,0.13,0.09,2.0,1.0,49.0,-0.0151515151515151,-9.212121212121213,0.0,0.0,0.0,0.0,0.0,0.0,0.0,0.0,0.0,0.0,0.0,0.0,0.0,0.0,0.0,0.0,0.0,0.0,0.0,0.0,2026-10-08,-0.3446270088867457,-0.0053951391402667,-0.0033668347405395,-0.2948422097396402,-0.043005948130148,0.0019831228638487,0.2101653409784632,-0.0323601142295497,-0.1324181609504689,-0.0287290605322861,-0.0414132137656035,,,0.1380362839579212,0.0700779966163042,0.0002744886445663,0.0044150075013213,813,0.05,pga_established_fallback,-2.987821491144572,705,-2.987821491144572,-0.0746454911060085,1.0,-2.6664347653328906,-0.2740090618943845,-0.0478925749880594,0.0,weekly_pga_core,False,0.0842295448772275,-0.0546597093656153,-0.1055150389822467,0.0,-0.0,-0.0,-0.0058672068543303,2026-10-08 08:56,2026-10-09 10:02
Yokohama Country Club (West Course),1,2026-10-11,2026-10-08,527,Baycurrent Classic,2026-10-05 21:11:12 UTC,no,pga,32400,0,USA,28635,103.0,80.0,"mccarty, matt",59141,134,50,0.0,0.0,0.0,0.0,0.0,0.0,1997-12-11,player_birthdates.csv,-2.5,28.0,1,3.0853551610294776,0.2964717118746346,0.155241935483871,0.9901153040601204,0.7092,pga,2026-09-14,784.0,0.2964717118746346,-0.0499999999999999,0.27,-0.02,0.0,2.0,55.0,0.9848484848484848,-11.212121212121213,3.367575487981292,3.101898125551436,4.0,1.0,0.0,0.0,0.0,0.0,0.0,0.0,0.0,0.0,0.0,0.0,0.0,0.0,0.0,0.0,0.0,0.0,2026-10-08,-0.1934506301485148,-0.0054079903018052,8.638063193636719e-06,-0.1789539897655028,0.0164104975736858,-0.0255077857180863,0.1622954502070042,-0.0210388844356689,-0.0486814646970168,-0.0345664357041654,-0.0138377918654196,,,0.0992590728364725,0.145631977660499,0.0004244910754144,0.0076619068430204,446,0.23,pga_established_fallback,-2.987821491144572,705,-2.987821491144572,0.0055226195637007,1.0,-18.68050278571073,0.0453148750927024,-0.0058843665991417,0.0,weekly_pga_core,False,0.1280289269679941,-0.0090222267888426,-0.0330921908484175,0.0168378774399064,-0.0,0.0,0.2483843644311394,2026-10-08 09:07,2026-10-09 10:13
Yokohama Country Club (West Course),1,2026-10-11,2026-10-08,527,Baycurrent Classic,2026-10-05 21:11:12 UTC,no,pga,32400,0,USA,18634,25.0,49.0,"mcnealy, maverick",46442,166,42,0.0,0.0,0.0,0.0,0.0,0.0,1995-11-07,player_birthdates.csv,-6.5,30.0,1,2.6481303490464816,1.2990471196555704,-0.469758064516129,1.4666957121312003,1.3074,pga,2026-09-14,900.0,1.2990471196555704,0.3399999999999998,0.2700000000000001,-0.03,2.0,1.0,53.0,-0.0151515151515151,-9.212121212121213,0.0,0.0,0.0,0.0,0.0,0.0,0.0,0.0,0.0,0.0,0.0,0.0,0.0,0.0,0.0,0.0,0.0,0.0,0.0,0.0,2026-10-08,0.1636569616926228,-0.0066313938341096,0.0022589872511118,0.167175342278686,-0.0293491216133983,0.030203147610333,0.6103663718692378,,0.0994107570173456,-0.025919841178466,0.0545161678567067,0.1707795547277817,0.2915062595912226,,1.0747201478932689,-0.0811676264196955,-0.0473516853459799,732,1.17,pga_established_fallback,-2.987821491144572,705,-2.987821491144572,1.044158996427162,1.0,-0.6727480550652323,0.0691012339878074,0.0025801897751158,0.0,weekly_pga_core,False,0.0842295448772275,-0.0546597093656153,0.0501071310356525,0.0,-0.0,0.0,1.1543971144405334,2026-10-08 09:18,2026-10-09 10:24
Yokohama Country Club (West Course),1,2026-10-11,2026-10-08,527,Baycurrent Classic,2026-10-05 21:11:12 UTC,no,pga,32400,0,USA,28159,84.0,91.0,"meissner, mac",59143,88,80,0.0,0.0,0.0,0.0,0.0,0.0,1999-02-08,player_birthdates.csv,-2.5,27.0,1,2.407925745684807,0.6628587184741919,-0.469758064516129,0.7358073021598326,0.5855999999999999,pga,2026-09-14,729.0,0.6628587184741919,0.05,-0.13,0.21,2.0,1.0,43.0,-0.0151515151515151,-9.212121212121213,1.281359859398735,3.101898125551436,4.0,1.0,0.0,0.0,0.0,0.0,0.0,0.0,0.0,0.0,0.0,0.0,0.0,0.0,0.0,0.0,0.0,0.0,2026-10-08,0.007922784494694,-0.0028454165795261,-0.0030328875307161,-0.0440072506530711,0.0336859099386695,0.024122429319338,0.2576016790288246,,-0.0984720686648019,0.0018486347222783,0.0507086333166589,0.0735943101832891,0.1419871219054288,,0.3869928338025981,-0.0436231874409657,-0.026928188510955,397,0.03,pga_established_fallback,-2.987821491144572,705,-2.987821491144572,0.3466281353013405,1.0,-3.6975195595263255,0.0,0.0302758992628407,0.0,weekly_pga_core,False,0.0842295448772275,-0.0210229651406212,0.002425732438981,0.0032033996484968,-0.0,0.0,0.4558285456266822,2026-10-08 08:56,2026-10-09 10:02
Yokohama Country Club (West Course),1,2026-10-11,2026-10-08,527,Baycurrent Classic,2026-10-05 21:11:12 UTC,no,pga,32400,0,USA,17365,51.0,76.0,"mitchell, keith",39546,139,53,0.0,0.0,0.0,0.0,0.0,0.0,1992-01-07,player_birthdates.csv,-2.5,34.0,1,2.489186159863126,0.7239306978137254,1.155241935483871,1.2483573295809318,0.9214,pga,2026-08-16,1156.0,0.7239306978137254,0.17,0.16,0.21,30.0,0.0,45.0,-1.0151515151515151,18.78787878787879,3.447262793147136,3.101898125551436,4.0,1.0,0.0,0.0,0.0,0.0,0.0,0.0,0.0,0.0,0.0,0.0,0.0,0.0,0.0,0.0,0.0,0.0,2026-10-08,0.3631998682305004,0.0002709125763788,-0.006136449123112,0.4228701078613215,-0.0486069559142886,-0.0051977471697992,0.3530683300094277,,0.0551161497013312,0.0039272490669261,0.1481696290363605,0.1203581778538917,0.1772392008512989,,0.7278490405594424,-0.0552624151212197,-0.0383406460239085,785,0.75,pga_established_fallback,-2.987821491144572,705,-2.987821491144572,0.5295936364802019,1.0,-18.275149932817293,-0.1249342680604492,-0.0364266348146654,0.0,weekly_pga_core,False,-0.1717839402101351,-0.0210229651406212,0.1112015229986869,0.0086181569828678,-0.0,-0.0,0.6548618151902408,2026-10-08 08:45,2026-10-09 09:51
Yokohama Country Club (West Course),1,2026-10-11,2026-10-08,527,Baycurrent Classic,2026-10-05 21:11:12 UTC,no,pga,32400,0,USA,21944,192.0,188.0,"moore, taylor",49947,95,110,0.0,0.0,0.0,0.0,0.0,0.0,1993-07-28,player_birthdates.csv,-2.5,33.0,1,2.571186691581405,-0.2400701217908449,-0.094758064516129,1.00562633120041,0.727,pga,2026-09-14,1089.0,-0.2400701217908449,-0.13,0.04,-0.11,0.0,2.0,29.0,0.9848484848484848,-11.212121212121213,-4.75943668432323,3.101898125551436,4.0,1.0,0.0,0.0,0.0,0.0,0.0,0.0,0.0,0.0,0.0,0.0,0.0,0.0,0.0,0.0,0.0,0.0,2026-10-08,0.21837218211595,-0.0004832169323472,0.0099034482560057,0.2402556789589881,-0.0380864741529608,0.0067827459862642,-0.111193764826299,-0.0213684770660876,-0.1284619004518609,0.0107065117187254,0.0165198105031833,,,0.011778743309928,-0.2681583414343855,0.0001180628268954,-0.0023131570158854,692,-0.32,pga_established_fallback,-2.987821491144572,705,-2.987821491144572,-0.6985958190187919,1.0,-2.258940678238712,-0.1294415520824745,-0.0439441704329846,0.0,weekly_pga_core,False,0.1280289269679941,-0.0090222267888426,0.0373553392977763,-0.0237971834216161,-0.0,-0.0,-0.1355934853790737,2026-10-08 10:02,2026-10-09 08:56
Yokohama Country Club (West Course),1,2026-10-11,2026-10-08,527,Baycurrent Classic,2026-10-05 21:11:12 UTC,no,pga,32400,0,USA,22085,8.0,11.0,"morikawa, collin",50525,401,T14,0.0,0.0,0.0,0.0,0.0,0.0,1997-02-06,player_birthdates.csv,-2.5,29.0,1,2.5115449476098752,1.6172832080773247,0.280241935483871,2.233528495346011,2.0042,pga,2026-08-30,841.0,1.6172832080773247,0.3499999999999998,0.35,0.26,30.0,0.0,45.0,-1.0151515151515151,18.78787878787879,2.844295850249754,3.101898125551436,4.0,1.0,0.0,0.0,0.0,0.0,0.0,0.0,0.0,0.0,0.0,0.0,0.0,0.0,0.0,0.0,0.0,0.0,2026-10-08,-0.1107550645175949,-0.0041410730253719,-0.020234541665454,-0.1737214710828511,0.0939423709291574,-0.0066003496730752,0.7905253362047134,,0.156125041194483,-0.0236386634913028,0.098210686743402,0.2617992837581612,0.3842190492541114,,1.4822894168109355,-0.1242871850205485,-0.0749532296235813,597,1.66,pga_established_fallback,-2.987821491144572,705,-2.987821491144572,1.9180588679033208,1.0,45.61768323431399,-0.061869776119227,0.0142890977914971,0.0,weekly_pga_core,False,-0.1717839402101351,-0.0210229651406212,-0.0339100669671997,0.0071107396256243,0.0,-0.0,1.262683184118604,2026-10-08 09:29,2026-10-09 10:35
Yokohama Country Club (West Course),1,2026-10-11,2026-10-08,527,Baycurrent Classic,2026-10-05 21:11:12 UTC,no,pga,32400,1,JPN,31582,0.0,0.0,"nagasaki, koshin",65922,30,0,0.0,0.0,0.0,0.0,0.0,0.0,,none,-6.5,,0,3.0,-2.5,0.0,0.0,0.0,0,,,-2.5,0.0,0.0,0.0,11.212121212121213,0.0,0.0,0.0,1.7763568394002505e-15,0.0,0.0,0.0,0.0,0.0,0.0,0.0,0.0,0.0,0.0,0.0,0.0,0.0,0.0,0.0,0.0,0.0,0.0,0.0,0.0,2026-10-08,0.0,0.0,0.0,0.0,0.0,0.0,,,,,,,,,0.0,,,0,-2.987821491144572,tour_cold_start_prior,-2.987821491144572,705,-2.987821491144572,,0.0,0.0,0.0,,-2.987821491144572,tour_cold_start_prior,True,0.0,0.0,0.0,0.0,0.0,0.0,-2.987821491144572,2026-10-08 10:46,2026-10-09 09:40
Yokohama Country Club (West Course),1,2026-10-11,2026-10-08,527,Baycurrent Classic,2026-10-05 21:11:12 UTC,no,pga,32400,0,JPN,21074,95.0,99.0,"nakajima, keita",49228,133,125,0.0,0.0,0.0,0.0,0.0,0.0,2000-06-24,player_birthdates.csv,-2.5,26.0,1,2.3,0.5012669947429532,-1.594758064516129,0.6125266806839804,0.2448,pga,2026-09-14,676.0,0.5012669947429532,-0.37,0.0,0.0,16.0,0.0,43.0,-1.0151515151515151,4.787878787878789,1.5901043179645515,3.101898125551436,4.0,1.0,0.0,0.0,0.0,0.0,0.0,0.0,0.0,0.0,0.0,0.0,0.0,0.0,0.0,0.0,0.0,0.0,2026-10-08,0.021930301362008,-0.0029488894303062,-0.0043435459448108,-0.0054578433095677,0.0397852196577185,-0.0051046396110257,0.2587444909614241,,0.0019266250695736,-0.0122364900138048,0.0311214374594694,0.0307230773076137,0.0747657291611469,,0.3538194941589281,-0.0356185170317819,-0.0356116919133131,233,0.29,pga_established_fallback,-2.987821491144572,705,-2.987821491144572,0.4960456937208247,1.0,-19.11112127617473,-0.0044408289374131,0.0400048331586,0.0,weekly_pga_core,False,-0.0437771976664538,-0.0210229651406212,0.0067144377644096,0.0039752607949113,-0.0,-0.0,0.299709029911174,2026-10-08 08:56,2026-10-09 10:02
Yokohama Country Club (West Course),1,2026-10-11,2026-10-08,527,Baycurrent Classic,2026-10-05 21:11:12 UTC,no,pga,32400,0,DEN,23841,101.0,77.0,"neergaard-petersen, rasmus",52689,130,106,0.0,0.0,0.0,0.0,0.0,0.0,1999-07-03,player_birthdates.csv,-6.5,27.0,1,2.432367014801739,0.2179410012975257,0.0,0.8861175863261636,0.8028,euro,2026-09-14,729.0,0.2179410012975257,0.53,0.0,0.0,14.0,0.0,53.0,-1.0151515151515151,2.787878787878789,0.0,0.0,0.0,0.0,0.0,0.0,0.0,0.0,0.0,0.0,0.0,0.0,0.0,0.0,0.0,0.0,0.0,0.0,0.0,0.0,2026-10-08,0.1881131342303787,0.0013595912934169,-0.0011384715977948,0.1038023159654412,0.0815509144373119,0.0025387841320034,0.1370832862228279,-0.0188290448785932,0.1045205376264366,0.0065019429894016,0.0705865469405793,,,0.090127238135517,0.3992828536564114,0.0004655848754372,0.0033133116189038,234,0.58,pga_established_fallback,-2.987821491144572,705,-2.987821491144572,0.0967044781576862,1.0,8.17902711491309,0.0101535370601713,0.0055134501259009,0.0,weekly_pga_core,False,-0.0318342196785282,-0.0234577896509907,0.0321791442822729,0.0,0.0,0.0,0.3761699886091653,2026-10-08 09:51,2026-10-09 08:45
Yokohama Country Club (West Course),1,2026-10-11,2026-10-08,527,Baycurrent Classic,2026-10-05 21:11:12 UTC,no,pga,32400,0,ENG,13764,117.0,106.0,"parry, john",28723,106,92,0.0,0.0,0.0,0.0,0.0,0.0,1986-12-12,player_birthdates.csv,-6.5,39.0,1,2.305308138503895,0.2173623660410005,-0.719758064516129,0.7246522690122577,0.5066,pga,2026-09-14,1521.0,0.2173623660410005,0.0,0.0,0.0,0.0,2.0,47.0,0.9848484848484848,-11.212121212121213,0.0,0.0,0.0,0.0,0.0,0.0,0.0,0.0,0.0,0.0,0.0,0.0,0.0,0.0,0.0,0.0,0.0,0.0,0.0,0.0,2026-10-08,-0.0516021508968832,0.0012157315852597,-0.005220394991755,-0.1134584168927665,0.038916763097548,0.0269441663048304,0.1331349108235058,-0.0153980806894672,-0.0100213095554815,-4.813492238003825e-05,0.0132317695490456,,,0.0850981117784691,0.08779573957812,0.0002135653337992,0.0010872550043094,318,0.2,pga_established_fallback,-2.987821491144572,705,-2.987821491144572,0.2726971260165475,1.0,15.926380421532707,0.0425246283370582,-0.1195023477436805,0.0,weekly_pga_core,False,0.1280289269679941,-0.0234577896509907,-0.0088272042554605,0.0,0.0,0.0,0.1835396726396627,2026-10-08 09:40,2026-10-09 10:46
Yokohama Country Club (West Course),1,2026-10-11,2026-10-08,527,Baycurrent Classic,2026-10-05 21:11:12 UTC,no,pga,32400,0,CAN,17780,161.0,110.0,"pendrith, taylor",40250,86,96,0.0,0.0,0.0,0.0,0.0,0.0,1991-05-30,player_birthdates.csv,-6.5,35.0,1,2.924124481870729,0.0680962565765056,0.405241935483871,1.264999744034429,1.084,pga,2026-09-14,1225.0,0.0680962565765056,-0.04,-0.05,0.28,16.0,0.0,51.0,-1.0151515151515151,4.787878787878789,0.0,0.0,0.0,0.0,0.0,0.0,0.0,0.0,0.0,0.0,0.0,0.0,0.0,0.0,0.0,0.0,0.0,0.0,0.0,0.0,2026-10-08,0.2685883424981641,0.0018319077577256,0.0010676831316441,0.3166311268271349,-0.0525116993997698,0.0015693241814292,0.0335031124371541,-0.0268798828952098,-0.0785653533744205,0.0291780973079116,0.0059535722242761,,,0.0453944826438801,-0.0626609808305566,-0.0001425814406839,-0.0055209730079769,584,-0.01,pga_established_fallback,-2.987821491144572,705,-2.987821491144572,-0.7179958513757791,1.0,10.94115591994752,0.0378301479643843,-0.0655814547254876,0.0,weekly_pga_core,False,-0.0546718120566029,-0.0234577896509907,0.0459454522468383,0.0,0.0,0.0,-0.0948451302913119,2026-10-08 09:29,2026-10-09 10:35
Yokohama Country Club (West Course),1,2026-10-11,2026-10-08,527,Baycurrent Classic,2026-10-05 21:11:12 UTC,no,pga,32400,0,USA,27164,166.0,143.0,"phillips, chandler",57900,84,97,0.0,0.0,0.0,0.0,0.0,0.0,1996-12-02,player_birthdates.csv,-6.5,29.0,1,2.3145152608654307,0.2567411705185088,0.155241935483871,0.3290862340317609,0.1484,pga,2026-09-14,841.0,0.2567411705185088,-0.0199999999999999,-0.07,0.1,2.0,1.0,37.0,-0.0151515151515151,-9.212121212121213,0.0,0.0,0.0,0.0,0.0,0.0,0.0,0.0,0.0,0.0,0.0,0.0,0.0,0.0,0.0,0.0,0.0,0.0,0.0,0.0,2026-10-08,-0.0013169103935237,-0.0018761757058299,0.0072761843368481,-0.0956927813943245,0.0509058167917354,0.0380700455780471,0.0796437251648926,-0.0069927282396023,-0.0967904787769939,0.0056668179359084,0.0298630033572431,,,0.0492325001268903,0.0534325878533395,-0.0004040191676563,0.0068831748225244,359,-0.21,pga_established_fallback,-2.987821491144572,705,-2.987821491144572,0.5371074881132911,1.0,-2.771562630117268,0.0,-0.0136694073698669,0.0,weekly_pga_core,False,0.1051913345899195,-0.0234577896509907,-0.000225274273024,0.0,-0.0,0.0,0.1349408585192441,2026-10-08 10:02,2026-10-09 08:56
Yokohama Country Club (West Course),1,2026-10-11,2026-10-08,527,Baycurrent Classic,2026-10-05 21:11:12 UTC,no,pga,32400,0,RSA,27900,259.0,94.0,"potgieter, aldrich",63343,117,74,0.0,0.0,0.0,0.0,0.0,0.0,2004-09-13,player_birthdates.csv,-2.5,22.0,1,3.2,-0.5480198666058116,0.530241935483871,0.2707935243220974,-0.0758,pga,2026-09-14,484.0,-0.5480198666058116,-0.52,-0.09,-0.0299999999999999,2.0,1.0,43.0,-0.0151515151515151,-9.212121212121213,0.8465614358539079,3.101898125551436,4.0,1.0,0.0,0.0,0.0,0.0,0.0,0.0,0.0,0.0,0.0,0.0,0.0,0.0,0.0,0.0,0.0,0.0,2026-10-08,0.4463264596341069,-0.0010232958142356,0.0080654594759451,0.5484341947446583,-0.0638917526124665,-0.0452581461597943,-0.2465503663405705,-0.005754070905457,-0.2585091925820231,0.002814688416516,0.0332645943118252,,,-0.0492325001268904,-0.4985842695795325,-0.000700708673948,-0.0070683124230824,237,-0.79,pga_established_fallback,-2.987821491144572,705,-2.987821491144572,-1.3987411320966796,1.0,-16.64467473503487,-0.0685174195889454,0.0331515987440978,0.0,weekly_pga_core,False,0.1051913345899195,-0.0090222267888426,0.0763498178918895,0.0042328071792695,-0.0,-0.0,-0.3218325367072965,2026-10-08 09:29,2026-10-09 10:35
Yokohama Country Club (West Course),1,2026-10-11,2026-10-08,527,Baycurrent Classic,2026-10-05 21:11:12 UTC,no,pga,32400,0,USA,14704,153.0,116.0,"putnam, andrew",34256,85,82,0.0,0.0,0.0,0.0,0.0,0.0,1989-01-25,player_birthdates.csv,-2.5,37.0,1,2.48538047481543,0.101041677100734,-0.094758064516129,0.9700220876922304,0.8128,pga,2026-09-14,1369.0,0.101041677100734,0.03,-0.01,0.02,2.0,1.0,49.0,-0.0151515151515151,-9.212121212121213,-4.912947566571635,3.101898125551436,4.0,1.0,0.0,0.0,0.0,0.0,0.0,0.0,0.0,0.0,0.0,0.0,0.0,0.0,0.0,0.0,0.0,0.0,2026-10-08,-0.6019192234500139,-0.0029875048356356,-0.0053354353994494,-0.6468373988163806,0.0275597222210722,0.0256813933803794,0.0138478668907728,-0.0213642205420812,-0.1702788317544216,-0.0024577413423421,-0.0961825716944738,,,0.0328216667512602,-0.3330924186883797,0.000223177665885,0.0033553909027618,784,-0.26,pga_established_fallback,-2.987821491144572,705,-2.987821491144572,-0.7152390823581924,1.0,1.945552313276659,0.0245583939216059,-0.0930571555657406,0.0,weekly_pga_core,False,0.1051913345899195,-0.0090222267888426,-0.1029659391775936,-0.0245647378328581,0.0,0.0,-0.3644539878977545,2026-10-08 10:46,2026-10-09 09:40
Yokohama Country Club (West Course),1,2026-10-11,2026-10-08,527,Baycurrent Classic,2026-10-05 21:11:12 UTC,no,pga,32400,0,USA,16283,198.0,125.0,"rodgers, patrick",36699,79,71,0.0,0.0,0.0,0.0,0.0,0.0,1992-06-30,player_birthdates.csv,-2.5,34.0,1,2.932016386615287,-0.2334344797964513,0.280241935483871,0.8274674039069612,0.6567999999999999,pga,2026-09-14,1156.0,-0.2334344797964513,0.74,0.19,0.41,0.0,2.0,44.0,0.9848484848484848,-11.212121212121213,-5.421686671377761,3.101898125551436,4.0,1.0,0.0,0.0,0.0,0.0,0.0,0.0,0.0,0.0,0.0,0.0,0.0,0.0,0.0,0.0,0.0,0.0,2026-10-08,0.0420523211110739,-0.0020267854956052,0.0099391957370951,0.0971016954539803,-0.0586581314196687,-0.0043036531647275,-0.1255576438441366,-0.0175827916341594,-0.0394255334547189,-0.0091254038479991,-0.0380281205008797,,,-0.065113951780726,-0.3587545250737004,-0.0009730655471821,-0.007949853775792,880,-0.06,pga_established_fallback,-2.987821491144572,705,-2.987821491144572,-1.0023154642000185,1.0,-14.324175042055922,-0.0397238261931503,-0.0549981606881062,0.0,weekly_pga_core,False,0.1280289269679941,-0.0090222267888426,0.0071935844032053,-0.0271084333568888,-0.0,-0.0,-0.2596626738482324,2026-10-08 10:02,2026-10-09 08:56
Yokohama Country Club (West Course),1,2026-10-11,2026-10-08,527,Baycurrent Classic,2026-10-05 21:11:12 UTC,no,pga,32400,0,USA,18424,99.0,113.0,"roy, kevin",39335,113,88,0.0,0.0,0.0,0.0,0.0,0.0,1990-03-13,player_birthdates.csv,-2.5,36.0,1,3.1812890541308683,0.4632770198334774,0.780241935483871,0.6591097622850605,0.3468,pga,2026-09-14,1296.0,0.4632770198334774,0.0,0.0,0.0,0.0,2.0,47.0,0.9848484848484848,-11.212121212121213,-1.784867266138631,3.101898125551436,4.0,1.0,0.0,0.0,0.0,0.0,0.0,0.0,0.0,0.0,0.0,0.0,0.0,0.0,0.0,0.0,0.0,0.0,2026-10-08,0.0963979404143763,0.0005152092079404,-0.0025133344831123,0.0216753193651021,0.0656108901459707,0.0111098561784753,0.2367349258827884,-0.0140053729724943,0.0585612338689551,-0.0149735418102776,0.0376045168075739,,,0.0913183470095547,0.3187547538637941,0.0003666653162078,0.0032483328507785,581,0.33,pga_established_fallback,-2.987821491144572,705,-2.987821491144572,1.0455759590527716,1.0,-2.8492526115622967,0.0,-0.0801003530892927,0.0,weekly_pga_core,False,0.1280289269679941,-0.0090222267888426,0.0164900938246512,-0.0089243363306931,-0.0,0.0,0.4453272115369037,2026-10-08 09:51,2026-10-09 08:45
Yokohama Country Club (West Course),1,2026-10-11,2026-10-08,527,Baycurrent Classic,2026-10-05 21:11:12 UTC,no,pga,32400,0,USA,19895,7.0,10.0,"schauffele, xander",48081,436,T14,0.0,0.0,0.0,0.0,0.0,0.0,1993-10-25,player_birthdates.csv,-2.5,32.0,1,2.3,1.5890281731987086,-0.469758064516129,2.7028399433641166,2.5696,pga,2026-08-30,1024.0,1.5890281731987086,-0.3,-0.0299999999999999,0.0799999999999999,30.0,0.0,51.0,-1.0151515151515151,18.78787878787879,7.347331720306647,3.101898125551436,4.0,1.0,0.0,0.0,0.0,0.0,0.0,0.0,0.0,0.0,0.0,0.0,0.0,0.0,0.0,0.0,0.0,0.0,2026-10-08,0.2574002501216291,-0.0018875178708111,-0.0123602919946653,0.2129026958403866,0.0509656677553146,0.0077796963914043,0.7846601938007464,,0.1636204133875229,-0.0105060165751885,0.1893466026741612,0.3356548445988281,0.3982963700551382,,1.6715727465316792,-0.1034048727174431,-0.0696947512906147,759,1.59,pga_established_fallback,-2.987821491144572,705,-2.987821491144572,1.9291377009395447,1.0,75.06112911816174,0.1468809199328678,-0.0164000374014713,0.0,weekly_pga_core,False,-0.1717839402101351,-0.0210229651406212,0.0788086735086662,0.0183683293007666,0.0,0.0,1.5759428439903556,2026-10-08 09:29,2026-10-09 10:35
Yokohama Country Club (West Course),1,2026-10-11,2026-10-08,527,Baycurrent Classic,2026-10-05 21:11:12 UTC,no,pga,32400,0,AUS,6430,21.0,45.0,"scott, adam",24502,263,T11,0.0,0.0,0.0,0.0,0.0,0.0,1980-07-16,player_birthdates.csv,-2.5,46.0,1,2.8259512170749588,1.177140810856447,-0.844758064516129,1.984853645969228,1.796111111111111,euro,2026-09-14,2116.0,1.177140810856447,0.03,0.2299999999999999,-0.04,14.0,0.0,49.0,-1.0151515151515151,2.787878787878789,1.02941809435181,3.101898125551436,4.0,1.0,0.0,0.0,0.0,0.0,0.0,0.0,0.0,0.0,0.0,0.0,0.0,0.0,0.0,0.0,0.0,0.0,2026-10-08,0.0839580788291586,-0.0017847369756563,-0.0119478777581188,0.0760047622135077,0.027620886859262,-0.0059349555098358,0.6107819463790805,,0.1607011900146522,-0.0161102726964307,0.1019862087600017,0.2267394455380782,0.246932803022526,,0.9931064578507371,-0.0756375607054339,-0.0490637325054064,704,1.33,pga_established_fallback,-2.987821491144572,705,-2.987821491144572,1.9439099619958005,1.0,-1.7125926927886803,0.0536505253310471,-0.2132235699563303,0.0,weekly_pga_core,False,-0.0254905201602136,-0.0210229651406212,0.0257055881637079,0.0025735452358795,-0.0,0.0,0.9748721059494896,2026-10-08 10:24,2026-10-09 09:18
Yokohama Country Club (West Course),1,2026-10-11,2026-10-08,527,Baycurrent Classic,2026-10-05 21:11:12 UTC,no,pga,32400,0,USA,18474,52.0,46.0,"smalley, alex",46340,226,27,0.0,0.0,0.0,0.0,0.0,0.0,1996-10-21,player_birthdates.csv,-2.5,29.0,1,2.949350329116143,0.8129153561440123,-0.844758064516129,1.2158075185769848,0.86,euro,2026-09-14,841.0,0.8129153561440123,-0.27,-0.33,0.0699999999999999,14.0,0.0,51.0,-1.0151515151515151,2.787878787878789,7.685372744849536,3.101898125551436,4.0,1.0,0.0,0.0,0.0,0.0,0.0,0.0,0.0,0.0,0.0,0.0,0.0,0.0,0.0,0.0,0.0,0.0,2026-10-08,-0.134970679482726,-0.0020151430978491,-0.0129331360676686,-0.1522923482994039,0.0332164326911671,-0.0009464847089714,0.3923383278932583,,-0.0122355680831747,-0.0002432953086304,-0.0022721526945406,0.1122332824094462,0.1952852208910309,,0.5945750720651801,-0.0627197599844684,-0.0394901571153884,495,0.48,pga_established_fallback,-2.987821491144572,705,-2.987821491144572,0.8919597302498706,1.0,11.601960353377269,0.0374289854583647,0.0116791740576476,0.0,weekly_pga_core,False,-0.0254905201602136,-0.0210229651406212,-0.0413242030944832,0.0192134318621238,0.0,0.0,0.5259508155319859,2026-10-08 09:18,2026-10-09 10:24
Yokohama Country Club (West Course),1,2026-10-11,2026-10-08,527,Baycurrent Classic,2026-10-05 21:11:12 UTC,no,pga,32400,0,ENG,18586,72.0,73.0,"smith, jordan",46464,127,70,0.0,0.0,0.0,0.0,0.0,0.0,1992-11-09,player_birthdates.csv,-6.5,33.0,1,2.718536468263249,0.197502499322331,1.655241935483871,0.9391807450159726,0.6709999999999999,pga,2026-09-14,1089.0,0.197502499322331,0.0,0.0,0.0,0.0,2.0,55.0,0.9848484848484848,-11.212121212121213,0.0,0.0,0.0,0.0,0.0,0.0,0.0,0.0,0.0,0.0,0.0,0.0,0.0,0.0,0.0,0.0,0.0,0.0,0.0,0.0,2026-10-08,0.096948628969865,-0.0006513123140604,-0.0069749731562769,0.019739317152495,0.1177916790825731,-0.0329560817948657,0.2031450823673629,-0.0199565798827372,0.0596557401991565,-0.0116947316030172,0.0641219874636842,,,0.140947883427791,0.3958769923600542,0.0006293774133192,0.0099355325775872,852,0.58,pga_established_fallback,-2.987821491144572,705,-2.987821491144572,0.4825737136561801,1.0,-2.073873819716153,0.1179959761725185,-0.0509072996030926,0.0,weekly_pga_core,False,0.1280289269679941,-0.0234577896509907,0.0165842961064545,0.0,-0.0,0.0,0.5170324257835122,2026-10-08 10:13,2026-10-09 09:07
Yokohama Country Club (West Course),1,2026-10-11,2026-10-08,527,Baycurrent Classic,2026-10-05 21:11:12 UTC,no,pga,32400,0,USA,14636,58.0,60.0,"spieth, jordan",34046,264,55,0.0,0.0,0.0,0.0,0.0,0.0,1993-07-27,player_birthdates.csv,-6.5,33.0,1,2.713779775671415,0.7316051082871162,1.030241935483871,1.7998940092461388,1.5064,pga,2026-08-16,1089.0,0.7316051082871162,0.55,0.51,-0.09,30.0,0.0,53.0,-1.0151515151515151,18.78787878787879,0.0,0.0,0.0,0.0,0.0,0.0,0.0,0.0,0.0,0.0,0.0,0.0,0.0,0.0,0.0,0.0,0.0,0.0,0.0,0.0,2026-10-08,0.1266566854595092,-0.0005313558475447,-0.0032488551301918,0.2149010812469557,-0.0796898642266087,-0.0047743205831012,0.3418411945591429,,0.105467784879954,-0.0119352002207763,-0.0313849307405831,0.1967739951368596,0.2102385817455907,,0.7199017817200558,-0.0387013680921711,-0.0327986698543148,741,0.86,pga_established_fallback,-2.987821491144572,705,-2.987821491144572,0.3042221092466554,1.0,16.091394582425977,0.178740534427897,-0.0195996056936461,0.0,weekly_pga_core,False,-0.1717839402101351,-0.0546597093656153,0.0387786933670487,0.0,0.0,0.0,0.532236825511354,2026-10-08 09:18,2026-10-09 10:24
Yokohama Country Club (West Course),1,2026-10-11,2026-10-08,527,Baycurrent Classic,2026-10-05 21:11:12 UTC,no,pga,32400,0,USA,29279,73.0,96.0,"suber, jackson",60019,151,76,0.0,0.0,0.0,0.0,0.0,0.0,1999-10-18,player_birthdates.csv,-6.5,26.0,1,2.5495076900461053,0.4004951481758201,0.155241935483871,0.5786624964014359,0.2546,pga,2026-09-14,676.0,0.4004951481758201,0.0,0.0,0.0,0.0,2.0,49.0,0.9848484848484848,-11.212121212121213,0.0,0.0,0.0,0.0,0.0,0.0,0.0,0.0,0.0,0.0,0.0,0.0,0.0,0.0,0.0,0.0,0.0,0.0,0.0,0.0,2026-10-08,0.1647406363382177,0.0010091832689982,-0.0111349967920352,0.1373083767840407,0.0136326652870945,0.0239254077901194,0.272439345490647,,0.0375259428848232,0.0166364438639623,0.0367979283975904,0.0351643384830341,0.0711516757877984,,0.4017144137679981,-0.0598859304845028,-0.0427081841559594,308,0.48,pga_established_fallback,-2.987821491144572,705,-2.987821491144572,0.3810844666863213,1.0,0.3692483485661895,0.0,0.0345928535006047,0.0,weekly_pga_core,False,0.1280289269679941,-0.0234577896509907,0.0281809812354126,0.0,0.0,0.0,0.5344665323204142,2026-10-08 09:40,2026-10-09 10:46
Yokohama Country Club (West Course),1,2026-10-11,2026-10-08,527,Baycurrent Classic,2026-10-05 21:11:12 UTC,no,pga,32400,0,JPN,19682,0.0,369.0,"sunagawa, kosuke",47889,44,0,0.0,0.0,0.0,0.0,0.0,0.0,,none,-6.5,,0,3.0,-2.5,0.0,0.0,0.0,0,,,-2.5,0.0,0.0,0.0,11.212121212121213,0.0,0.0,0.0,1.7763568394002505e-15,0.0,0.0,0.0,0.0,0.0,0.0,0.0,0.0,0.0,0.0,0.0,0.0,0.0,0.0,0.0,0.0,0.0,0.0,0.0,0.0,2026-10-08,0.0,0.0,0.0,0.0,0.0,0.0,,,,,,,,,0.0,,,0,-2.987821491144572,tour_cold_start_prior,-2.987821491144572,705,-2.987821491144572,,0.0,0.0,0.0,,-2.987821491144572,tour_cold_start_prior,True,0.0,0.0,0.0,0.0,0.0,0.0,-2.987821491144572,2026-10-08 09:40,2026-10-09 10:46
Yokohama Country Club (West Course),1,2026-10-11,2026-10-08,527,Baycurrent Classic,2026-10-05 21:11:12 UTC,no,pga,32400,0,CAN,13126,85.0,88.0,"taylor, nick",25493,156,69,0.0,0.0,0.0,0.0,0.0,0.0,1988-04-14,player_birthdates.csv,-6.5,38.0,1,2.7998538806348767,0.5499839380613396,-0.719758064516129,1.0494419653956284,0.9094,pga,2026-09-14,1444.0,0.5499839380613396,0.0,0.0,0.0,0.0,2.0,63.0,0.9848484848484848,-11.212121212121213,0.0,0.0,0.0,0.0,0.0,0.0,0.0,0.0,0.0,0.0,0.0,0.0,0.0,0.0,0.0,0.0,0.0,0.0,0.0,0.0,2026-10-08,-0.1721978770371875,-0.0048163771951832,0.0014273835805022,-0.2147828625858787,0.0314069291874062,0.0145670499759658,0.2341636058368843,-0.0222995121289017,-0.0881853963669953,-0.00627597400237,-0.0249944979045425,,,0.147035773228428,0.147073440757163,0.0005547973432286,0.0099415971150724,832,0.27,pga_established_fallback,-2.987821491144572,705,-2.987821491144572,-0.215024401216999,1.0,-17.909185645165014,0.1061629136108703,-0.1028669523636408,0.0,weekly_pga_core,False,0.1025162223834677,-0.0546597093656153,-0.0527221176509992,0.0,-0.0,0.0,0.1422078361240161,2026-10-08 09:29,2026-10-09 10:35
Yokohama Country Club (West Course),1,2026-10-11,2026-10-08,527,Baycurrent Classic,2026-10-05 21:11:12 UTC,no,pga,32400,0,USA,23014,108.0,90.0,"theegala, sahith",51634,128,48,0.0,0.0,0.0,0.0,0.0,0.0,1997-12-04,player_birthdates.csv,-2.5,28.0,1,3.042827884550539,0.1304595323853346,0.155241935483871,1.4208351695642858,1.2602000000000002,pga,2026-08-23,784.0,0.1304595323853346,-0.41,-0.16,0.21,30.0,0.0,57.0,-1.0151515151515151,18.78787878787879,4.935890051285932,3.101898125551436,4.0,1.0,0.0,0.0,0.0,0.0,0.0,0.0,0.0,0.0,0.0,0.0,0.0,0.0,0.0,0.0,0.0,0.0,2026-10-08,-0.0487052029094133,-0.0007236075461396,-0.0061131163194466,0.0044455866171441,-0.0433989901679286,-0.0029150754930424,0.0704778769413256,-0.0301912179440283,-0.082936624465041,-0.0081997964951568,-0.0254543352737014,,,0.1003178362800615,0.0283096301519091,0.0001035762484114,0.0093261599147739,559,0.07,pga_established_fallback,-2.987821491144572,705,-2.987821491144572,-0.3116178337272121,1.0,6.005710284645449,-0.1334348743098304,-0.0051338450547358,0.0,weekly_pga_core,False,-0.2145349587031254,-0.0090222267888426,-0.0083316444549797,0.0246794502564296,0.0,-0.0,-0.1788997495386089,2026-10-08 10:13,2026-10-09 09:07
Yokohama Country Club (West Course),1,2026-10-11,2026-10-08,527,Baycurrent Classic,2026-10-05 21:11:12 UTC,no,pga,32400,0,USA,14139,26.0,27.0,"thomas, justin",33448,274,43,0.0,0.0,0.0,0.0,0.0,0.0,1993-04-29,player_birthdates.csv,-6.5,33.0,1,2.517749107563067,1.167333794596103,-0.344758064516129,2.3206658925247394,2.1922,pga,2026-08-23,1089.0,1.167333794596103,-0.0999999999999998,-0.18,-0.12,30.0,0.0,57.0,-1.0151515151515151,18.78787878787879,0.0,0.0,0.0,0.0,0.0,0.0,0.0,0.0,0.0,0.0,0.0,0.0,0.0,0.0,0.0,0.0,0.0,0.0,0.0,0.0,2026-10-08,0.1504425233765084,-0.0014979920451602,-0.0033645685191598,0.0666826593472249,0.0166701708386616,0.0719522537549419,0.5816847850678805,,0.0926989763593735,0.0011276384397214,0.0535311053427721,0.2899882296892116,0.2609972834579696,,1.1080000745911291,-0.1042857440968671,-0.0459788377930905,757,1.07,pga_established_fallback,-2.987821491144572,705,-2.987821491144572,0.8383821662727879,1.0,-59.28974106715955,-0.3596364598033617,-0.0217633618758422,0.0,weekly_pga_core,False,-0.1717839402101351,-0.0546597093656153,0.0460612439226331,0.0,-0.0,-0.0,0.927617668938012,2026-10-08 10:24,2026-10-09 09:18
Yokohama Country Club (West Course),1,2026-10-11,2026-10-08,527,Baycurrent Classic,2026-10-05 21:11:12 UTC,no,pga,32400,0,USA,27364,77.0,130.0,"thompson, davis",58168,132,86,0.0,0.0,0.0,0.0,0.0,0.0,1999-06-05,player_birthdates.csv,-6.5,27.0,1,2.4178166569738013,0.9600806777986994,-0.219758064516129,1.2794646556044886,0.9280000000000002,pga,2026-09-14,729.0,0.9600806777986994,-0.06,-0.25,-0.13,0.0,2.0,41.0,0.9848484848484848,-11.212121212121213,0.0,0.0,0.0,0.0,0.0,0.0,0.0,0.0,0.0,0.0,0.0,0.0,0.0,0.0,0.0,0.0,0.0,0.0,0.0,0.0,2026-10-08,0.0809591043391975,0.0015092823692115,-0.0141366650450493,0.1017837019361471,0.0085771551241789,-0.0167743700452907,0.3041682306820891,,-0.0493929711160903,0.0088079408074256,0.0744483573717866,0.121220305023238,0.1191645952218412,,0.5671928617581026,-0.027310050002559,-0.0163755622000229,463,0.12,pga_established_fallback,-2.987821491144572,705,-2.987821491144572,0.7322229798334715,1.0,-14.479414194263011,-0.0538193552212633,0.0324620159703942,0.0,weekly_pga_core,False,0.1025162223834677,-0.0546597093656153,0.0247873870301485,0.0,-0.0,-0.0,0.6398367618061036,2026-10-08 10:35,2026-10-09 09:29
Yokohama Country Club (West Course),1,2026-10-11,2026-10-08,527,Baycurrent Classic,2026-10-05 21:11:12 UTC,no,pga,32400,0,USA,26649,46.0,40.0,"thorbjornsen, michael",57364,301,44,0.0,0.0,0.0,0.0,0.0,0.0,2001-09-16,player_birthdates.csv,-2.5,25.0,1,3.140661514515409,0.9820636433755656,-0.094758064516129,1.0661716464608144,0.7444,pga,2026-08-23,625.0,0.9820636433755656,-0.56,-0.1699999999999999,-0.05,30.0,0.0,43.0,-1.0151515151515151,18.78787878787879,6.070057459034629,3.101898125551436,4.0,1.0,0.0,0.0,0.0,0.0,0.0,0.0,0.0,0.0,0.0,0.0,0.0,0.0,0.0,0.0,0.0,0.0,2026-10-08,0.1853362193666961,0.0002100203374011,-0.0049368868388478,0.1125118715742311,0.0398116271616202,0.0377395871322914,0.5115731894569543,,0.0428426427994329,-0.0029313467291629,0.1317145639467792,0.097237494675968,0.1557158513792738,,0.8894429663823926,-0.0574411952435315,-0.0372291331497952,219,0.72,pga_established_fallback,-2.987821491144572,705,-2.987821491144572,1.6408023631516209,1.0,-3.087035955067136,0.0948133068357713,0.047960899246474,0.0,weekly_pga_core,False,-0.1717839402101351,-0.0210229651406212,0.0567447063260377,0.0151751436475865,-0.0,0.0,0.7685559110052604,2026-10-08 09:07,2026-10-09 10:13
Yokohama Country Club (West Course),1,2026-10-11,2026-10-08,527,Baycurrent Classic,2026-10-05 21:11:12 UTC,no,pga,32400,0,NOR,15651,122.0,194.0,"ventura, kristoffer",35658,141,109,0.0,0.0,0.0,0.0,0.0,0.0,1995-02-24,player_birthdates.csv,-6.5,31.0,1,2.3393001081297498,0.3412018842018207,-0.719758064516129,0.5206293517767552,0.1962,pga,2026-09-14,961.0,0.3412018842018207,-0.0499999999999999,-0.1099999999999999,0.03,0.0,2.0,37.0,0.9848484848484848,-11.212121212121213,0.0,0.0,0.0,0.0,0.0,0.0,0.0,0.0,0.0,0.0,0.0,0.0,0.0,0.0,0.0,0.0,0.0,0.0,0.0,0.0,2026-10-08,0.2942246959135105,0.0009512638389752,0.0008759080583677,0.2537674978211786,0.0551200093061675,-0.0164899831111786,0.109623881442596,-0.0110628133116739,0.0389111242413242,0.0302776126074895,0.0773769471127152,,,0.0610112434368184,0.2803311695081916,3.8336853829389705e-05,0.0031194266517141,539,0.09,pga_established_fallback,-2.987821491144572,705,-2.987821491144572,0.5885835145204172,1.0,0.0,0.0,-0.0289645895266217,0.0,weekly_pga_core,False,0.1280289269679941,-0.0234577896509907,0.0503308765756545,0.0,0.0,0.0,0.4352331834008496,2026-10-08 08:56,2026-10-09 10:02
Yokohama Country Club (West Course),1,2026-10-11,2026-10-08,527,Baycurrent Classic,2026-10-05 21:11:12 UTC,no,pga,32400,0,ENG,20706,32.0,54.0,"wallace, matt",48887,230,78,0.0,0.0,0.0,0.0,0.0,0.0,1990-04-12,player_birthdates.csv,-2.5,36.0,1,2.3,0.9768969070437492,-0.594758064516129,1.017700504325606,1.0,pga,2026-09-14,1296.0,0.9768969070437492,0.0699999999999999,0.0,0.0,2.0,1.0,59.0,-0.0151515151515151,-9.212121212121213,5.112104962547951,3.101898125551436,4.0,1.0,0.0,0.0,0.0,0.0,0.0,0.0,0.0,0.0,0.0,0.0,0.0,0.0,0.0,0.0,0.0,0.0,2026-10-08,-0.0404080407195479,-5.870665273866508e-05,-0.0131213304335848,-0.0437677724764558,-0.0216078701525379,0.0381476389957693,0.4912780057872513,,0.0782854591171349,0.0055318924954436,0.0182136131719819,0.1096469009014073,0.1723581304739401,,0.6858105970222768,-0.0791455058697399,-0.0506331191003207,893,0.92,pga_established_fallback,-2.987821491144572,705,-2.987821491144572,1.4856972983956096,1.0,24.80610475338044,0.0064100486617264,-0.0597247799548217,0.0,weekly_pga_core,False,0.0842295448772275,-0.0210229651406212,-0.012371798732468,0.0127802624063698,0.0,0.0,0.7494256404327848,2026-10-08 09:40,2026-10-09 10:46
Yokohama Country Club (West Course),1,2026-10-11,2026-10-08,527,Baycurrent Classic,2026-10-05 21:11:12 UTC,no,pga,32400,0,JPN,25739,496.0,319.0,"yonezawa, ren",56100,60,0,0.0,0.0,0.0,0.0,0.0,0.0,1999-07-13,player_birthdates.csv,-2.5,27.0,1,2.7,-0.1133333333333333,-0.094758064516129,0.09,0.09,pga,2026-07-17,729.0,-0.1133333333333333,0.0,0.0,0.0,30.0,0.0,2.0,-1.0151515151515151,18.78787878787879,0.0,3.101898125551436,4.0,1.0,0.0,0.0,0.0,0.0,0.0,0.0,0.0,0.0,0.0,0.0,0.0,0.0,0.0,0.0,0.0,0.0,2026-10-08,0.0373967796532052,-0.0,-0.0,0.0,0.0373967796532052,0.0,0.0438806349811379,-0.0019124031225914,-1.2198528698751536,0.199920438089335,-0.0889809575067068,,,0.0238221774807534,-1.212899968974599,-0.0122459562928461,-0.1643776307472407,16,-0.8144492213909462,tour_prior_shrunk_partial,-2.987821491144572,705,-2.987821491144572,-0.2711061539525399,0.8,0.0,0.0,0.0068465980187134,0.3984507475836527,tour_prior_shrunk_partial,True,0.0,0.0,0.0,0.0,0.0,0.0,-0.8144492213909462,2026-10-08 08:45,2026-10-09 09:51
Yokohama Country Club (West Course),1,2026-10-11,2026-10-08,527,Baycurrent Classic,2026-10-05 21:11:12 UTC,no,pga,32400,0,TPE,17881,60.0,107.0,"yu, kevin",45242,160,91,0.0,0.0,0.0,0.0,0.0,0.0,1998-08-11,player_birthdates.csv,-2.5,28.0,1,2.336155311123864,0.8582564606342403,-1.219758064516129,0.8582564606342403,0.74,pga,2026-09-14,784.0,0.8582564606342403,0.0,0.0,0.0,0.0,2.0,45.0,0.9848484848484848,-11.212121212121213,-0.3531427414127054,3.101898125551436,4.0,1.0,0.0,0.0,0.0,0.0,0.0,0.0,0.0,0.0,0.0,0.0,0.0,0.0,0.0,0.0,0.0,0.0,2026-10-08,0.1977698252894515,-0.0010131921020913,-0.0043068800819475,0.1729624189553271,0.020383941432496,0.0097435370856672,0.3686167868019203,,0.0873860335018339,-0.0135464513856045,0.0817831287514064,0.0966627432297372,0.1167941581820454,,0.6786209098746726,-0.0547880046788283,-0.0307970133284385,436,0.65,pga_established_fallback,-2.987821491144572,705,-2.987821491144572,1.3955759590527717,1.0,-6.393569140397941,-0.0865397437287387,0.0265095288006007,0.0,weekly_pga_core,False,0.1025162223834677,-0.0210229651406212,0.0605515246536766,-0.0008828568535317,-0.0,-0.0,0.8197828349176639,2026-10-08 10:24,2026-10-09 09:18
