player_name,accuracy,course_x,dg_id,distance,gir,great_shots,poor_shots,position,prox_fw,prox_rgh,round,scrambling,sg_app,sg_arg,sg_bs,sg_ott,sg_putt,sg_t2g,sg_total,thru,total,course_name,event_name,last_updated,r2_teetime_x,course_y,great_shots_r1,poor_shots_r1,sg_app_r1,sg_arg_r1,sg_ott_r1,sg_putt_r1,sg_app_avg,sg_arg_avg,sg_ott_avg,sg_putt_avg,sg_app_delta,r2_teetime_y,wind_adj2,dew_adj2,updated_pred,sg_total_adj,player_wind_benefit,player_dew_benefit,residual,residual2,residual3,weather_signal,residual_w_adj,residual_adj,residual2_adj,residual3_adj,avg_ott_adj,avg_putt_adj,avg_app_adj,avg_arg_adj,delta_app_adj,tot_resid_adj,tot_sg_adj,total_adjustment,Score,updated_pred_r3
"rose, justin",0.64,SC,6093,297.8,0.72,5.0,1.0,1,20.85,50.84,-7.0,1.0,3.1,0.39,3.44,0.34,3.57,3.82,7.39,18.0,-21.0,Torrey Pines Golf Course (South Course),Farmers Insurance Open,2026-02-01 00:58:47 UTC,2026-01-30 09:32,Torrey Pines Golf Course (South Course),,,,,,,3.1,0.39,0.34,3.57,,2026-01-30 09:32,0.96,0.0016926421768707,0.9405071179908664,7.390669073843718,3.3306690738754696e-16,0.007653279999999894,6.457815235852851,41.703377620413214,269.3127073836293,0.0,6.457815235852851,1.0597274802034529,-3.373803249491429,2.0467765761155827,0.0374,-0.10709999999999999,-0.03968,-0.058499999999999996,,-0.2672991931723936,-0.16787999999999997,-0.43517919317239373,65.0,0.5053279248184727
"hisatsune, ryo",0.93,SC,22760,298.9,0.89,5.0,1.0,3,23.29,32.24,-6.0,1.0,2.66,0.55,4.54,1.88,1.3,5.09,6.39,18.0,-13.0,Torrey Pines Golf Course (South Course),Farmers Insurance Open,2026-02-01 00:58:47 UTC,2026-01-30 10:27,Torrey Pines Golf Course (South Course),,,,,,,2.66,0.55,1.88,1.3,,2026-01-30 10:27,0.96,-0.0083678911564625,-0.151526195737758,6.390669073843718,3.3306690738754696e-16,-0.0024072533333333052,6.539788016248142,42.768827297462806,279.6990642289337,0.0,6.539788016248142,1.07317921346632,-3.459998128364741,2.1257128881398963,0.20679999999999998,-0.039,-0.034048,-0.0825,,-0.26110602675852457,0.051251999999999985,-0.20985402675852471,66.0,-0.3613802224962827
"jaeger, stephan",0.21,SC,16394,311.3,0.61,3.0,5.0,6,38.64,58.02,3.0,0.5,0.75,-0.12,-0.54,-1.29,-1.95,-0.66,-2.61,18.0,-11.0,Torrey Pines Golf Course (South Course),Farmers Insurance Open,2026-02-01 00:58:47 UTC,2026-01-30 10:49,Torrey Pines Golf Course (South Course),,,,,,,0.75,-0.12,-1.29,-1.95,,2026-01-30 10:49,0.96,-0.0142785578231291,0.1064563676082239,-2.6093309261562814,3.3306690738754696e-16,-0.008317919999999906,-2.724105213764505,7.42074921565896,-20.214901628415433,0.0,-2.724105213764505,-0.007899905119917065,-0.15509365860727226,-0.07681662618797865,-0.0903,0.0195,-0.0225,0.0036,,-0.23981018991516795,-0.0897,-0.32951018991516795,75.0,-0.22305382230694404
"mcnealy, maverick",0.71,SC,18634,309.5,0.61,4.0,5.0,6,33.53,49.21,-2.0,0.6,-0.62,1.35,0.99,1.61,0.06,2.33,2.39,18.0,-11.0,Torrey Pines Golf Course (South Course),Farmers Insurance Open,2026-02-01 00:58:47 UTC,2026-01-30 10:38,Torrey Pines Golf Course (South Course),,,,,,,-0.62,1.35,1.61,0.06,,2026-01-30 10:38,0.96,-0.0111565133786847,1.37619332481298,2.3906690738437186,3.3306690738754696e-16,-0.005195875555555505,1.0092798734751833,1.018645863002082,1.0280987677267603,0.0,1.0092798734751833,0.0029269116330780313,-0.021289698536743513,0.003906775317361689,0.11270000000000002,-0.0006,0.0186,-0.0405,,-0.014456011586303791,0.09020000000000003,0.07574398841369623,70.0,1.4519373132266762
"li, haotong",0.64,SC,15310,297.2,0.78,3.0,0.0,9,30.35,45.06,-4.0,0.71,1.8,0.66,2.41,0.61,1.32,3.07,4.39,18.0,-10.0,Torrey Pines Golf Course (South Course),Farmers Insurance Open,2026-02-01 00:58:47 UTC,2026-01-30 11:11,Torrey Pines Golf Course (South Course),,,,,,,1.8,0.66,0.61,1.32,,2026-01-30 11:11,0.96,-0.0215229133786845,0.4935489082646775,4.390669073843718,3.3306690738754696e-16,-0.015562275555555307,3.8815578900234855,15.066491653603572,58.48145955301794,0.0,3.8815578900234855,0.011256517881068108,-0.31488967556031466,0.22222954630146818,0.0427,-0.013200000000000002,-0.054,-0.0198,,-0.08140361137777835,-0.0443,-0.12570361137777833,68.0,0.36784529688689915
"knapp, jake",0.64,SC,19396,305.7,0.56,5.0,3.0,9,32.58,37.98,-2.0,0.8,-0.68,-0.15,0.85,1.53,1.7,0.7,2.39,18.0,-10.0,Torrey Pines Golf Course (South Course),Farmers Insurance Open,2026-02-01 00:58:47 UTC,2026-01-30 10:38,Torrey Pines Golf Course (South Course),,,,,,,-0.68,-0.15,1.53,1.7,,2026-01-30 10:38,0.96,-0.0111565133786847,1.0133768913194876,2.3906690738437186,3.3306690738754696e-16,-0.005195875555555505,1.372096306968676,1.8826482755970793,2.5831747462676984,0.0,1.372096306968676,0.0039790792902091605,-0.039347348959978955,0.009816064035817253,0.10710000000000001,-0.017,0.0204,0.0045,,-0.025552205633952545,0.11500000000000002,0.08944779436604748,70.0,1.102824685685535
"matsuyama, hideki",0.43,SC,13562,291.9,0.78,4.0,3.0,9,29.06,68.31,1.0,0.57,1.31,-0.59,0.65,-0.66,-0.66,0.06,-0.61,18.0,-10.0,Torrey Pines Golf Course (South Course),Farmers Insurance Open,2026-02-01 00:58:47 UTC,2026-01-30 09:32,Torrey Pines Golf Course (South Course),,,,,,,1.31,-0.59,-0.66,-0.66,,2026-01-30 09:32,0.96,0.0016926421768707,1.7673942806610616,-0.6093309261562817,3.3306690738754696e-16,0.007653279999999894,-2.369071926817343,5.612501794434038,-13.296420440405639,0.0,-2.369071926817343,-0.006870308587770294,-0.11730128750367137,-0.050526397673541425,-0.046200000000000005,0.006600000000000001,-0.0393,0.017699999999999997,,-0.1746979937649831,-0.061200000000000004,-0.2358979937649831,73.0,1.5314962868960786
"ventura, kristoffer",0.86,SC,15651,296.7,0.56,4.0,6.0,9,29.61,61.83,-2.0,0.64,-0.41,-0.8,0.92,1.33,2.27,0.12,2.39,18.0,-10.0,Torrey Pines Golf Course (South Course),Farmers Insurance Open,2026-02-01 00:58:47 UTC,2026-01-30 10:05,Torrey Pines Golf Course (South Course),,,,,,,-0.41,-0.8,1.33,2.27,,2026-01-30 10:05,0.96,-0.0037909133786849,0.4467744633807899,2.3906690738437186,3.3306690738754696e-16,0.0021697244444442943,1.9460643349073732,3.7871663955984767,7.370069452833904,0.0,1.9460643349073732,0.0056435865712313816,-0.07915177766800816,0.028006263920768833,0.09310000000000002,-0.0227,0.012299999999999998,0.024,,-0.045501927176007935,0.10670000000000002,0.061198072823992075,70.0,0.507972536204782
"schenk, adam",0.93,SC,19477,297.0,0.83,2.0,2.0,14,31.0,157.84,-2.0,0.6,1.62,-0.38,3.23,1.61,-0.45,2.85,2.39,18.0,-9.0,Torrey Pines Golf Course (South Course),Farmers Insurance Open,2026-02-01 00:58:47 UTC,2026-01-30 10:38,Torrey Pines Golf Course (South Course),,,,,,,1.62,-0.38,1.61,-0.45,,2026-01-30 10:38,0.96,-0.0111565133786847,-0.7281280882587906,2.3906690738437186,3.3306690738754696e-16,-0.005195875555555505,3.113601286546954,9.694512971586846,30.184848060778936,0.0,3.113601286546954,0.009029443730986166,-0.20261532110616506,0.11470242263095996,0.11270000000000002,0.0045000000000000005,-0.048600000000000004,0.0114,,-0.07888345474421894,0.08000000000000002,0.0011165452557810943,70.0,-0.7270115430030095
"mitchell, keith",0.64,SC,17365,306.4,0.83,3.0,4.0,14,30.94,54.67,0.0,0.33,2.41,-1.46,3.63,1.21,-1.77,2.17,0.39,18.0,-9.0,Torrey Pines Golf Course (South Course),Farmers Insurance Open,2026-02-01 00:58:47 UTC,2026-01-30 09:21,Torrey Pines Golf Course (South Course),,,,,,,2.41,-1.46,1.21,-1.77,,2026-01-30 09:21,0.96,0.0035113088435374,0.6212871101680265,0.3906690738437183,3.3306690738754696e-16,0.009471946666666595,-0.2211460896576413,0.04890559297086552,-0.010815280647895139,0.0,-0.2211460896576413,-0.0006413236600071597,-0.0010221268930910893,-4.109806646200153e-05,0.08470000000000001,0.0177,-0.0723,0.0438,,-0.0017045486195602505,0.0739,0.07219545138043976,72.0,0.6934825615484663
"coody, pierceson",0.71,SC,28309,314.2,0.67,3.0,1.0,14,28.61,50.11,-2.0,0.6,0.94,0.21,2.81,1.87,-0.63,3.02,2.39,18.0,-9.0,Torrey Pines Golf Course (South Course),Farmers Insurance Open,2026-02-01 00:58:47 UTC,2026-01-30 10:05,Torrey Pines Golf Course (South Course),,,,,,,0.94,0.21,1.87,-0.63,,2026-01-30 10:05,0.96,-0.0037909133786849,0.8668063247898888,2.3906690738437186,3.3306690738754696e-16,0.0021697244444442943,1.5260324734982746,2.328775110171262,3.5537864415958684,0.0,1.5260324734982746,0.004425494173144996,-0.048671399802579375,0.0135043884780643,0.13090000000000002,0.0063,-0.028199999999999996,-0.006299999999999999,,-0.03074151715137008,0.10270000000000001,0.07195848284862993,70.0,0.9387648076385188
"gotterup, chris",0.64,SC,27774,316.7,0.89,2.0,1.0,20,22.46,34.53,-2.0,0.5,1.62,-0.18,3.6,1.98,-1.03,3.42,2.39,18.0,-8.0,Torrey Pines Golf Course (South Course),Farmers Insurance Open,2026-02-01 00:58:47 UTC,2026-01-30 09:43,Torrey Pines Golf Course (South Course),,,,,,,1.62,-0.18,1.98,-1.03,,2026-01-30 09:43,0.96,-0.0001260244897959,1.019487114077413,2.3906690738437186,3.3306690738754696e-16,0.005834613333333295,1.3770165730996393,1.8961746425910744,2.6110639083391947,0.0,1.3770165730996393,0.003993348061988954,-0.03963005003015345,0.009922042851688939,0.1386,0.0103,-0.048600000000000004,0.005399999999999999,,-0.025714659116475552,0.10569999999999999,0.07998534088352445,70.0,1.0994724549609376
"lower, justin",0.5,SC,17723,289.1,0.5,3.0,3.0,20,23.28,75.18,0.0,0.58,0.78,-0.88,0.41,-0.37,0.87,-0.47,0.39,18.0,-8.0,Torrey Pines Golf Course (South Course),Farmers Insurance Open,2026-02-01 00:58:47 UTC,2026-01-30 10:16,Torrey Pines Golf Course (South Course),,,,,,,0.78,-0.88,-0.37,0.87,,2026-01-30 10:16,0.96,-0.0059126911564626,-0.7830852462430163,0.3906690738437183,3.3306690738754696e-16,4.7946666666594424e-05,1.1738022667534016,1.3778117614354237,1.6172785687323974,0.0,1.1738022667534016,0.0034040265735848646,-0.028796265814000355,0.00614565856118311,-0.025900000000000003,-0.0087,-0.0234,0.0264,,-0.019246580679232378,-0.0316,-0.05084658067923239,72.0,-0.8339318269222488
"theegala, sahith",0.29,SC,23014,295.0,0.5,4.0,4.0,20,26.5,69.3,-3.0,0.83,-0.85,3.33,-1.38,-0.53,1.44,1.95,3.39,18.0,-8.0,Torrey Pines Golf Course (South Course),Farmers Insurance Open,2026-02-01 00:58:47 UTC,2026-01-30 10:27,Torrey Pines Golf Course (South Course),,,,,,,-0.85,3.33,-0.53,1.44,,2026-01-30 10:27,0.96,-0.0083678911564625,0.7145487985544839,3.3906690738437186,3.3306690738754696e-16,-0.0024072533333333052,2.6737130219559018,7.1487413237765605,19.11368276797566,0.0,2.6737130219559018,0.007753767763672114,-0.1494086936669301,0.07263199451830751,-0.03710000000000001,-0.0144,0.0255,-0.0999,,-0.06902293138495047,-0.1259,-0.19492293138495048,69.0,0.5196258671695335
"parry, john",0.43,SC,13764,298.7,0.83,5.0,2.0,27,28.03,45.76,-1.0,0.33,2.06,-0.04,1.53,-0.53,-0.09,1.48,1.39,18.0,-7.0,Torrey Pines Golf Course (South Course),Farmers Insurance Open,2026-02-01 00:58:47 UTC,2026-01-30 09:54,Torrey Pines Golf Course (South Course),,,,,,,2.06,-0.04,-0.53,-0.09,,2026-01-30 09:54,0.96,-0.0019446911564625,0.5114367529080548,1.3906690738437182,3.3306690738754696e-16,0.004015946666666694,0.8832482676023304,0.7801275022225179,0.6890462648469722,0.0,0.8832482676023304,0.0025614199760467583,-0.016304664796450624,0.002618375806418494,-0.03710000000000001,0.0009,-0.0618,0.0012,,-0.011124869013985373,-0.09680000000000001,-0.10792486901398538,71.0,0.40351188389406945
"day, jason",0.86,SC,9771,294.8,0.78,3.0,2.0,27,34.23,65.74,2.0,0.33,-0.76,-1.94,0.68,1.44,-0.35,-1.26,-1.61,18.0,-7.0,Torrey Pines Golf Course (South Course),Farmers Insurance Open,2026-02-01 00:58:47 UTC,2026-01-30 09:32,Torrey Pines Golf Course (South Course),,,,,,,-0.76,-1.94,1.44,-0.35,,2026-01-30 09:32,0.96,0.0016926421768707,1.2330766689231087,-1.6093309261562818,3.3306690738754696e-16,0.007653279999999894,-2.8347543150793904,8.035832026861224,-22.779609513398018,0.0,-2.8347543150793904,-0.008220787513730232,-0.16794888936139957,-0.08656251615091247,0.1008,0.0034999999999999996,0.0228,0.058199999999999995,,-0.2627321930260423,0.18529999999999996,-0.07743219302604229,74.0,1.1556444758970665
"vilips, karl",0.43,SC,24304,301.2,0.5,3.0,4.0,35,31.68,77.26,0.0,0.7,0.12,-1.04,-1.19,-1.31,2.62,-2.23,0.39,18.0,-5.0,Torrey Pines Golf Course (South Course),Farmers Insurance Open,2026-02-01 00:58:47 UTC,2026-01-30 10:49,Torrey Pines Golf Course (South Course),,,,,,,0.12,-1.04,-1.31,2.62,,2026-01-30 10:49,0.96,-0.0142785578231291,-0.0285608168924313,0.3906690738437183,3.3306690738754696e-16,-0.008317919999999906,0.41091197073615,0.16884864769426658,0.06938193058018496,0.0,0.41091197073615,0.024777991835389843,-0.00016884864769426658,0.00010407289587027745,-0.21746000000000001,0.0,0.0018,0.0624,,0.024713216083565855,-0.15326000000000004,-0.12854678391643415,72.0,-0.15710760080886543
"stevens, samuel",0.71,SC,25569,306.5,0.72,2.0,2.0,35,29.82,100.43,0.0,0.5,-0.85,-0.16,0.84,1.69,-0.28,0.67,0.39,18.0,-5.0,Torrey Pines Golf Course (South Course),Farmers Insurance Open,2026-02-01 00:58:47 UTC,2026-01-30 09:10,Torrey Pines Golf Course (South Course),,,,,,,-0.85,-0.16,1.69,-0.28,,2026-01-30 09:10,0.96,0.005329975510204,1.011683828350476,0.3906690738437183,3.3306690738754696e-16,0.011290613333333196,-0.6097241411734243,0.37176352832966986,-0.22667319803040997,0.0,-0.6097241411734243,-0.03676636571275749,-0.0003717635283296699,-0.00034000979704561495,0.28054,-0.0,-0.01275,0.0096,,-0.03747813903813277,0.27739,0.23991186096186723,72.0,1.2515956893123432
"vanderlaan, john",0.36,SC,25319,298.7,0.67,7.0,3.0,35,27.52,39.98,-2.0,0.71,1.92,0.6,1.16,-0.77,0.64,1.75,2.39,18.0,-5.0,Torrey Pines Golf Course (South Course),Farmers Insurance Open,2026-02-01 00:58:47 UTC,2026-01-30 11:00,Torrey Pines Golf Course (South Course),,,,,,,1.92,0.6,-0.77,0.64,,2026-01-30 11:00,0.96,-0.0177340244897957,-0.5649841104313678,2.3906690738437186,3.3306690738754696e-16,-0.011773386666666507,2.9438797976084206,8.666428262766996,25.512923080182397,0.0,2.9438797976084206,0.17751595179578775,-0.008666428262766996,0.03826938462027359,-0.12782000000000002,0.0,0.0288,-0.036,,0.20711890815329434,-0.13502000000000003,0.07209890815329432,70.0,-0.4928852022780734
"pavon, matthieu",0.5,SC,19960,300.1,0.61,5.0,6.0,35,38.81,65.63,2.0,0.29,-1.09,-0.13,-1.87,-0.78,0.4,-2.0,-1.61,18.0,-5.0,Torrey Pines Golf Course (South Course),Farmers Insurance Open,2026-02-01 00:58:47 UTC,2026-01-30 09:54,Torrey Pines Golf Course (South Course),,,,,,,-1.09,-0.13,-0.78,0.4,,2026-01-30 09:54,0.96,-0.0019446911564625,-0.0388913959206448,-1.6093309261562818,3.3306690738754696e-16,0.004015946666666694,-1.56642358356897,2.4536828431610536,-3.8435066721260367,0.0,-1.56642358356897,-0.09445534208920889,-0.0024536828431610536,-0.005765260008189055,-0.12948,0.0,-0.01635,0.0078,,-0.102674284940559,-0.13803,-0.240704284940559,74.0,-0.2795956808612038
"meissner, mac",0.71,SC,28159,301.4,0.61,2.0,1.0,35,24.55,45.86,-4.0,0.89,-0.35,3.26,0.92,1.26,0.22,4.17,4.39,18.0,-5.0,Torrey Pines Golf Course (South Course),Farmers Insurance Open,2026-02-01 00:58:47 UTC,2026-01-30 10:16,Torrey Pines Golf Course (South Course),,,,,,,-0.35,3.26,1.26,0.22,,2026-01-30 10:16,0.96,-0.0059126911564626,0.5986798978243114,4.390669073843718,3.3306690738754696e-16,4.7946666666594424e-05,3.7920371226860734,14.379545539829275,54.52777049438756,0.0,3.7920371226860734,0.22865983849797022,-0.014379545539829276,0.08179165574158134,0.20916,0.0,-0.0052499999999999995,-0.19559999999999997,,0.2960719486997223,0.008310000000000045,0.30438194869972235,68.0,0.9030618465240338
"salinda, isaiah",0.57,SC,27183,314.8,0.61,5.0,4.0,35,24.99,46.23,-2.0,0.5,0.6,-2.18,0.88,0.28,3.7,-1.3,2.39,18.0,-5.0,Torrey Pines Golf Course (South Course),Farmers Insurance Open,2026-02-01 00:58:47 UTC,2026-01-30 10:05,Torrey Pines Golf Course (South Course),,,,,,,0.6,-2.18,0.28,3.7,,2026-01-30 10:05,0.96,-0.0037909133786849,-0.4657298448407345,2.3906690738437186,3.3306690738754696e-16,0.0021697244444442943,2.8585686431288977,8.171414687479787,23.35854979563264,0.0,2.8585686431288977,0.17237168918067253,-0.008171414687479787,0.03503782469344896,0.04648000000000001,0.0,0.009,0.1308,,0.1992380991866417,0.18628,0.3855180991866417,70.0,-0.08021174565409278
"moore, taylor",0.5,SC,21944,304.7,0.61,3.0,2.0,45,24.18,68.96,-1.0,0.57,1.16,0.29,1.52,0.36,-0.42,1.82,1.39,18.0,-4.0,Torrey Pines Golf Course (South Course),Farmers Insurance Open,2026-02-01 00:58:47 UTC,2026-01-30 10:27,Torrey Pines Golf Course (South Course),,,,,,,1.16,0.29,0.36,-0.42,,2026-01-30 10:27,0.96,-0.0083678911564625,-0.1258331320199184,1.3906690738437182,3.3306690738754696e-16,-0.0024072533333333052,1.5140949525303036,2.292483525277742,3.4710377343819063,0.0,1.5140949525303036,0.0912999256375773,-0.002292483525277742,0.0052065566015728594,0.05976,-0.0,0.0174,-0.0174,,0.09421399871387243,0.05976,0.1539739987138724,71.0,0.02814086669395402
"clark, wyndham",0.21,SC,23604,303.9,0.78,5.0,4.0,45,19.92,48.22,-3.0,0.8,2.94,0.53,2.0,-0.95,0.86,2.53,3.39,18.0,-4.0,Torrey Pines Golf Course (South Course),Farmers Insurance Open,2026-02-01 00:58:47 UTC,2026-01-30 10:38,Torrey Pines Golf Course (South Course),,,,,,,2.94,0.53,-0.95,0.86,,2026-01-30 10:38,0.96,-0.0111565133786847,0.986019719232912,3.3906690738437186,3.3306690738754696e-16,-0.005195875555555505,2.3994534790552513,5.757376998150349,13.814558268444534,0.0,2.3994534790552513,0.14468704478703165,-0.005757376998150349,0.020721837402666803,-0.1577,0.0,0.0441,-0.0318,,0.1596515051915481,-0.1454,0.014251505191548101,69.0,1.00027122442446
"scott, adam",0.71,SC,6430,316.8,0.56,2.0,2.0,45,23.81,53.09,-1.0,0.64,0.87,-0.66,2.98,2.12,-0.93,2.32,1.39,18.0,-4.0,Torrey Pines Golf Course (South Course),Farmers Insurance Open,2026-02-01 00:58:47 UTC,2026-01-30 09:43,Torrey Pines Golf Course (South Course),,,,,,,0.87,-0.66,2.12,-0.93,,2026-01-30 09:43,0.96,-0.0001260244897959,0.9816474383572728,1.3906690738437182,3.3306690738754696e-16,0.005834613333333295,0.41485624881977906,0.17210570718481843,0.07139912808316907,0.0,0.41485624881977906,0.025015831803832676,-0.00017210570718481844,0.00010709869212475361,0.35192,-0.0,0.013049999999999999,0.0396,,0.02495082478877261,0.40457000000000004,0.4295208247887726,71.0,1.4111682631460454
"kim, s.h.",0.79,SC,21688,296.0,0.56,2.0,2.0,45,32.06,61.56,0.0,0.8,-2.05,0.47,-0.92,1.13,0.85,-0.45,0.39,18.0,-4.0,Torrey Pines Golf Course (South Course),Farmers Insurance Open,2026-02-01 00:58:47 UTC,2026-01-30 09:21,Torrey Pines Golf Course (South Course),,,,,,,-2.05,0.47,1.13,0.85,,2026-01-30 09:21,0.96,0.0035113088435374,0.2686861588706211,0.3906690738437183,3.3306690738754696e-16,0.009471946666666595,0.13145486163976414,0.017280380648729533,0.0022715900472611984,0.0,0.13145486163976414,0.007926728156877777,-1.7280380648729534e-05,3.407385070891798e-06,0.18758,0.0,-0.030749999999999996,-0.028199999999999996,,0.00791285516129994,0.12863,0.13654285516129994,72.0,0.405229014031921
"bradley, keegan",0.71,SC,13872,301.4,0.67,6.0,4.0,45,33.2,38.86,-3.0,1.0,1.45,1.32,2.92,1.47,-0.85,4.24,3.39,18.0,-4.0,Torrey Pines Golf Course (South Course),Farmers Insurance Open,2026-02-01 00:58:47 UTC,2026-01-30 09:43,Torrey Pines Golf Course (South Course),,,,,,,1.45,1.32,1.47,-0.85,,2026-01-30 09:43,0.96,-0.0001260244897959,1.0319479276823422,3.3906690738437186,3.3306690738754696e-16,0.005834613333333295,2.36455575949471,5.591123939759605,13.220524313807328,0.0,2.36455575949471,0.142582712297531,-0.005591123939759605,0.01983078647071099,0.24402000000000001,-0.0,0.02175,-0.0792,,0.15682237482848238,0.18657,0.3433923748284824,69.0,1.3753403025108246
"thompson, davis",0.5,SC,27364,305.0,0.61,2.0,5.0,45,24.53,37.85,1.0,0.75,0.95,-1.23,0.66,-0.3,-0.04,-0.57,-0.61,18.0,-4.0,Torrey Pines Golf Course (South Course),Farmers Insurance Open,2026-02-01 00:58:47 UTC,2026-01-30 09:32,Torrey Pines Golf Course (South Course),,,,,,,0.95,-1.23,-0.3,-0.04,,2026-01-30 09:32,0.96,0.0016926421768707,0.6789552649718488,-0.6093309261562817,3.3306690738754696e-16,0.007653279999999894,-1.28063291112813,1.640020653064509,-2.1002644232442593,0.0,-1.28063291112813,-0.07722216454102625,-0.001640020653064509,-0.0031503966348663892,-0.049800000000000004,-0.0,0.014249999999999999,0.07379999999999999,,-0.08201258182895715,0.038249999999999985,-0.043762581828957176,73.0,0.6351926831428916
"ghim, doug",0.86,SC,24550,300.6,0.67,2.0,1.0,45,29.65,52.32,-3.0,0.88,-0.75,0.49,0.83,1.58,2.07,1.32,3.39,18.0,-4.0,Torrey Pines Golf Course (South Course),Farmers Insurance Open,2026-02-01 00:58:47 UTC,2026-01-30 10:16,Torrey Pines Golf Course (South Course),,,,,,,-0.75,0.49,1.58,2.07,,2026-01-30 10:16,0.96,-0.0059126911564626,0.2017249409654504,3.3906690738437186,3.3306690738754696e-16,4.7946666666594424e-05,3.1889920795449354,10.169670483400331,32.43099862314557,0.0,3.1889920795449354,0.1922962223965596,-0.010169670483400332,0.048646497934718355,0.26228,0.0,-0.01125,-0.0294,,0.2307730498478776,0.22163,0.45240304984787766,69.0,0.6541279908133281
"eckroat, austin",0.79,SC,26653,291.6,0.67,1.0,3.0,45,30.97,53.06,-2.0,0.71,-0.2,0.85,0.91,1.11,0.63,1.76,2.39,18.0,-4.0,Torrey Pines Golf Course (South Course),Farmers Insurance Open,2026-02-01 00:58:47 UTC,2026-01-30 10:16,Torrey Pines Golf Course (South Course),,,,,,,-0.2,0.85,1.11,0.63,,2026-01-30 10:16,0.96,-0.0059126911564626,0.2741057261280988,2.3906690738437186,3.3306690738754696e-16,4.7946666666594424e-05,2.1166112943822872,4.480043371506661,9.482510399453501,0.0,2.1166112943822872,0.12763166105125193,-0.004480043371506661,0.014223765599180252,0.18426000000000003,0.0,-0.003,-0.051,,0.1373753832789255,0.13026000000000004,0.26763538327892555,70.0,0.5417411094070244
"dou, zecheng",0.57,SC,16757,305.8,0.67,4.0,0.0,45,30.7,42.46,-3.0,0.7,0.81,1.14,1.79,0.98,0.46,2.93,3.39,18.0,-4.0,Torrey Pines Golf Course (South Course),Farmers Insurance Open,2026-02-01 00:58:47 UTC,2026-01-30 09:54,Torrey Pines Golf Course (South Course),,,,,,,0.81,1.14,0.98,0.46,,2026-01-30 09:54,0.96,-0.0019446911564625,-0.0855708843512721,3.3906690738437186,3.3306690738754696e-16,0.004015946666666694,3.4802559048616577,12.112181163324436,42.15349001441401,0.0,3.4802559048616577,0.20985943106315796,-0.012112181163324437,0.06323023502162102,0.16268000000000002,0.0,0.012150000000000001,-0.06839999999999999,,0.26097748492145456,0.10643000000000002,0.36740748492145464,69.0,0.28183660057018256
"walker, danny",0.43,SC,25003,300.8,0.67,4.0,3.0,45,29.16,63.77,-4.0,0.75,0.51,1.98,0.45,-0.07,1.97,2.42,4.39,18.0,-4.0,Torrey Pines Golf Course (South Course),Farmers Insurance Open,2026-02-01 00:58:47 UTC,2026-01-30 09:10,Torrey Pines Golf Course (South Course),,,,,,,0.51,1.98,-0.07,1.97,,2026-01-30 09:10,0.96,0.005329975510204,-0.5616526867893805,4.390669073843718,3.3306690738754696e-16,0.011290613333333196,4.9636123739664315,24.637447798992675,122.29074075803206,0.0,4.9636123739664315,0.2993058261501758,-0.024637447798992674,0.18343611113704808,-0.011620000000000002,0.0,0.00765,-0.11879999999999999,,0.45810448948823124,-0.12276999999999998,0.33533448948823125,68.0,-0.22631819730114927
"rodgers, patrick",0.5,SC,16283,304.2,0.72,5.0,5.0,58,36.85,48.22,-2.0,0.62,1.16,0.1,1.82,0.65,0.48,1.91,2.39,18.0,-3.0,Torrey Pines Golf Course (South Course),Farmers Insurance Open,2026-02-01 00:58:47 UTC,2026-01-30 09:21,Torrey Pines Golf Course (South Course),,,,,,,1.16,0.1,0.65,0.48,,2026-01-30 09:21,0.96,0.0035113088435374,0.8144435559263664,2.3906690738437186,3.3306690738754696e-16,0.009471946666666595,1.5856974645840192,2.5144364491881865,3.9871355023353514,0.0,1.5856974645840192,0.09561755711441636,-0.0025144364491881867,0.005980703253503027,0.10790000000000001,0.0,0.0174,-0.006,,0.0990838239187312,0.1193,0.2183838239187312,70.0,1.0328273798450975
"bauchou, zach",0.43,SC,19846,298.1,0.61,4.0,3.0,58,30.83,66.56,-3.0,0.75,0.67,-0.51,0.52,-0.16,3.39,0.0,3.39,18.0,-3.0,Torrey Pines Golf Course (South Course),Farmers Insurance Open,2026-02-01 00:58:47 UTC,2026-01-30 11:00,Torrey Pines Golf Course (South Course),,,,,,,0.67,-0.51,-0.16,3.39,,2026-01-30 11:00,0.96,-0.0177340244897957,-0.3217537239347618,3.3906690738437186,3.3306690738754696e-16,-0.011773386666666507,3.7006494111118142,13.694806063962217,50.67967599589228,0.0,3.7006494111118142,0.2231491594900424,-0.013694806063962218,0.07601951399383843,-0.02656,0.0,0.01005,0.0306,,0.2854738674199186,0.014089999999999998,0.29956386741991864,69.0,-0.022189856514843176
"castillo, ricky",0.36,SC,27819,303.3,0.56,2.0,2.0,61,23.25,58.2,-1.0,0.73,-0.26,1.21,-0.54,-0.29,0.73,0.66,1.39,18.0,-2.0,Torrey Pines Golf Course (South Course),Farmers Insurance Open,2026-02-01 00:58:47 UTC,2026-01-30 11:11,Torrey Pines Golf Course (South Course),,,,,,,-0.26,1.21,-0.29,0.73,,2026-01-30 11:11,0.96,-0.0215229133786845,0.4969371749130368,1.3906690738437182,3.3306690738754696e-16,-0.015562275555555307,0.8781696233751264,0.7711818874188113,0.6772285076282967,0.0,0.8781696233751264,0.05295362828952012,-0.0007711818874188113,0.001015842761442445,-0.04814,0.0,-0.0039,-0.0726,,0.05319828916354375,-0.12464,-0.07144171083645626,71.0,0.42549546407658057
"reitan, kristoffer",0.36,SC,21407,303.9,0.44,4.0,7.0,61,31.36,80.12,1.0,0.67,-1.83,0.39,-2.35,-0.51,1.35,-1.95,-0.61,18.0,-2.0,Torrey Pines Golf Course (South Course),Farmers Insurance Open,2026-02-01 00:58:47 UTC,2026-01-30 09:54,Torrey Pines Golf Course (South Course),,,,,,,-1.83,0.39,-0.51,1.35,,2026-01-30 09:54,0.96,-0.0019446911564625,0.4841529838996343,-0.6093309261562817,3.3306690738754696e-16,0.004015946666666694,-1.0894679633892488,1.1869404432515176,-1.293133587373563,0.0,-1.0894679633892488,-0.0656949181923717,-0.0011869404432515176,-0.0019397003810603445,-0.08466,0.0,-0.02745,-0.0234,,-0.06882155901668356,-0.13551,-0.20433155901668357,73.0,0.2798214248829507
"hubbard, mark",0.5,SC,16333,291.3,0.61,1.0,3.0,61,28.87,71.17,3.0,0.5,-0.27,-1.12,-0.81,-0.54,-0.68,-1.93,-2.61,18.0,-2.0,Torrey Pines Golf Course (South Course),Farmers Insurance Open,2026-02-01 00:58:47 UTC,2026-01-30 10:27,Torrey Pines Golf Course (South Course),,,,,,,-0.27,-1.12,-0.54,-0.68,,2026-01-30 10:27,0.96,-0.0083678911564625,-0.140012940070657,-2.6093309261562814,3.3306690738754696e-16,-0.0024072533333333052,-2.4717252394189573,6.109425659180702,-15.100821600150741,0.0,-2.4717252394189573,-0.1490450319369631,-0.006109425659180702,-0.022651232400226113,-0.08964000000000001,-0.0,-0.00405,0.06720000000000001,,-0.17780568999636995,-0.02649,-0.20429568999636996,75.0,-0.34430863006702694
"hirata, kensei",0.64,SC,20954,288.4,0.67,2.0,1.0,68,26.24,54.31,-2.0,0.62,-0.3,1.21,-0.43,-0.13,1.61,0.78,2.39,18.0,0.0,Torrey Pines Golf Course (South Course),Farmers Insurance Open,2026-02-01 00:58:47 UTC,2026-01-30 09:43,Torrey Pines Golf Course (South Course),,,,,,,-0.3,1.21,-0.13,1.61,,2026-01-30 09:43,0.96,-0.0001260244897959,-0.7408981656590177,2.3906690738437186,3.3306690738754696e-16,0.005834613333333295,3.13740185283607,9.843290386179204,30.882357495602108,0.0,3.13740185283607,0.189185331726015,-0.009843290386179204,0.046323536243403164,-0.021580000000000002,0.0,-0.0045,-0.0726,,0.22566557758323896,-0.09868,0.12698557758323897,70.0,-0.6139125880757788
"nakajima, keita",0.57,SC,21074,295.4,0.67,2.0,1.0,68,34.74,54.23,-1.0,0.67,0.7,-0.83,1.12,0.42,1.1,0.29,1.39,18.0,0.0,Torrey Pines Golf Course (South Course),Farmers Insurance Open,2026-02-01 00:58:47 UTC,2026-01-30 11:00,Torrey Pines Golf Course (South Course),,,,,,,0.7,-0.83,0.42,1.1,,2026-01-30 11:00,0.96,-0.0177340244897957,0.1395614973259814,1.3906690738437182,3.3306690738754696e-16,-0.011773386666666507,1.2393341898510708,1.53594923413381,1.903554399737598,0.0,1.2393341898510708,0.07473185164801957,-0.00153594923413381,0.002855331599606397,0.06972,0.0,0.010499999999999999,0.0498,,0.07605123401349216,0.13002,0.20607123401349217,71.0,0.3456327313394736
"rozo, marcelo",0.79,SC,16591,280.9,0.61,0.0,2.0,68,31.5,43.21,3.0,0.62,-0.17,-0.15,0.11,0.28,-2.57,-0.03,-2.61,18.0,0.0,Torrey Pines Golf Course (South Course),Farmers Insurance Open,2026-02-01 00:58:47 UTC,2026-01-30 09:54,Torrey Pines Golf Course (South Course),,,,,,,-0.17,-0.15,0.28,-2.57,,2026-01-30 09:54,0.96,-0.0019446911564625,-1.0706587120014728,-2.6093309261562814,3.3306690738754696e-16,0.004015946666666694,-1.5346562674881414,2.355169859340634,-3.614376185636268,0.0,-1.5346562674881414,-0.09253977292953493,-0.002355169859340634,-0.005421564278454402,0.04648000000000001,-0.0,-0.00255,0.009,,-0.10031650706732996,0.052930000000000005,-0.047386507067329955,75.0,-1.1180452190688028
"suber, jackson",0.43,SC,29279,300.3,0.61,3.0,3.0,74,26.88,26.56,-2.0,0.88,2.86,-0.34,3.48,0.62,-0.74,3.14,2.39,18.0,4.0,Torrey Pines Golf Course (South Course),Farmers Insurance Open,2026-02-01 00:58:47 UTC,2026-01-30 11:00,Torrey Pines Golf Course (South Course),,,,,,,2.86,-0.34,0.62,-0.74,,2026-01-30 11:00,0.96,-0.0177340244897957,-0.1087385872010951,2.3906690738437186,3.3306690738754696e-16,-0.011773386666666507,2.4876342743781477,6.1883242830608935,15.394287587508856,0.0,2.4876342743781477,0.1500043467450023,-0.0061883242830608936,0.023091431381263284,0.10292000000000001,-0.0,0.042899999999999994,0.0204,,0.16690745384320468,0.16622,0.33312745384320475,70.0,0.22438886664210966
"valimaki, sami",0.64,SC,23816,291.6,0.56,1.0,3.0,999,37.51,70.58,2.0,0.73,-2.28,1.85,-2.05,0.23,-1.41,-0.2,-1.61,18.0,-2.0,Torrey Pines Golf Course (South Course),Farmers Insurance Open,2026-02-01 00:58:47 UTC,2026-01-30 09:32,n/a,,,,,,,-2.28,1.85,0.23,-1.41,,2026-01-30 09:32,0.96,0.0016926421768707,0.3509825156298526,-1.6093309261562818,3.3306690738754696e-16,0.007653279999999894,-1.952660161786134,3.8128817074266514,-7.445262211695116,0.0,-1.952660161786134,-0.11774540775570388,-0.0038128817074266517,-0.011167893317542674,0.038180000000000006,-0.0,-0.034199999999999994,-0.111,,-0.13272618278067322,-0.10701999999999999,-0.2397461827806732,74.0,0.11123633284917941
"greyserman, max",0.5,SC,23465,307.7,0.44,2.0,5.0,999,30.62,68.17,6.0,0.46,-1.45,-1.66,-1.55,-0.09,-2.4,-3.21,-5.61,18.0,-2.0,Torrey Pines Golf Course (South Course),Farmers Insurance Open,2026-02-01 00:58:47 UTC,2026-01-30 10:16,n/a,,,,,,,-1.45,-1.66,-0.09,-2.4,,2026-01-30 10:16,0.96,-0.0059126911564626,0.7691109436075125,-5.609330926156282,3.3306690738754696e-16,4.7946666666594424e-05,-6.3783939230971285,40.68390903820238,-259.4979981771064,0.0,-6.3783939230971285,-0.38461715356275683,-0.04068390903820238,-0.38924699726565964,-0.01494,-0.0,-0.02175,0.0996,,-0.5,0.06291,-0.7516380598666189,78.0,0.01747288374089362
"lamprecht, christo",0.29,SC,24343,313.7,0.61,4.0,3.0,999,34.84,72.4,0.0,0.67,0.05,1.85,0.04,-0.01,-1.5,1.89,0.39,18.0,-2.0,Torrey Pines Golf Course (South Course),Farmers Insurance Open,2026-02-01 00:58:47 UTC,2026-01-30 11:00,n/a,,,,,,,0.05,1.85,-0.01,-1.5,,2026-01-30 11:00,0.96,-0.0177340244897957,-0.5011421394657224,0.3906690738437183,3.3306690738754696e-16,-0.011773386666666507,0.8800378266427745,0.7744665763221381,0.6815598826340048,0.0,0.8800378266427745,0.053066280946559304,-0.0007744665763221381,0.0010223398239510072,-0.00166,-0.0,0.00075,-0.111,,0.053314154194188175,-0.11191,-0.05859584580581183,72.0,-0.5597379852715342
"sargent, gordon",0.29,SC,30814,318.4,0.39,0.0,3.0,999,35.91,103.02,3.0,0.64,-4.16,-0.15,-3.5,0.66,1.05,-3.65,-2.61,18.0,-1.0,Torrey Pines Golf Course (South Course),Farmers Insurance Open,2026-02-01 00:58:47 UTC,2026-01-30 09:43,n/a,,,,,,,-4.16,-0.15,0.66,1.05,,2026-01-30 09:43,0.96,-0.0001260244897959,-1.0143491883103353,-2.6093309261562814,3.3306690738754696e-16,0.005834613333333295,-1.5891471245126125,2.5253885833467047,-4.013214005502396,0.0,-1.5891471245126125,-0.09582557160811053,-0.0025253885833467046,-0.006019821008253595,0.10956,0.0,-0.0624,0.009,,-0.10437078119971084,0.05616,-0.04821078119971083,75.0,-1.062559969510046
"smotherman, austin",0.64,SC,22985,297.5,0.56,4.0,7.0,999,28.01,47.13,1.0,0.33,1.06,-0.71,1.23,0.17,-1.12,0.52,-0.61,18.0,-1.0,Torrey Pines Golf Course (South Course),Farmers Insurance Open,2026-02-01 00:58:47 UTC,2026-01-30 10:05,n/a,,,,,,,1.06,-0.71,0.17,-1.12,,2026-01-30 10:05,0.96,-0.0037909133786849,0.2989695646827939,-0.6093309261562817,3.3306690738754696e-16,0.0021697244444442943,-0.906130766394631,0.8210729658069212,-0.7439994757725382,0.0,-0.906130766394631,-0.054639685213596245,-0.0008210729658069213,-0.0011159992136588073,0.028220000000000002,-0.0,0.0159,0.0426,,-0.05657675739306197,0.08671999999999999,0.030143242606938025,73.0,0.3291128072897319
"hossler, beau",0.43,SC,15470,290.0,0.67,3.0,4.0,999,33.79,71.14,1.0,0.44,-0.24,-0.95,-0.43,-0.19,0.77,-1.38,-0.61,18.0,-1.0,Torrey Pines Golf Course (South Course),Farmers Insurance Open,2026-02-01 00:58:47 UTC,2026-01-30 10:27,n/a,,,,,,,-0.24,-0.95,-0.19,0.77,,2026-01-30 10:27,0.96,-0.0083678911564625,0.0818566828077474,-0.6093309261562817,3.3306690738754696e-16,-0.0024072533333333052,-0.6935948622973621,0.4810738330052967,-0.33367033895817294,0.0,-0.6935948622973621,-0.041823770196530934,-0.00048107383300529673,-0.0005005055084372595,-0.03154,0.0,-0.0036,0.056999999999999995,,-0.04280534953797349,0.021859999999999997,-0.020945349537973494,73.0,0.0609113332697739
"zalatoris, will",0.36,SC,19428,297.0,0.44,1.0,4.0,999,31.31,44.89,3.0,0.64,-0.46,0.16,-0.56,-0.09,-2.2,-0.4,-2.61,18.0,-1.0,Torrey Pines Golf Course (South Course),Farmers Insurance Open,2026-02-01 00:58:47 UTC,2026-01-30 10:38,n/a,,,,,,,-0.46,0.16,-0.09,-2.2,,2026-01-30 10:38,0.96,-0.0111565133786847,1.0554461485272957,-2.6093309261562814,3.3306690738754696e-16,-0.005195875555555505,-3.6699729502391323,13.46870145548692,-49.42977001648343,0.0,-3.6699729502391323,-0.22129936889941967,-0.01346870145548692,-0.07414465502472514,-0.01494,-0.0,-0.0069,-0.0096,,-0.30891272537963177,-0.031439999999999996,-0.34035272537963174,75.0,0.715093423147664
"kuchar, matt",0.64,SC,6169,281.6,0.44,2.0,2.0,999,33.97,131.02,1.0,0.67,-1.7,0.92,-2.01,-0.31,0.48,-1.09,-0.61,18.0,0.0,Torrey Pines Golf Course (South Course),Farmers Insurance Open,2026-02-01 00:58:47 UTC,2026-01-30 10:49,n/a,,,,,,,-1.7,0.92,-0.31,0.48,,2026-01-30 10:49,0.96,-0.0142785578231291,-0.17994470495508,-0.6093309261562817,3.3306690738754696e-16,-0.008317919999999906,-0.4377041412012013,0.19158491522468118,-0.08385751078552404,0.0,-0.4377041412012013,-0.02639355971443244,-0.00019158491522468119,-0.00012578626617828608,-0.051460000000000006,0.0,-0.0255,-0.0552,,-0.02671093089583541,-0.13216,-0.1588709308958354,73.0,-0.3388156358509154
"roy, kevin",0.36,SC,18424,297.6,0.72,4.0,5.0,999,28.85,60.6,2.0,0.0,0.35,-0.53,0.4,0.05,-1.48,-0.13,-1.61,18.0,1.0,Torrey Pines Golf Course (South Course),Farmers Insurance Open,2026-02-01 00:58:47 UTC,2026-01-30 09:10,n/a,,,,,,,0.35,-0.53,0.05,-1.48,,2026-01-30 09:10,0.96,0.005329975510204,-0.0438331570427807,-1.6093309261562818,3.3306690738754696e-16,0.011290613333333196,-1.5542071557801673,2.415559883078277,-3.754280455495763,0.0,-1.5542071557801673,-0.09371869149354409,-0.002415559883078277,-0.005631420683243645,0.0083,-0.0,0.0052499999999999995,0.0318,,-0.101765672059866,0.04535,-0.056415672059866,74.0,-0.10024882910264671
"whaley, vince",0.5,SC,25908,297.2,0.5,3.0,2.0,999,37.47,54.98,-1.0,0.62,0.13,-0.95,0.36,0.22,1.99,-0.6,1.39,18.0,1.0,Torrey Pines Golf Course (South Course),Farmers Insurance Open,2026-02-01 00:58:47 UTC,2026-01-30 09:21,n/a,,,,,,,0.13,-0.95,0.22,1.99,,2026-01-30 09:21,0.96,0.0035113088435374,-0.1972514767976345,1.3906690738437182,3.3306690738754696e-16,0.009471946666666595,1.5973924973080196,2.5516627904559512,4.076006997134382,0.0,1.5973924973080196,0.09632276758767358,-0.0025516627904559512,0.006114010495701573,0.036520000000000004,0.0,0.00195,0.056999999999999995,,0.09988511529291921,0.09546999999999999,0.1953551152929192,71.0,-0.0018963615047152826
"snedeker, brandt",0.5,SC,8820,279.1,0.44,2.0,2.0,999,30.78,118.73,4.0,0.56,-1.53,0.45,-2.96,-1.43,-1.09,-2.51,-3.61,18.0,1.0,Torrey Pines Golf Course (South Course),Farmers Insurance Open,2026-02-01 00:58:47 UTC,2026-01-30 09:54,n/a,,,,,,,-1.53,0.45,-1.43,-1.09,,2026-01-30 09:54,0.96,-0.0019446911564625,-0.1628171948982902,-3.6093309261562814,3.3306690738754696e-16,0.004015946666666694,-3.442497784591324,11.850790996916173,-40.79632175253873,0.0,-3.442497784591324,-0.20758261641085682,-0.011850790996916173,-0.0611944826288081,-0.23738,-0.0,-0.022949999999999998,-0.027,,-0.28062789003658106,-0.28733,-0.5679578900365811,76.0,-0.7307750849348713
"ford, david",0.43,SC,31343,290.7,0.5,4.0,6.0,999,21.73,88.01,1.0,0.67,1.85,-1.22,1.1,-0.75,-0.48,-0.12,-0.61,18.0,1.0,Torrey Pines Golf Course (South Course),Farmers Insurance Open,2026-02-01 00:58:47 UTC,2026-01-30 10:05,n/a,,,,,,,1.85,-1.22,-0.75,-0.48,,2026-01-30 10:05,0.96,-0.0037909133786849,-0.0994417102752061,-0.6093309261562817,3.3306690738754696e-16,0.0021697244444442943,-0.507719491436631,0.2577790819846712,-0.13087946440825887,0.0,-0.507719491436631,-0.030615485333628848,-0.0002577790819846712,-0.00019631919661238832,-0.1245,-0.0,0.02775,0.0732,,-0.03106958361222591,-0.023549999999999998,-0.05461958361222592,73.0,-0.154061293887432
"norlander, henrik",0.57,SC,11657,285.0,0.61,3.0,3.0,999,27.69,70.29,1.0,0.86,-0.4,1.45,-0.8,-0.4,-1.26,0.65,-0.61,18.0,1.0,Torrey Pines Golf Course (South Course),Farmers Insurance Open,2026-02-01 00:58:47 UTC,2026-01-30 10:27,n/a,,,,,,,-0.4,1.45,-0.4,-1.26,,2026-01-30 10:27,0.96,-0.0083678911564625,-1.0188613953203105,-0.6093309261562817,3.3306690738754696e-16,-0.0024072533333333052,0.40712321583069583,0.16574931286832734,0.06748039327668157,0.0,0.40712321583069583,0.02454952991459096,-0.00016574931286832733,0.00010122058991502235,-0.0664,-0.0,-0.006,-0.087,,0.024485001191637653,-0.1594,-0.13491499880836236,73.0,-1.153776394128673
"list, luke",0.43,SC,7960,299.8,0.61,2.0,5.0,999,30.61,74.24,2.0,0.5,-0.16,-1.87,-0.96,-0.8,1.22,-2.82,-1.61,18.0,2.0,Torrey Pines Golf Course (South Course),Farmers Insurance Open,2026-02-01 00:58:47 UTC,2026-01-30 09:10,n/a,,,,,,,-0.16,-1.87,-0.8,1.22,,2026-01-30 09:10,0.96,0.005329975510204,-0.9490502743869428,-1.6093309261562818,3.3306690738754696e-16,0.011290613333333196,-0.6489900384360056,0.42118806998916797,-0.2733468617310571,0.0,-0.6489900384360056,-0.039134099317691136,-0.00042118806998916796,-0.00041002029259658567,-0.1328,0.0,-0.0024,0.11220000000000001,,-0.03996530768027689,-0.022999999999999993,-0.06296530768027689,74.0,-1.0120155820672196
"svensson, adam",0.5,SC,13997,284.9,0.56,3.0,5.0,999,28.33,99.66,3.0,0.44,-0.05,-0.77,-1.04,-0.99,-0.79,-1.81,-2.61,18.0,2.0,Torrey Pines Golf Course (South Course),Farmers Insurance Open,2026-02-01 00:58:47 UTC,2026-01-30 09:10,n/a,,,,,,,-0.05,-0.77,-0.99,-0.79,,2026-01-30 09:10,0.96,0.005329975510204,-0.6002766778997196,-2.6093309261562814,3.3306690738754696e-16,0.011290613333333196,-1.9977636349232282,3.991059541021669,-7.973193615866481,0.0,-1.9977636349232282,-0.12046514718587066,-0.003991059541021669,-0.01195979042379972,-0.16434,-0.0,-0.00075,0.0462,,-0.13641599715069205,-0.11889000000000002,-0.2553059971506921,75.0,-0.8555826750504116
"hoffman, charley",0.57,SC,5768,298.5,0.61,1.0,4.0,999,29.82,61.38,3.0,0.44,-1.49,-0.7,-0.63,0.86,-1.27,-1.33,-2.61,18.0,2.0,Torrey Pines Golf Course (South Course),Farmers Insurance Open,2026-02-01 00:58:47 UTC,2026-01-30 09:10,n/a,,,,,,,-1.49,-0.7,0.86,-1.27,,2026-01-30 09:10,0.96,0.005329975510204,-0.8950825346458471,-2.6093309261562814,3.3306690738754696e-16,0.011290613333333196,-1.7029577781771006,2.900065194253887,-4.938688579775341,0.0,-1.7029577781771006,-0.10268835402407916,-0.002900065194253887,-0.007408032869663011,0.14276,-0.0,-0.02235,0.041999999999999996,,-0.11299645208799607,0.16240999999999997,0.04941354791200393,75.0,-0.8456689867338432
"smalley, alex",0.29,SC,18474,298.1,0.61,3.0,3.0,999,31.54,58.66,4.0,0.38,-1.34,0.09,-3.02,-1.68,-0.67,-2.93,-3.61,18.0,2.0,Torrey Pines Golf Course (South Course),Farmers Insurance Open,2026-02-01 00:58:47 UTC,2026-01-30 09:21,n/a,,,,,,,-1.34,0.09,-1.68,-0.67,,2026-01-30 09:21,0.96,0.0035113088435374,0.2648505005039621,-3.6093309261562814,3.3306690738754696e-16,0.009471946666666595,-3.8647094799935764,14.93597936475222,-57.72322104394634,0.0,-3.8647094799935764,-0.23304198164361264,-0.01493597936475222,-0.0865848315659195,-0.27888,-0.0,-0.0201,-0.005399999999999999,,-0.33456279257428434,-0.30438000000000004,-0.6389427925742843,76.0,-0.37409229207032224
"dumont de chassart, adrien",0.36,SC,22002,308.0,0.56,2.0,2.0,999,24.01,60.84,3.0,0.62,-0.65,-0.11,-0.3,0.35,-2.19,-0.41,-2.61,18.0,3.0,Torrey Pines Golf Course (South Course),Farmers Insurance Open,2026-02-01 00:58:47 UTC,2026-01-30 09:43,n/a,,,,,,,-0.65,-0.11,0.35,-2.19,,2026-01-30 09:43,0.96,-0.0001260244897959,0.1668836206354898,-2.6093309261562814,3.3306690738754696e-16,0.005834613333333295,-2.770379933458438,7.675004975709178,-21.262679773898373,0.0,-2.770379933458438,-0.1670539099875438,-0.007675004975709178,-0.03189401966084756,0.0581,-0.0,-0.00975,0.0066,,-0.20662293462410053,0.05494999999999999,-0.15167293462410053,75.0,0.01521068601138928
"hodges, lee",0.57,SC,25157,291.5,0.5,0.0,7.0,999,42.41,84.08,6.0,0.5,-2.7,0.15,-4.23,-1.53,-1.52,-4.08,-5.61,18.0,3.0,Torrey Pines Golf Course (South Course),Farmers Insurance Open,2026-02-01 00:58:47 UTC,2026-01-30 10:16,n/a,,,,,,,-2.7,0.15,-1.53,-1.52,,2026-01-30 10:16,0.96,-0.0059126911564626,0.3746709449846102,-5.609330926156282,3.3306690738754696e-16,4.7946666666594424e-05,-5.983953924474226,35.807704570230484,-214.2716542894444,0.0,-5.983953924474226,-0.3608324216457958,-0.035807704570230484,-0.3214074814341666,-0.25398000000000004,-0.0,-0.0405,-0.009,,-0.5,-0.30348,-1.021527607650193,78.0,-0.6468566626655827
"higgo, garrick",0.29,SC,24342,295.6,0.44,2.0,6.0,999,30.97,50.31,6.0,0.22,-0.78,-0.18,-2.44,-1.66,-2.99,-2.62,-5.61,18.0,3.0,Torrey Pines Golf Course (South Course),Farmers Insurance Open,2026-02-01 00:58:47 UTC,2026-01-30 10:38,n/a,,,,,,,-0.78,-0.18,-1.66,-2.99,,2026-01-30 10:38,0.96,-0.0111565133786847,0.7202351517164666,-5.609330926156282,3.3306690738754696e-16,-0.005195875555555505,-6.334761953428305,40.12920900660279,-254.2089864361998,0.0,-6.334761953428305,-0.38198614579172674,-0.040129209006602794,-0.38131347965429974,-0.27556,-0.0,-0.0117,0.010799999999999999,,-0.5,-0.27646000000000004,-1.0798888344526292,78.0,-0.3596536827361626
"kang, jeffrey",0.29,SC,21889,288.2,0.5,4.0,5.0,999,34.96,38.4,0.0,0.62,0.52,1.61,-1.14,-1.67,-0.07,0.47,0.39,18.0,3.0,Torrey Pines Golf Course (South Course),Farmers Insurance Open,2026-02-01 00:58:47 UTC,2026-01-30 11:00,n/a,,,,,,,0.52,1.61,-1.67,-0.07,,2026-01-30 11:00,0.96,-0.0177340244897957,-0.8522936289887286,0.3906690738437183,3.3306690738754696e-16,-0.011773386666666507,1.2311893161657808,1.5158271322407628,1.8662701703690414,0.0,1.2311893161657808,0.07424071576479657,-0.0015158271322407628,0.0027994052555535623,-0.27722,-0.0,0.0078,-0.0966,,0.07552429388810938,-0.36602000000000007,-0.29049570611189063,72.0,-1.1427893351006193
"fishburn, patrick",0.36,SC,25094,300.8,0.61,6.0,2.0,999,30.77,105.34,3.0,0.67,-1.44,-1.1,-1.55,-0.11,0.04,-2.65,-2.61,18.0,3.0,Torrey Pines Golf Course (South Course),Farmers Insurance Open,2026-02-01 00:58:47 UTC,2026-01-30 11:11,n/a,,,,,,,-1.44,-1.1,-0.11,0.04,,2026-01-30 11:11,0.96,-0.0215229133786845,-0.1509085760575559,-2.6093309261562814,3.3306690738754696e-16,-0.015562275555555307,-2.4739846256542806,6.120599927973751,-15.142270121587757,0.0,-2.4739846256542806,-0.14918127292695313,-0.006120599927973751,-0.022713405182381637,-0.018260000000000002,0.0,-0.021599999999999998,0.066,,-0.17801527803730852,0.026140000000000007,-0.15187527803730855,75.0,-0.3027838540948644
"tosti, alejandro",0.36,SC,17032,291.2,0.33,2.0,7.0,999,47.63,91.02,3.0,0.6,-3.31,0.51,-4.92,-1.61,1.8,-4.4,-2.61,18.0,3.0,Torrey Pines Golf Course (South Course),Farmers Insurance Open,2026-02-01 00:58:47 UTC,2026-01-30 11:11,n/a,,,,,,,-3.31,0.51,-1.61,1.8,,2026-01-30 11:11,0.96,-0.0215229133786845,-0.6938363428820193,-2.6093309261562814,3.3306690738754696e-16,-0.015562275555555307,-1.931056858829817,3.7289805920336794,-7.200873548689908,0.0,-1.931056858829817,-0.11644272858743795,-0.0037289805920336793,-0.010801310323034862,-0.26726000000000005,0.0,-0.04965,-0.0306,,-0.1309730195025065,-0.3475100000000001,-0.47848301950250655,75.0,-1.1723193623845258
"rosenmueller, thomas",0.71,SC,22736,299.8,0.56,2.0,8.0,999,40.32,61.41,5.0,0.33,-1.62,-1.78,-0.94,0.69,-1.89,-2.71,-4.61,18.0,3.0,Torrey Pines Golf Course (South Course),Farmers Insurance Open,2026-02-01 00:58:47 UTC,2026-01-30 11:11,n/a,,,,,,,-1.62,-1.78,0.69,-1.89,,2026-01-30 11:11,0.96,-0.0215229133786845,-0.2669659816653357,-4.609330926156282,3.3306690738754696e-16,-0.015562275555555307,-4.357927220046502,18.991529655222234,-82.76370403481333,0.0,-4.357927220046502,-0.26278301136880405,-0.018991529655222234,-0.12414555605222,0.11454,-0.0,-0.024300000000000002,0.10679999999999999,,-0.40592009707624627,0.19704,-0.20888009707624625,77.0,-0.4758460787415819
"highsmith, joe",0.43,SC,28469,293.9,0.39,4.0,9.0,999,28.97,64.18,7.0,0.42,0.25,-1.62,-3.89,-4.14,-1.1,-5.51,-6.61,18.0,4.0,Torrey Pines Golf Course (South Course),Farmers Insurance Open,2026-02-01 00:58:47 UTC,2026-01-30 10:49,n/a,,,,,,,0.25,-1.62,-4.14,-1.1,,2026-01-30 10:49,0.96,-0.0142785578231291,-0.8439459615984252,-6.609330926156282,3.3306690738754696e-16,-0.008317919999999906,-5.773702884557856,33.33564499915171,-192.4701096901989,0.0,-5.773702884557856,-0.34815428393883874,-0.03333564499915171,-0.2887051645352984,-0.68724,-0.0,0.00375,0.09720000000000001,,-0.5,-0.5862899999999999,-1.2564850934732887,79.0,-2.100431055071714
"horschel, billy",0.64,SC,11276,292.8,0.56,2.0,3.0,999,28.16,78.23,3.0,0.36,-0.71,-1.37,-0.39,0.32,-0.85,-1.76,-2.61,18.0,5.0,Torrey Pines Golf Course (South Course),Farmers Insurance Open,2026-02-01 00:58:47 UTC,2026-01-30 09:32,n/a,,,,,,,-0.71,-1.37,0.32,-0.85,,2026-01-30 09:32,0.96,0.0016926421768707,-0.2494049917138934,-2.6093309261562814,3.3306690738754696e-16,0.007653279999999894,-2.3522726544423875,5.533186640837436,-13.015563627167833,0.0,-2.3522726544423875,-0.14184204106287596,-0.005533186640837436,-0.01952334544075175,0.05312,-0.0,-0.01065,0.08220000000000001,,-0.16689857314446513,0.12467,-0.04222857314446514,75.0,-0.29163356485835856
"villegas, camilo",0.29,SC,9171,283.0,0.67,4.0,2.0,999,27.21,49.73,0.0,0.8,0.04,0.1,-1.33,-1.37,1.63,-1.24,0.39,18.0,6.0,Torrey Pines Golf Course (South Course),Farmers Insurance Open,2026-02-01 00:58:47 UTC,2026-01-30 09:21,n/a,,,,,,,0.04,0.1,-1.37,1.63,,2026-01-30 09:21,0.96,0.0035113088435374,-1.7983174967745923,0.3906690738437183,3.3306690738754696e-16,0.009471946666666595,2.1984585172849775,4.833219852222862,10.625633350030192,0.0,2.1984585172849775,0.13256704859228413,-0.0048332198522228614,0.01593845002504529,-0.22742000000000004,0.0,0.0006,-0.006,,0.14367227876510658,-0.23282000000000005,-0.08914772123489347,72.0,-1.8874652180094857
"geddes, mark",0.36,SC,21886,286.2,0.67,3.0,5.0,999,34.79,50.97,2.0,0.43,-0.37,0.03,-2.28,-1.91,0.65,-2.25,-1.61,18.0,6.0,Torrey Pines Golf Course (South Course),Farmers Insurance Open,2026-02-01 00:58:47 UTC,2026-01-30 10:05,n/a,,,,,,,-0.37,0.03,-1.91,0.65,,2026-01-30 10:05,0.96,-0.0037909133786849,-5.916642843756069,-1.6093309261562818,3.3306690738754696e-16,0.0021697244444442943,4.309481642044231,18.57163202311624,80.03410726642021,0.0,4.309481642044231,0.25986174301526715,-0.018571632023116243,0.12005116089963032,-0.31706,0.0,-0.005549999999999999,-0.0018,,0.3613412718917812,-0.32441000000000003,0.03693127189178122,74.0,-5.879711571864288
"lee, s.t.",0.57,SC,16162,285.4,0.44,1.0,6.0,999,39.57,78.05,6.0,0.5,-2.2,-0.16,-2.33,-0.13,-3.12,-2.49,-5.61,18.0,10.0,Torrey Pines Golf Course (South Course),Farmers Insurance Open,2026-02-01 00:58:47 UTC,2026-01-30 11:11,n/a,,,,,,,-2.2,-0.16,-0.13,-3.12,,2026-01-30 11:11,0.96,-0.0215229133786845,-0.7652203341560575,-5.609330926156282,3.3306690738754696e-16,-0.015562275555555307,-4.85967286755578,23.616420379657818,-114.76807734781445,0.0,-4.85967286755578,-0.29303827391361353,-0.023616420379657818,-0.17215211602172167,-0.021580000000000002,-0.0,-0.033,0.0096,,-0.48880681031499307,-0.044980000000000006,-0.5337868103149931,78.0,-1.2990071444710507
"dahmen, joel",,NC,14509,,,,,2,,,-9.0,,,,,,,,6.57,18.0,-15.0,Torrey Pines Golf Course (South Course),Farmers Insurance Open,2026-02-01 00:58:47 UTC,2026-01-30 09:21,Torrey Pines Golf Course (South Course),2.0,0.0,1.33,0.33,0.63,0.19,1.33,0.33,0.63,0.19,,2026-01-30 09:21,0.96,0.0035113088435374,-0.0364450524710002,6.668963332603257,1.1102230246251565e-16,0.010481141333333256,6.71588952640759,45.10317213091117,302.907921321745,0.0,6.71588952640759,1.1020774712834855,-3.6488466253907137,2.302100202045262,0.0693,-0.0057,-0.017024,-0.0495,,-0.24466895206196604,-0.0029239999999999995,-0.2475929520619659,63.0,-0.2840380045329661
"kim, si woo",,NC,14609,,,,,3,,,-6.0,,,,,,,,3.57,18.0,-13.0,Torrey Pines Golf Course (South Course),Farmers Insurance Open,2026-02-01 00:58:47 UTC,2026-01-30 10:27,Torrey Pines Golf Course (South Course),7.0,2.0,5.06,-0.63,0.07,-0.02,5.06,-0.63,0.07,-0.02,,2026-01-30 10:27,0.96,-0.0083678911564625,1.6301036401862872,3.668963332603256,1.1102230246251565e-16,-0.0013980586666666427,2.037461633750302,4.1512499090044495,8.458012421705998,0.0,2.037461633750302,0.33434745409842453,-0.33583611763845994,0.06428089440496558,0.007700000000000001,0.0006,-0.06476799999999999,0.0945,,0.06279223086493017,0.03803200000000001,0.10082423086493018,66.0,1.7309278710512173
"mcgreevy, max",,NC,23505,,,,,5,,,-5.0,,,,,,,,2.57,18.0,-12.0,Torrey Pines Golf Course (South Course),Farmers Insurance Open,2026-02-01 00:58:47 UTC,2026-01-30 10:27,Torrey Pines Golf Course (South Course),3.0,0.0,1.96,1.2,0.76,2.57,1.96,1.2,0.76,2.57,,2026-01-30 10:27,0.96,-0.0083678911564625,0.5351502331264189,2.668963332603256,1.1102230246251565e-16,-0.0013980586666666427,2.1324150408101703,4.54719390627344,9.696504679217837,0.0,2.1324150408101703,0.34992930819694895,-0.3678679870175213,0.07369343556205556,0.08360000000000001,-0.07709999999999999,-0.025088,-0.18,,0.05575475674148318,-0.198588,-0.14283324325851682,67.0,0.39231698986790203
"power, seamus",,NC,10104,,,,,6,,,-6.0,,,,,,,,3.57,18.0,-11.0,Torrey Pines Golf Course (South Course),Farmers Insurance Open,2026-02-01 00:58:47 UTC,2026-01-30 09:10,Torrey Pines Golf Course (South Course),5.0,5.0,1.17,0.89,-0.24,5.66,1.17,0.89,-0.24,5.66,,2026-01-30 09:10,0.96,0.005329975510204,0.176326043936131,3.668963332603256,1.1102230246251565e-16,0.012299807999999857,3.5049370966671245,12.284584051593372,43.05669435955493,0.0,3.5049370966671245,0.01016431758033466,-0.25674780667830144,0.16361543856630875,-0.016800000000000002,-0.056600000000000004,-0.0351,-0.026699999999999998,,-0.08296805053165804,-0.1352,-0.21816805053165805,66.0,-0.04184200659552706
"lipsky, david",,NC,15980,,,,,9,,,-7.0,,,,,,,,4.57,18.0,-10.0,Torrey Pines Golf Course (South Course),Farmers Insurance Open,2026-02-01 00:58:47 UTC,2026-01-30 09:21,Torrey Pines Golf Course (South Course),3.0,4.0,1.67,0.85,-0.89,-0.14,1.67,0.85,-0.89,-0.14,,2026-01-30 09:21,0.96,0.0035113088435374,-0.3423995186752043,4.668963332603257,1.1102230246251565e-16,0.010481141333333256,5.021843992611794,25.218917086131167,126.64546726916272,0.0,5.021843992611794,0.014563347578574201,-0.5270753671001414,0.4812527756228183,-0.06230000000000001,0.0014000000000000002,-0.0501,-0.0255,,-0.03125924389874879,-0.1365,-0.1677592438987488,65.0,-0.5101587625739531
"mccarty, matt",,NC,28635,,,,,14,,,-4.0,,,,,,,,1.57,18.0,-9.0,Torrey Pines Golf Course (South Course),Farmers Insurance Open,2026-02-01 00:58:47 UTC,2026-01-30 09:32,Torrey Pines Golf Course (South Course),1.0,0.0,0.07,0.14,0.39,1.88,0.07,0.14,0.39,1.88,,2026-01-30 09:32,0.96,0.0016926421768707,0.8116850580640618,1.6689633326032562,1.1102230246251565e-16,0.008662474666666557,0.8659407492058612,0.7498533811352082,0.6493285986547703,0.0,0.8659407492058612,0.0025112281726969972,-0.01567193566572585,0.0024674486748881273,0.027300000000000005,-0.0188,-0.0021000000000000003,-0.004200000000000001,,-0.010693258818140728,0.002200000000000005,-0.008493258818140725,68.0,0.803191799245921
"cole, eric",,NC,21756,,,,,14,,,-6.0,,,,,,,,3.57,18.0,-9.0,Torrey Pines Golf Course (South Course),Farmers Insurance Open,2026-02-01 00:58:47 UTC,2026-01-30 10:27,Torrey Pines Golf Course (South Course),5.0,3.0,1.08,0.78,-0.36,1.97,1.08,0.78,-0.36,1.97,,2026-01-30 10:27,0.96,-0.0083678911564625,0.2297696842405291,3.668963332603256,1.1102230246251565e-16,-0.0013980586666666427,3.43779558969606,11.81843851653368,40.62937580923353,0.0,3.43779558969606,0.009969607210118574,-0.2470053649955539,0.1543916280750874,-0.0252,-0.0197,-0.0324,-0.0234,,-0.0826441297103479,-0.1007,-0.18334412971034791,66.0,0.046425554530181184
"thorbjornsen, michael",,NC,26649,,,,,14,,,-5.0,,,,,,,,2.57,18.0,-9.0,Torrey Pines Golf Course (South Course),Farmers Insurance Open,2026-02-01 00:58:47 UTC,2026-01-30 10:16,Torrey Pines Golf Course (South Course),4.0,0.0,0.73,1.96,0.56,1.23,0.73,1.96,0.56,1.23,,2026-01-30 10:16,0.96,-0.0059126911564626,0.9000202082836954,2.668963332603256,1.1102230246251565e-16,0.001057141333333257,1.770000265652894,3.132900940411315,5.545235496792229,0.0,1.770000265652894,0.005133000770393392,-0.06547762965459647,0.021071894887810468,0.039200000000000006,-0.0123,-0.0219,-0.0588,,-0.03927273399639261,-0.05379999999999999,-0.0930727339963926,67.0,0.8069474742873028
"brown, dan",,NC,20766,,,,,20,,,-2.0,,,,,,,,-0.43,18.0,-8.0,Torrey Pines Golf Course (South Course),Farmers Insurance Open,2026-02-01 00:58:47 UTC,2026-01-30 11:11,Torrey Pines Golf Course (South Course),5.0,1.0,0.3,-0.14,0.11,4.21,0.3,-0.14,0.11,4.21,,2026-01-30 11:11,0.96,-0.0215229133786845,-0.0068696355937573,-0.3310366673967438,1.1102230246251565e-16,-0.014553080888888644,-0.338720112691875,0.1147313147419965,-0.03886180385869604,0.0,-0.338720112691875,-0.0009822883268064376,-0.002397884478107727,-0.00014767485466304494,0.007700000000000001,-0.0421,-0.009,0.004200000000000001,,-0.0035278476595772094,-0.03919999999999999,-0.042727847659577205,70.0,-0.049597483253334504
"novak, andrew",,NC,23475,,,,,20,,,-3.0,,,,,,,,0.57,18.0,-8.0,Torrey Pines Golf Course (South Course),Farmers Insurance Open,2026-02-01 00:58:47 UTC,2026-01-30 09:32,Torrey Pines Golf Course (South Course),4.0,4.0,3.45,0.22,-0.05,-0.14,3.45,0.22,-0.05,-0.14,,2026-01-30 09:32,0.96,0.0016926421768707,0.4636991903222113,0.6689633326032561,1.1102230246251565e-16,0.008662474666666557,0.2139266169477115,0.045764597438692885,0.009790265506033473,0.0,0.2139266169477115,0.0006203871891483633,-0.0009564800864686812,3.72030089229272e-05,-0.0035000000000000005,0.0014000000000000002,-0.1035,-0.0066,,-0.00029888988839739064,-0.1122,-0.11249888988839739,69.0,0.3512003004338139
"gerard, ryan",,NC,29767,,,,,20,,,-5.0,,,,,,,,2.57,18.0,-8.0,Torrey Pines Golf Course (South Course),Farmers Insurance Open,2026-02-01 00:58:47 UTC,2026-01-30 09:32,Torrey Pines Golf Course (South Course),2.0,2.0,1.19,0.84,0.76,-0.31,1.19,0.84,0.76,-0.31,,2026-01-30 09:32,0.96,0.0016926421768707,0.9970494803884042,2.668963332603256,1.1102230246251565e-16,0.008662474666666557,1.6805763268815181,2.8243367904745753,4.746513549212097,0.0,1.6805763268815181,0.004873671347956402,-0.05902863892091862,0.01803675148700597,0.053200000000000004,0.0031,-0.035699999999999996,-0.025199999999999997,,-0.03611821608595625,-0.0045999999999999895,-0.04071821608595623,67.0,0.956331264302448
"english, harris",,NC,14577,,,,,20,,,-4.0,,,,,,,,1.57,18.0,-8.0,Torrey Pines Golf Course (South Course),Farmers Insurance Open,2026-02-01 00:58:47 UTC,2026-01-30 10:49,Torrey Pines Golf Course (South Course),2.0,0.0,0.87,-0.94,0.83,-1.27,0.87,-0.94,0.83,-1.27,,2026-01-30 10:49,0.96,-0.0142785578231291,1.0441678417441818,1.6689633326032562,1.1102230246251565e-16,-0.007308725333333243,0.6174867655257413,0.38128990559944187,0.2354414705362146,0.0,0.6174867655257413,0.0017907116200246498,-0.007968959027028334,0.0008946775880376154,0.058100000000000006,0.012700000000000001,-0.026099999999999998,0.028199999999999996,,-0.005283569818966069,0.0729,0.06761643018103393,68.0,1.1117842719252158
"hojgaard, nicolai",,NC,23602,,,,,27,,,-5.0,,,,,,,,2.57,18.0,-7.0,Torrey Pines Golf Course (South Course),Farmers Insurance Open,2026-02-01 00:58:47 UTC,2026-01-30 10:27,Torrey Pines Golf Course (South Course),6.0,2.0,-0.34,-0.08,1.57,1.34,-0.34,-0.08,1.57,1.34,,2026-01-30 10:27,0.96,-0.0083678911564625,0.946018473537305,2.668963332603256,1.1102230246251565e-16,-0.0013980586666666427,1.7215468003992842,2.9637233859650127,5.102188512376601,0.0,1.7215468003992842,0.004992485721157924,-0.06194181876666876,0.019388316347031084,0.10990000000000001,-0.0134,0.0102,0.0024,,-0.03756101669847975,0.10910000000000002,0.07153898330152025,67.0,1.0175574568388253
"finau, tony",,NC,11676,,,,,30,,,-5.0,,,,,,,,2.57,18.0,-6.0,Torrey Pines Golf Course (South Course),Farmers Insurance Open,2026-02-01 00:58:47 UTC,2026-01-30 09:43,Torrey Pines Golf Course (South Course),4.0,4.0,1.2,-0.01,0.8,-1.52,1.2,-0.01,0.8,-1.52,,2026-01-30 09:43,0.96,-0.0001260244897959,0.1073501446085197,2.668963332603256,1.1102230246251565e-16,0.006843807999999957,2.5684569959947363,6.596971340274305,16.94403719130431,0.0,2.5684569959947363,0.007448525288384735,-0.13787670101173297,0.06438734132695638,0.05600000000000001,0.0152,-0.036,0.0003,,-0.06604083439639184,0.03550000000000001,-0.030540834396391832,67.0,0.07680931021212786
"bezuidenhout, christiaan",,NC,18103,,,,,30,,,-1.0,,,,,,,,-1.43,18.0,-6.0,Torrey Pines Golf Course (South Course),Farmers Insurance Open,2026-02-01 00:58:47 UTC,2026-01-30 09:10,Torrey Pines Golf Course (South Course),5.0,3.0,-0.77,0.96,0.18,4.11,-0.77,0.96,0.18,4.11,,2026-01-30 09:10,0.96,0.005329975510204,0.7279037563658131,-1.3310366673967438,1.1102230246251565e-16,0.012299807999999857,-2.046640615762557,4.188737810088939,-8.57284093090833,0.0,-2.046640615762557,-0.0059352577857114145,-0.08754462023085881,-0.03257679553745165,0.0126,-0.041100000000000005,0.0231,-0.0288,,-0.12605667355402186,-0.03420000000000001,-0.16025667355402187,71.0,0.5676470828117912
"schmid, matthias",,NC,20722,,,,,30,,,-5.0,,,,,,,,2.57,18.0,-6.0,Torrey Pines Golf Course (South Course),Farmers Insurance Open,2026-02-01 00:58:47 UTC,2026-01-30 09:21,Torrey Pines Golf Course (South Course),4.0,7.0,0.45,-1.04,-0.83,0.91,0.45,-1.04,-0.83,0.91,,2026-01-30 09:21,0.96,0.0035113088435374,-0.0064736569794252,2.668963332603256,1.1102230246251565e-16,0.010481141333333256,2.6859181309160145,7.214156205983377,19.376632952911038,0.0,2.6859181309160145,0.007789162579656441,-0.15077586470505258,0.07363120522106194,-0.058100000000000006,-0.0091,-0.0135,0.0312,,-0.0693554969043342,-0.0495,-0.1188554969043342,67.0,-0.1253291538837594
"young, cameron",,NC,26651,,,,,30,,,-4.0,,,,,,,,1.57,18.0,-6.0,Torrey Pines Golf Course (South Course),Farmers Insurance Open,2026-02-01 00:58:47 UTC,2026-01-30 09:32,Torrey Pines Golf Course (South Course),4.0,3.0,0.23,0.91,0.69,0.65,0.23,0.91,0.69,0.65,,2026-01-30 09:32,0.96,0.0016926421768707,1.3990726319888138,1.6689633326032562,1.1102230246251565e-16,0.008662474666666557,0.27855317528110907,0.07759187145918828,0.021613462170960555,0.0,0.27855317528110907,0.0008078042083152163,-0.0016216701134970349,8.21311562496501e-05,0.0483,-0.006500000000000001,-0.0069,-0.0273,,-0.0007317347489321685,0.007599999999999999,0.0068682652510678385,68.0,1.4059408972398817
"ramey, chad",,NC,19840,,,,,30,,,-5.0,,,,,,,,2.57,18.0,-6.0,Torrey Pines Golf Course (South Course),Farmers Insurance Open,2026-02-01 00:58:47 UTC,2026-01-30 10:16,Torrey Pines Golf Course (South Course),2.0,4.0,0.14,-1.69,-1.05,1.07,0.14,-1.69,-1.05,1.07,,2026-01-30 10:16,0.96,-0.0059126911564626,-0.4147660560391082,2.668963332603256,1.1102230246251565e-16,0.001057141333333257,3.0847865299756974,9.515907935519504,29.354544619979414,0.0,3.0847865299756974,0.008945880936929522,-0.19888247585235763,0.11154726955592177,-0.07350000000000001,-0.010700000000000001,-0.004200000000000001,0.050699999999999995,,-0.07838932535950634,-0.03770000000000002,-0.11608932535950633,67.0,-0.5308553813986145
"davis, cameron",,NC,17786,,,,,35,,,-1.0,,,,,,,,-1.43,18.0,-5.0,Torrey Pines Golf Course (South Course),Farmers Insurance Open,2026-02-01 00:58:47 UTC,2026-01-30 10:49,Torrey Pines Golf Course (South Course),4.0,2.0,0.89,2.56,-0.71,0.74,0.89,2.56,-0.71,0.74,,2026-01-30 10:49,0.96,-0.0142785578231291,-0.7355612663257749,-1.3310366673967438,1.1102230246251565e-16,-0.007308725333333243,-0.602784126404302,0.36334870304499756,-0.219020830545115,0.0,-0.602784126404302,-0.03634788282217941,-0.0003633487030449976,-0.0003285312458176725,-0.11786,0.0,0.013349999999999999,-0.1536,,-0.03703976277104208,-0.25811,-0.2951497627710421,71.0,-1.030711029096817
"hughes, mackenzie",,NC,15556,,,,,35,,,-2.0,,,,,,,,-0.43,18.0,-5.0,Torrey Pines Golf Course (South Course),Farmers Insurance Open,2026-02-01 00:58:47 UTC,2026-01-30 09:10,Torrey Pines Golf Course (South Course),2.0,4.0,0.02,0.42,0.73,0.31,0.02,0.42,0.73,0.31,,2026-01-30 09:10,0.96,0.005329975510204,0.1372597127974415,-0.3310366673967438,1.1102230246251565e-16,0.012299807999999857,-0.4559965721941853,0.20793287385284687,-0.09481667772338412,0.0,-0.4559965721941853,-0.027496593303309374,-0.00020793287385284688,-0.00014222501658507617,0.12118000000000001,0.0,0.0003,-0.025199999999999997,,-0.027846751193747295,0.09628,0.06843324880625272,70.0,0.2056929616036942
"hojgaard, rasmus",,NC,23838,,,,,35,,,-5.0,,,,,,,,2.57,18.0,-5.0,Torrey Pines Golf Course (South Course),Farmers Insurance Open,2026-02-01 00:58:47 UTC,2026-01-30 10:16,Torrey Pines Golf Course (South Course),1.0,1.0,-1.57,-0.85,0.29,0.61,-1.57,-0.85,0.29,0.61,,2026-01-30 10:16,0.96,-0.0059126911564626,1.0313076520104791,2.668963332603256,1.1102230246251565e-16,0.001057141333333257,1.6387128219261102,2.6853797127450356,4.400566167015544,0.0,1.6387128219261102,0.09881438316214444,-0.0026853797127450356,0.006600849250523316,0.04814,0.0,-0.02355,0.051,,0.10272985269992273,0.07559,0.17831985269992273,67.0,1.209627504710402
"mccarthy, denny",,NC,19870,,,,,35,,,-3.0,,,,,,,,0.57,18.0,-5.0,Torrey Pines Golf Course (South Course),Farmers Insurance Open,2026-02-01 00:58:47 UTC,2026-01-30 10:16,Torrey Pines Golf Course (South Course),3.0,2.0,-1.02,1.09,0.25,0.15,-1.02,1.09,0.25,0.15,,2026-01-30 10:16,0.96,-0.0059126911564626,0.7191819687067551,0.6689633326032561,1.1102230246251565e-16,0.001057141333333257,-0.049161494770165605,0.00241685256803702,-0.00011881608488381327,0.0,-0.049161494770165605,-0.002964438134640986,-2.41685256803702e-06,-1.782241273257199e-07,0.0415,0.0,-0.0153,-0.0654,,-0.0029670332113363486,-0.0392,-0.04216703321133634,69.0,0.6770149354954188
"keefer, johnny",,NC,32457,,,,,45,,,-3.0,,,,,,,,0.57,18.0,-4.0,Torrey Pines Golf Course (South Course),Farmers Insurance Open,2026-02-01 00:58:47 UTC,2026-01-30 11:11,Torrey Pines Golf Course (South Course),2.0,4.0,1.01,-0.03,1.72,-0.22,1.01,-0.03,1.72,-0.22,,2026-01-30 11:11,0.96,-0.0215229133786845,0.6010232322635914,0.6689633326032561,1.1102230246251565e-16,-0.014553080888888644,0.05338701945077615,0.002850173845837551,0.00015216228654582283,0.0,0.05338701945077615,0.003219237272881802,-2.8501738458375514e-06,2.2824342981873425e-07,0.28552,-0.0,0.01515,0.0018,,0.003216615342465783,0.30247,0.30568661534246583,69.0,0.9067098476060573
"ryder, sam",,NC,16715,,,,,45,,,0.0,,,,,,,,-2.43,18.0,-4.0,Torrey Pines Golf Course (South Course),Farmers Insurance Open,2026-02-01 00:58:47 UTC,2026-01-30 11:00,Torrey Pines Golf Course (South Course),5.0,4.0,0.26,-0.88,0.14,4.95,0.26,-0.88,0.14,4.95,,2026-01-30 11:00,0.96,-0.0177340244897957,0.1455973211937322,-2.331036667396744,1.1102230246251565e-16,-0.010764191999999844,-2.487398180590476,6.187149708804811,-15.38990492872198,0.0,-2.487398180590476,-0.1499901102896057,-0.006187149708804811,-0.023084857393082973,0.023240000000000004,0.0,0.0039,0.0528,,-0.1792621173914935,0.07994,-0.09932211739149349,72.0,0.04627520380223871
"yellamaraju, sudarshan",,NC,29925,,,,,45,,,-5.0,,,,,,,,2.57,18.0,-4.0,Torrey Pines Golf Course (South Course),Farmers Insurance Open,2026-02-01 00:58:47 UTC,2026-01-30 11:11,Torrey Pines Golf Course (South Course),3.0,5.0,-1.5,-2.94,1.2,1.72,-1.5,-2.94,1.2,1.72,,2026-01-30 11:11,0.96,-0.0215229133786845,-0.231954257684335,2.668963332603256,1.1102230246251565e-16,-0.014553080888888644,2.8863645093987023,8.33110008111641,24.04659159838306,0.0,2.8863645093987023,0.17404777991674175,-0.008331100081116411,0.03606988739757459,0.19920000000000002,0.0,-0.0225,0.1764,,0.20178656723319993,0.3531,0.5548865672332,67.0,0.322932309548865
"neergaard-petersen, rasmus",,NC,23841,,,,,58,,,-5.0,,,,,,,,2.57,18.0,-3.0,Torrey Pines Golf Course (South Course),Farmers Insurance Open,2026-02-01 00:58:47 UTC,2026-01-30 11:11,Torrey Pines Golf Course (South Course),4.0,2.0,3.17,-0.15,0.3,0.16,3.17,-0.15,0.3,0.16,,2026-01-30 11:11,0.96,-0.0215229133786845,0.6143269082588316,2.668963332603256,1.1102230246251565e-16,-0.014553080888888644,2.040083343455535,4.161940048244715,8.49070456888457,0.0,2.040083343455535,0.12301702561036877,-0.004161940048244716,0.012736056853326856,0.049800000000000004,0.0,0.047549999999999995,0.009,,0.13159114241545092,0.10635,0.2379411424154509,67.0,0.8522680506742826
"ewart, a.j.",,NC,21883,,,,,61,,,-3.0,,,,,,,,0.57,18.0,-2.0,Torrey Pines Golf Course (South Course),Farmers Insurance Open,2026-02-01 00:58:47 UTC,2026-01-30 10:05,Torrey Pines Golf Course (South Course),3.0,4.0,0.3,-0.03,-0.18,1.39,0.3,-0.03,-0.18,1.39,,2026-01-30 10:05,0.96,-0.0037909133786849,-0.766927769470358,0.6689633326032561,1.1102230246251565e-16,0.003178919111110957,1.4390700211847252,2.0709225258726054,2.9802025231794147,0.0,1.4390700211847252,0.08677592227743892,-0.0020709225258726052,0.004470303784769122,-0.02988,0.0,0.0045,0.0018,,0.08917530353633543,-0.02358,0.06559530353633544,69.0,-0.7013324659340225
"grillo, emiliano",,NC,12808,,,,,61,,,-3.0,,,,,,,,0.57,18.0,-2.0,Torrey Pines Golf Course (South Course),Farmers Insurance Open,2026-02-01 00:58:47 UTC,2026-01-30 09:54,Torrey Pines Golf Course (South Course),5.0,4.0,3.67,-1.15,-0.59,-1.45,3.67,-1.15,-0.59,-1.45,,2026-01-30 09:54,0.96,-0.0019446911564625,-0.0461407882337383,0.6689633326032561,1.1102230246251565e-16,0.005025141333333357,0.7201292621703279,0.5185861542339809,0.3734490646202645,0.0,0.7201292621703279,0.043423794508870774,-0.000518586154233981,0.0005601735969303968,-0.09794,-0.0,0.055049999999999995,0.06899999999999999,,0.04346538195156719,0.026109999999999987,0.06957538195156718,69.0,0.023434593717828876
"hoey, rico",,NC,23504,,,,,61,,,-2.0,,,,,,,,-0.43,18.0,-2.0,Torrey Pines Golf Course (South Course),Farmers Insurance Open,2026-02-01 00:58:47 UTC,2026-01-30 10:27,Torrey Pines Golf Course (South Course),6.0,4.0,1.09,-0.52,-0.06,0.98,1.09,-0.52,-0.06,0.98,,2026-01-30 10:27,0.96,-0.0083678911564625,0.5991017343959874,-0.3310366673967438,1.1102230246251565e-16,-0.0013980586666666427,-0.9315364604593978,0.8677601771652231,-0.8083502439641118,0.0,-0.9315364604593978,-0.056171648565701685,-0.0008677601771652231,-0.0012125253659461678,-0.00996,0.0,0.01635,0.0312,,-0.058251934108813075,0.03759,-0.020661934108813076,70.0,0.5784398002871742
"koepka, brooks",,NC,16243,,,,,61,,,-4.0,,,,,,,,1.57,18.0,-2.0,Torrey Pines Golf Course (South Course),Farmers Insurance Open,2026-02-01 00:58:47 UTC,2026-01-30 10:38,Torrey Pines Golf Course (South Course),0.0,1.0,1.17,-0.58,0.35,-1.47,1.17,-0.58,0.35,-1.47,,2026-01-30 10:38,0.96,-0.0111565133786847,0.0323564523510875,1.6689633326032562,1.1102230246251565e-16,-0.004186680888888843,1.63242019936328,2.664795707289251,4.350066339755532,0.0,1.63242019936328,0.09843493802160579,-0.0026647957072892512,0.006525099509633299,0.0581,-0.0,0.01755,0.0348,,0.10229524182394983,0.11044999999999999,0.21274524182394983,68.0,0.24510169417503733
"hoge, tom",,NC,15575,,,,,68,,,-4.0,,,,,,,,1.57,18.0,0.0,Torrey Pines Golf Course (South Course),Farmers Insurance Open,2026-02-01 00:58:47 UTC,2026-01-30 10:16,Torrey Pines Golf Course (South Course),5.0,4.0,0.12,-0.58,0.14,1.8,0.12,-0.58,0.14,1.8,,2026-01-30 10:16,0.96,-0.0059126911564626,0.1529924742942194,1.6689633326032562,1.1102230246251565e-16,0.001057141333333257,1.5170279996423703,2.3013739516989316,3.491248722374887,0.0,1.5170279996423703,0.09147678837843493,-0.0023013739516989317,0.005236873083562331,0.023240000000000004,0.0,0.0018,0.0348,,0.09441228751029832,0.059840000000000004,0.15425228751029832,68.0,0.3072447618045177
"gonzalez, emilio",,NC,28016,,,,,68,,,-5.0,,,,,,,,2.57,18.0,0.0,Torrey Pines Golf Course (South Course),Farmers Insurance Open,2026-02-01 00:58:47 UTC,2026-01-30 09:54,Torrey Pines Golf Course (South Course),2.0,2.0,-1.5,0.49,-0.71,0.2,-1.5,0.49,-0.71,0.2,,2026-01-30 09:54,0.96,-0.0019446911564625,-0.5200676957432818,2.668963332603256,1.1102230246251565e-16,0.005025141333333357,3.194056169679871,10.201994815070048,32.58574448211654,0.0,3.194056169679871,0.19260158703169622,-0.010201994815070049,0.04887861672317481,-0.11786,0.0,-0.0225,-0.0294,,0.23127820893980097,-0.16976,0.061518208939800964,67.0,-0.45854948680348084
"kim, tom",,NC,24766,,,,,73,,,-2.0,,,,,,,,-0.43,18.0,1.0,Torrey Pines Golf Course (South Course),Farmers Insurance Open,2026-02-01 00:58:47 UTC,2026-01-30 09:21,Torrey Pines Golf Course (South Course),3.0,2.0,-0.65,1.58,-0.23,0.77,-0.65,1.58,-0.23,0.77,,2026-01-30 09:21,0.96,0.0035113088435374,0.0989617222238467,-0.3310366673967438,1.1102230246251565e-16,0.010481141333333256,-0.4195172482872571,0.17599472161051213,-0.07383282132312391,0.0,-0.4195172482872571,-0.025296890071721603,-0.00017599472161051213,-0.00011074923198468586,-0.038180000000000006,0.0,-0.00975,-0.0948,,-0.0255836340253168,-0.14273,-0.1683136340253168,70.0,-0.0693519118014701
"cantlay, patrick",,NC,15466,,,,,999,,,-2.0,,,,,,,,-0.43,18.0,-2.0,Torrey Pines Golf Course (South Course),Farmers Insurance Open,2026-02-01 00:58:47 UTC,2026-01-30 09:32,n/a,1.0,2.0,0.92,0.48,0.24,-1.15,0.92,0.48,0.24,-1.15,,2026-01-30 09:32,0.96,0.0016926421768707,1.5488497968766386,-0.3310366673967438,1.1102230246251565e-16,0.008662474666666557,-1.8712239896067158,3.501479219279674,-6.552051914225521,0.0,-1.8712239896067158,-0.11283480657328496,-0.0035014792192796743,-0.009828077871338282,0.03984,-0.0,0.0138,-0.0288,,-0.1261643636639029,0.02484,-0.10132436366390292,70.0,1.4475254332127356
"fisk, steven",,NC,26657,,,,,999,,,-4.0,,,,,,,,1.57,18.0,-2.0,Torrey Pines Golf Course (South Course),Farmers Insurance Open,2026-02-01 00:58:47 UTC,2026-01-30 09:43,n/a,6.0,9.0,0.52,0.17,-2.34,0.13,0.52,0.17,-2.34,0.13,,2026-01-30 09:43,0.96,-0.0001260244897959,-0.2746205332174295,1.6689633326032562,1.1102230246251565e-16,0.006843807999999957,1.9504276738206856,3.8041681108055707,7.419754759181341,0.0,1.9504276738206856,0.11761078873138735,-0.0038041681108055706,0.011129632138772012,-0.38844,0.0,0.0078,-0.0102,,0.12493625275935379,-0.39084,-0.26590374724064625,68.0,-0.5405242804580758
"svensson, jesper",,NC,26850,,,,,999,,,0.0,,,,,,,,-2.43,18.0,-2.0,Torrey Pines Golf Course (South Course),Farmers Insurance Open,2026-02-01 00:58:47 UTC,2026-01-30 10:05,n/a,2.0,2.0,0.96,-0.44,0.74,1.22,0.96,-0.44,0.74,1.22,,2026-01-30 10:05,0.96,-0.0037909133786849,0.2726077969645274,-2.331036667396744,1.1102230246251565e-16,0.003178919111110957,-2.600465545250161,6.762421052033217,-17.585442948286722,0.0,-2.600465545250161,-0.15680807237858468,-0.0067624210520332165,-0.026378164422430083,0.12284,0.0,0.0144,0.0264,,-0.189948657853048,0.16364,-0.026308657853047993,72.0,0.24629913911147944
"yu, kevin",,NC,17881,,,,,999,,,-4.0,,,,,,,,1.57,18.0,-2.0,Torrey Pines Golf Course (South Course),Farmers Insurance Open,2026-02-01 00:58:47 UTC,2026-01-30 10:38,n/a,2.0,7.0,-1.68,-0.31,0.47,-0.0,-1.68,-0.31,0.47,0.0,,2026-01-30 10:38,0.96,-0.0111565133786847,0.5066024698469239,1.6689633326032562,1.1102230246251565e-16,-0.004186680888888843,1.1581741818674434,1.3413674355443217,1.5535371322451754,0.0,1.1581741818674434,0.06983790316660683,-0.0013413674355443217,0.0023303056983677633,0.07802,0.0,-0.025199999999999997,0.0186,,0.07082684142943027,0.07142000000000001,0.14224684142943028,68.0,0.6488493112763543
"pendrith, taylor",,NC,17780,,,,,999,,,0.0,,,,,,,,-2.43,18.0,-2.0,Torrey Pines Golf Course (South Course),Farmers Insurance Open,2026-02-01 00:58:47 UTC,2026-01-30 10:38,n/a,0.0,0.0,0.45,0.36,0.51,1.16,0.45,0.36,0.51,1.16,,2026-01-30 10:38,0.96,-0.0111565133786847,1.2673253792143298,-2.331036667396744,1.1102230246251565e-16,-0.004186680888888843,-3.6025487274999626,12.9783573340116,-46.755164698683295,0.0,-3.6025487274999626,-0.21723368826824774,-0.0129783573340116,-0.07013274704802494,0.08466,0.0,0.00675,-0.021599999999999998,,-0.30034479265028424,0.06981000000000001,-0.2305347926502843,72.0,1.0367905865640454
"mouw, william",,NC,29770,,,,,999,,,-4.0,,,,,,,,1.57,18.0,-2.0,Torrey Pines Golf Course (South Course),Farmers Insurance Open,2026-02-01 00:58:47 UTC,2026-01-30 10:49,n/a,2.0,4.0,-1.47,-0.9,0.83,0.02,-1.47,-0.9,0.83,0.02,,2026-01-30 10:49,0.96,-0.0142785578231291,0.0081757299119855,1.6689633326032562,1.1102230246251565e-16,-0.007308725333333243,1.6534788773579374,2.733992397868865,4.520598680733347,0.0,1.6534788773579374,0.09970477630468362,-0.0027339923978688652,0.00678089802110002,0.13778,0.0,-0.02205,0.054,,0.10375168192791477,0.16973,0.2734816819279148,68.0,0.2816574118399003
"schauffele, xander",,NC,19895,,,,,999,,,-3.0,,,,,,,,0.57,18.0,-2.0,Torrey Pines Golf Course (South Course),Farmers Insurance Open,2026-02-01 00:58:47 UTC,2026-01-30 10:49,n/a,4.0,2.0,0.35,-0.47,-0.75,0.35,0.35,-0.47,-0.75,0.35,,2026-01-30 10:49,0.96,-0.0142785578231291,1.7428444329500956,0.6689633326032561,1.1102230246251565e-16,-0.007308725333333243,-1.0811898256801726,1.168971439154322,-1.263880026524362,0.0,-1.0811898256801726,-0.06519574648851441,-0.001168971439154322,-0.0018958200397865429,-0.1245,0.0,0.0052499999999999995,0.028199999999999996,,-0.06826053796745528,-0.09104999999999999,-0.1593105379674553,69.0,1.5835338949826403
"wu, dylan",,NC,25002,,,,,999,,,0.0,,,,,,,,-2.43,18.0,-2.0,Torrey Pines Golf Course (South Course),Farmers Insurance Open,2026-02-01 00:58:47 UTC,2026-01-30 11:00,n/a,0.0,2.0,0.7,2.22,0.83,-1.28,0.7,2.22,0.83,-1.28,,2026-01-30 11:00,0.96,-0.0177340244897957,0.2853059767815313,-2.331036667396744,1.1102230246251565e-16,-0.010764191999999844,-2.6271068361782755,6.901690328694628,-18.131477843699148,0.0,-2.6271068361782755,-0.15841454222155002,-0.006901690328694628,-0.02719721676554872,0.13778,-0.0,0.010499999999999999,-0.1332,,-0.19251344931579337,0.01508,-0.17743344931579336,72.0,0.10787252746573794
"blanchet, chandler",,NC,24956,,,,,999,,,-3.0,,,,,,,,0.57,18.0,-2.0,Torrey Pines Golf Course (South Course),Farmers Insurance Open,2026-02-01 00:58:47 UTC,2026-01-30 11:11,n/a,2.0,5.0,0.71,0.32,-0.16,-1.39,0.71,0.32,-0.16,-1.39,,2026-01-30 11:11,0.96,-0.0215229133786845,0.1527875150060479,0.6689633326032561,1.1102230246251565e-16,-0.014553080888888644,0.5016227367083197,0.2516253699827442,0.12622100671598763,0.0,0.5016227367083197,0.030247851023511678,-0.0002516253699827442,0.00018933151007398145,-0.02656,-0.0,0.01065,-0.0192,,0.030185557163602914,-0.035109999999999995,-0.004924442836397085,69.0,0.1478630721696508
"olesen, thorbjorn",,NC,13412,,,,,999,,,-1.0,,,,,,,,-1.43,18.0,-1.0,Torrey Pines Golf Course (South Course),Farmers Insurance Open,2026-02-01 00:58:47 UTC,2026-01-30 09:10,n/a,2.0,2.0,2.24,-0.14,0.8,-2.41,2.24,-0.14,0.8,-2.41,,2026-01-30 09:10,0.96,0.005329975510204,0.6483102606717606,-1.3310366673967438,1.1102230246251565e-16,0.012299807999999857,-1.9670471200685045,3.8692743725697976,-7.611045011318289,0.0,-1.9670471200685045,-0.11861294134013081,-0.0038692743725697977,-0.011416567516977434,0.1328,-0.0,0.033600000000000005,0.008400000000000001,,-0.13389878322967805,0.1748,0.04090121677032196,71.0,0.6892114774420826
"woodland, gary",,NC,12577,,,,,999,,,0.0,,,,,,,,-2.43,18.0,-1.0,Torrey Pines Golf Course (South Course),Farmers Insurance Open,2026-02-01 00:58:47 UTC,2026-01-30 09:54,n/a,5.0,3.0,-1.99,-0.11,2.47,1.12,-1.99,-0.11,2.47,1.12,,2026-01-30 09:54,0.96,-0.0019446911564625,0.454895468728957,-2.331036667396744,1.1102230246251565e-16,0.005025141333333357,-2.780906994792368,7.733443713685119,-21.505987717220012,0.0,-2.780906994792368,-0.16768869178597978,-0.007733443713685119,-0.03225898157583002,0.41002000000000005,0.0,-0.029849999999999998,0.0066,,-0.20768111707549491,0.38677000000000006,0.17908888292450514,72.0,0.6339843516534621
"phillips, chandler",,NC,27164,,,,,999,,,-3.0,,,,,,,,0.57,18.0,-1.0,Torrey Pines Golf Course (South Course),Farmers Insurance Open,2026-02-01 00:58:47 UTC,2026-01-30 09:54,n/a,1.0,4.0,-1.49,-0.01,0.03,-0.05,-1.49,-0.01,0.03,-0.05,,2026-01-30 09:54,0.96,-0.0019446911564625,-0.1926027536489845,0.6689633326032561,1.1102230246251565e-16,0.005025141333333357,0.866591227585574,0.7509803557282722,0.6507929883632145,0.0,0.866591227585574,0.052255451023410115,-0.0007509803557282722,0.0009761894825448218,0.00498,-0.0,-0.02235,0.0006,,0.05248066015022666,-0.01677,0.03571066015022667,69.0,-0.15689209349875782
"byrd, marcus",,NC,29304,,,,,999,,,-1.0,,,,,,,,-1.43,18.0,-1.0,Torrey Pines Golf Course (South Course),Farmers Insurance Open,2026-02-01 00:58:47 UTC,2026-01-30 10:05,n/a,3.0,4.0,-1.47,0.52,1.09,0.34,-1.47,0.52,1.09,0.34,,2026-01-30 10:05,0.96,-0.0037909133786849,-1.387945742499172,-1.3310366673967438,1.1102230246251565e-16,0.003178919111110957,0.06008799421353922,0.003610567048606323,0.0002169517319242521,0.0,0.06008799421353922,0.003623306051076415,-3.610567048606323e-06,3.254275978863782e-07,0.18094000000000002,0.0,-0.02205,-0.0312,,0.0036200209116256953,0.12769000000000003,0.13131002091162572,71.0,-1.256635721587546
"hastings, justin",,NC,31960,,,,,999,,,-2.0,,,,,,,,-0.43,18.0,-1.0,Torrey Pines Golf Course (South Course),Farmers Insurance Open,2026-02-01 00:58:47 UTC,2026-01-30 11:11,n/a,1.0,1.0,-0.14,1.58,0.26,-2.21,-0.14,1.58,0.26,-2.21,,2026-01-30 11:11,0.96,-0.0215229133786845,-0.4042785187084123,-0.3310366673967438,1.1102230246251565e-16,-0.014553080888888644,0.05868877042277996,0.0034443717737377717,0.00020214594427959948,0.0,0.05868877042277996,0.0035389328564936315,-3.4443717737377716e-06,3.0321891641939923e-07,0.043160000000000004,-0.0,-0.0021000000000000003,-0.0948,,0.003535791703636313,-0.05373999999999999,-0.050204208296363684,70.0,-0.454482727004776
"griffin, lanto",,NC,15330,,,,,999,,,-2.0,,,,,,,,-0.43,18.0,0.0,Torrey Pines Golf Course (South Course),Farmers Insurance Open,2026-02-01 00:58:47 UTC,2026-01-30 09:10,n/a,3.0,4.0,-2.51,2.49,-0.39,-1.11,-2.51,2.49,-0.39,-1.11,,2026-01-30 09:10,0.96,0.005329975510204,-0.2832207432478018,-0.3310366673967438,1.1102230246251565e-16,0.012299807999999857,-0.03551611614894207,0.0012613945063051435,-4.479983379557091e-05,0.0,-0.03551611614894207,-0.0021416218037812068,-1.2613945063051435e-06,-6.719975069335637e-08,-0.06474,-0.0,-0.037649999999999996,-0.1494,,-0.002142950398038205,-0.25179,-0.2539329503980382,70.0,-0.53715369364584
"malnati, peter",,NC,14926,,,,,999,,,-2.0,,,,,,,,-0.43,18.0,0.0,Torrey Pines Golf Course (South Course),Farmers Insurance Open,2026-02-01 00:58:47 UTC,2026-01-30 09:21,n/a,2.0,0.0,-2.37,-0.09,0.54,0.4,-2.37,-0.09,0.54,0.4,,2026-01-30 09:21,0.96,0.0035113088435374,-0.6844574246799286,-0.3310366673967438,1.1102230246251565e-16,0.010481141333333256,0.3639018986165182,0.1324245918167067,0.04818956038561702,0.0,0.3639018986165182,0.021943284486576047,-0.00013242459181670672,7.228434057842553e-05,0.08964000000000001,0.0,-0.03555,0.005399999999999999,,0.021883144235337767,0.059490000000000015,0.08137314423533779,70.0,-0.6030842804445908
"riley, davis",,NC,19872,,,,,999,,,-4.0,,,,,,,,1.57,18.0,0.0,Torrey Pines Golf Course (South Course),Farmers Insurance Open,2026-02-01 00:58:47 UTC,2026-01-30 09:43,n/a,6.0,8.0,0.75,-0.74,-3.13,-0.4,0.75,-0.74,-3.13,-0.4,,2026-01-30 09:43,0.96,-0.0001260244897959,-0.7705928171938428,1.6689633326032562,1.1102230246251565e-16,0.006843807999999957,2.446399957797099,5.984872753509648,14.64139245160701,0.0,2.446399957797099,0.14751791745516507,-0.0059848727535096475,0.021962088677410514,-0.51958,-0.0,0.01125,0.044399999999999995,,0.16349513337906593,-0.46393000000000006,-0.3004348666209341,68.0,-1.0710276838147768
"noren, alex",,NC,10419,,,,,999,,,-3.0,,,,,,,,0.57,18.0,0.0,Torrey Pines Golf Course (South Course),Farmers Insurance Open,2026-02-01 00:58:47 UTC,2026-01-30 09:43,n/a,2.0,4.0,0.19,0.22,-0.15,-2.78,0.19,0.22,-0.15,-2.78,,2026-01-30 09:43,0.96,-0.0001260244897959,0.6679424548239521,0.6689633326032561,1.1102230246251565e-16,0.006843807999999957,0.00786468577930411,6.185328240718831e-05,4.86456630551095e-07,0.0,0.00786468577930411,0.00047424055249203786,-6.185328240718831e-08,7.296849458266425e-10,-0.024900000000000002,-0.0,0.00285,-0.0132,,0.0004741794288945765,-0.035250000000000004,-0.034775820571105426,69.0,0.6331666342528467
"paul, jeremy",,NC,22087,,,,,999,,,0.0,,,,,,,,-2.43,18.0,0.0,Torrey Pines Golf Course (South Course),Farmers Insurance Open,2026-02-01 00:58:47 UTC,2026-01-30 10:05,n/a,3.0,6.0,0.72,-0.57,0.14,0.2,0.72,-0.57,0.14,0.2,,2026-01-30 10:05,0.96,-0.0037909133786849,-0.604394707997442,-2.331036667396744,1.1102230246251565e-16,0.003178919111110957,-1.7234630402881912,2.970324851239415,-5.119245098760652,0.0,-1.7234630402881912,-0.10392482132937793,-0.002970324851239415,-0.007678867648140979,0.023240000000000004,0.0,0.010799999999999999,0.034199999999999994,,-0.11457401382875831,0.06824,-0.046334013828758326,72.0,-0.6507287218262003
"spaun, j.j.",,NC,17536,,,,,999,,,-3.0,,,,,,,,0.57,18.0,0.0,Torrey Pines Golf Course (South Course),Farmers Insurance Open,2026-02-01 00:58:47 UTC,2026-01-30 10:49,n/a,2.0,5.0,-1.1,0.85,0.27,-2.54,-1.1,0.85,0.27,-2.54,,2026-01-30 10:49,0.96,-0.0142785578231291,1.3920764940054335,0.6689633326032561,1.1102230246251565e-16,-0.007308725333333243,-0.7304218867355106,0.533516132622263,-0.3896918601937862,0.0,-0.7304218867355106,-0.04404443977015129,-0.000533516132622263,-0.0005845377902906794,0.044820000000000006,-0.0,-0.0165,-0.051,,-0.04516249369306423,-0.022679999999999992,-0.06784249369306422,69.0,1.3242340003123694
"saddier, adrien",,NC,14792,,,,,999,,,1.0,,,,,,,,-3.43,18.0,0.0,Torrey Pines Golf Course (South Course),Farmers Insurance Open,2026-02-01 00:58:47 UTC,2026-01-30 11:22,n/a,4.0,3.0,0.52,-0.76,-0.85,2.57,0.52,-0.76,-0.85,2.57,,2026-01-30 11:22,0.96,-0.0256452244897958,-0.315189550686928,-3.331036667396744,1.1102230246251565e-16,-0.018675391999999943,-3.034522508709816,9.208326855866515,-27.94287511168403,0.0,-3.034522508709816,-0.1829817072752019,-0.009208326855866516,-0.04191431266752605,-0.1411,0.0,0.0078,0.0456,,-0.23410434679859446,-0.0877,-0.3218043467985945,73.0,-0.6369938974855225
"logan, hunter",,NC,31866,,,,,999,,,-1.0,,,,,,,,-1.43,18.0,0.0,Torrey Pines Golf Course (South Course),Farmers Insurance Open,2026-02-01 00:58:47 UTC,2026-01-30 11:22,n/a,2.0,7.0,-0.87,1.56,-0.65,-0.56,-0.87,1.56,-0.65,-0.56,,2026-01-30 11:22,0.96,-0.0256452244897958,-2.35436756897406,-1.3310366673967438,1.1102230246251565e-16,-0.018675391999999943,1.0046555095773164,1.0093326929240574,1.014031650942664,0.0,1.0046555095773164,0.06058072722751218,-0.0010093326929240575,0.001521047476413996,-0.10790000000000001,-0.0,-0.013049999999999999,-0.0936,,0.06109244201100211,-0.21455000000000002,-0.1534575579889979,71.0,-2.5078251269630583
"bhatia, akshay",,NC,26096,,,,,999,,,-3.0,,,,,,,,0.57,18.0,1.0,Torrey Pines Golf Course (South Course),Farmers Insurance Open,2026-02-01 00:58:47 UTC,2026-01-30 09:32,n/a,2.0,6.0,0.49,-0.04,-0.13,-3.84,0.49,-0.04,-0.13,-3.84,,2026-01-30 09:32,0.96,0.0016926421768707,0.5094833531041599,0.6689633326032561,1.1102230246251565e-16,0.008662474666666557,0.16814245416576287,0.02827188489288567,0.004753704109781752,0.0,0.16814245416576287,0.010138989986195501,-2.827188489288567e-05,7.130556164672629e-06,-0.021580000000000002,-0.0,0.00735,0.0024,,0.010117848657467288,-0.011830000000000004,-0.001712151342532716,69.0,0.5077712017616273
"wise, aaron",,NC,22051,,,,,999,,,-2.0,,,,,,,,-0.43,18.0,1.0,Torrey Pines Golf Course (South Course),Farmers Insurance Open,2026-02-01 00:58:47 UTC,2026-01-30 09:43,n/a,2.0,7.0,-3.23,1.91,-0.78,-0.42,-3.23,1.91,-0.78,-0.42,,2026-01-30 09:43,0.96,-0.0001260244897959,-1.6482015318816738,-0.3310366673967438,1.1102230246251565e-16,0.006843807999999957,1.3240086724849303,1.7529989648153073,2.320985832272572,0.0,1.3240086724849303,0.0798377229508413,-0.0017529989648153073,0.003481478748408858,-0.12948,-0.0,-0.04845,-0.1146,,0.08156620273443485,-0.29253,-0.2109637972655652,70.0,-1.859165329147239
"nyholm, pontus",,NC,25475,,,,,999,,,-3.0,,,,,,,,0.57,18.0,1.0,Torrey Pines Golf Course (South Course),Farmers Insurance Open,2026-02-01 00:58:47 UTC,2026-01-30 09:54,n/a,1.0,7.0,-2.0,0.63,-2.3,0.14,-2.0,0.63,-2.3,0.14,,2026-01-30 09:54,0.96,-0.0019446911564625,-1.3407153167588073,0.6689633326032561,1.1102230246251565e-16,0.005025141333333357,2.0147037906953966,4.059031364242401,8.177745876090672,0.0,2.0147037906953966,0.12148663857893241,-0.0040590313642424,0.012266618814136009,-0.3818,0.0,-0.03,-0.0378,,0.12969422602882602,-0.4496,-0.3199057739711739,69.0,-1.6606210907299812
"smith, jordan",,NC,18586,,,,,999,,,0.0,,,,,,,,-2.43,18.0,1.0,Torrey Pines Golf Course (South Course),Farmers Insurance Open,2026-02-01 00:58:47 UTC,2026-01-30 10:05,n/a,3.0,4.0,1.79,-0.37,-0.25,-1.69,1.79,-0.37,-0.25,-1.69,,2026-01-30 10:05,0.96,-0.0037909133786849,0.3201110847947581,-2.331036667396744,1.1102230246251565e-16,0.003178919111110957,-2.6479688330803914,7.01173894096513,-18.566866181371775,0.0,-2.6479688330803914,-0.1596725206347476,-0.0070117389409651305,-0.027850299272057663,-0.0415,-0.0,0.02685,0.022199999999999998,,-0.19453455884777038,0.007549999999999994,-0.18698455884777038,72.0,0.1331265259469877
"homa, max",,NC,17538,,,,,999,,,-2.0,,,,,,,,-0.43,18.0,1.0,Torrey Pines Golf Course (South Course),Farmers Insurance Open,2026-02-01 00:58:47 UTC,2026-01-30 10:38,n/a,2.0,7.0,-0.03,-0.91,1.01,-2.59,-0.03,-0.91,1.01,-2.59,,2026-01-30 10:38,0.96,-0.0111565133786847,0.7450711359998851,-0.3310366673967438,1.1102230246251565e-16,-0.004186680888888843,-1.0802944842855176,1.1670361727777123,-1.2607427404134428,0.0,-1.0802944842855176,-0.0651417574024167,-0.0011670361727777123,-0.0018911141106201642,0.16766,-0.0,-0.00045,0.0546,,-0.06819990768581459,0.22181,0.15361009231418543,70.0,0.8986812283140705
"kanaya, takumi",,NC,19729,,,,,999,,,-1.0,,,,,,,,-1.43,18.0,2.0,Torrey Pines Golf Course (South Course),Farmers Insurance Open,2026-02-01 00:58:47 UTC,2026-01-30 09:10,n/a,2.0,2.0,-1.83,0.09,-0.41,-0.37,-1.83,0.09,-0.41,-0.37,,2026-01-30 09:10,0.96,0.005329975510204,-0.1359825303680935,-1.3310366673967438,1.1102230246251565e-16,0.012299807999999857,-1.1827543290286502,1.3989078028360125,-1.6545642597162513,0.0,-1.1827543290286502,-0.07132008604042761,-0.0013989078028360125,-0.002481846389574377,-0.06806,-0.0,-0.02745,-0.005399999999999999,,-0.075200840232838,-0.10091,-0.176110840232838,71.0,-0.31209337060093145
"clanton, luke",,NC,32330,,,,,999,,,-1.0,,,,,,,,-1.43,18.0,2.0,Torrey Pines Golf Course (South Course),Farmers Insurance Open,2026-02-01 00:58:47 UTC,2026-01-30 09:54,n/a,2.0,5.0,1.19,-1.02,-0.31,-2.38,1.19,-1.02,-0.31,-2.38,,2026-01-30 09:54,0.96,-0.0019446911564625,-0.2753985627319947,-1.3310366673967438,1.1102230246251565e-16,0.005025141333333357,-1.0506129633314156,1.1037875987200185,-1.159653559979706,0.0,-1.0506129633314156,-0.06335196168888436,-0.0011037875987200186,-0.001739480339969559,-0.051460000000000006,-0.0,0.017849999999999998,0.0612,,-0.06619522962757393,0.02758999999999999,-0.03860522962757394,71.0,-0.31400379235956866
"potgieter, aldrich",,NC,27900,,,,,999,,,3.0,,,,,,,,-5.43,18.0,2.0,Torrey Pines Golf Course (South Course),Farmers Insurance Open,2026-02-01 00:58:47 UTC,2026-01-30 10:38,n/a,8.0,4.0,0.44,-0.85,1.71,0.18,0.44,-0.85,1.71,0.18,,2026-01-30 10:38,0.96,-0.0111565133786847,0.4765395769046379,-5.331036667396743,1.1102230246251565e-16,-0.004186680888888843,-5.81176292519027,33.77658829861616,-196.30152361331292,0.0,-5.81176292519027,-0.35044930438897326,-0.03377658829861616,-0.2944522854199694,0.28386,0.0,0.0066,0.051,,-0.5,0.34146,-0.33721817810755883,75.0,0.13932139879707905
"campos, rafael",,NC,12909,,,,,999,,,-2.0,,,,,,,,-0.43,18.0,3.0,Torrey Pines Golf Course (South Course),Farmers Insurance Open,2026-02-01 00:58:47 UTC,2026-01-30 10:16,n/a,3.0,5.0,1.02,-0.81,-1.58,-3.15,1.02,-0.81,-1.58,-3.15,,2026-01-30 10:16,0.96,-0.0059126911564626,-1.2251905409699042,-0.3310366673967438,1.1102230246251565e-16,0.001057141333333257,0.8952110149064938,0.8014027612099146,0.7174245792115942,0.0,0.8952110149064938,0.053981224198861574,-0.0008014027612099146,0.0010761368688173914,-0.26228,-0.0,0.0153,0.048600000000000004,,0.05425595830646905,-0.19838,-0.14412404169353094,70.0,-1.3693145826634352
"van rooyen, erik",,NC,17550,,,,,999,,,0.0,,,,,,,,-2.43,18.0,3.0,Torrey Pines Golf Course (South Course),Farmers Insurance Open,2026-02-01 00:58:47 UTC,2026-01-30 10:27,n/a,6.0,4.0,-1.39,-0.85,-2.38,2.11,-1.39,-0.85,-2.38,2.11,,2026-01-30 10:27,0.96,-0.0083678911564625,-0.891857049259855,-2.331036667396744,1.1102230246251565e-16,-0.0013980586666666427,-1.4405776768035556,2.0752640429047298,-2.98957905368165,0.0,-1.4405776768035556,-0.08686683391125441,-0.00207526404290473,-0.004484368580522475,-0.39508,0.0,-0.020849999999999997,0.051,,-0.09342646653468162,-0.36493,-0.4583564665346816,72.0,-1.3502135157945365
"putnam, andrew",,NC,14704,,,,,999,,,0.0,,,,,,,,-2.43,18.0,3.0,Torrey Pines Golf Course (South Course),Farmers Insurance Open,2026-02-01 00:58:47 UTC,2026-01-30 11:00,n/a,0.0,3.0,0.03,0.86,-0.41,-3.0,0.03,0.86,-0.41,-3.0,,2026-01-30 11:00,0.96,-0.0177340244897957,-0.3537679106198685,-2.331036667396744,1.1102230246251565e-16,-0.010764191999999844,-1.9880329487768753,3.9522750054224782,-7.85725293340719,0.0,-1.9880329487768753,-0.11987838681124557,-0.003952275005422478,-0.011785879400110784,-0.06806,-0.0,0.00045,-0.0516,,-0.13561654121677882,-0.11920999999999998,-0.25482654121677883,72.0,-0.6085944518366473
"shipley, neal",,NC,32055,,,,,999,,,-1.0,,,,,,,,-1.43,18.0,3.0,Torrey Pines Golf Course (South Course),Farmers Insurance Open,2026-02-01 00:58:47 UTC,2026-01-30 11:22,n/a,3.0,6.0,-0.72,-1.48,1.44,-2.76,-0.72,-1.48,1.44,-2.76,,2026-01-30 11:22,0.96,-0.0256452244897958,0.0609334885596013,-1.3310366673967438,1.1102230246251565e-16,-0.018675391999999943,-1.410645547956345,1.9899208619690565,-2.8070730047221018,0.0,-1.410645547956345,-0.0850619265417676,-0.0019899208619690565,-0.004210609507083153,0.23904,-0.0,-0.010799999999999999,0.08879999999999999,,-0.09126245691081981,0.31704000000000004,0.22577754308918016,71.0,0.2867110316487815
"penge, marco",,NC,22465,,,,,999,,,1.0,,,,,,,,-3.43,18.0,4.0,Torrey Pines Golf Course (South Course),Farmers Insurance Open,2026-02-01 00:58:47 UTC,2026-01-30 09:43,n/a,1.0,8.0,-1.89,0.43,1.69,-2.74,-1.89,0.43,1.69,-2.74,,2026-01-30 09:43,0.96,-0.0001260244897959,0.2643567118240185,-3.331036667396744,1.1102230246251565e-16,0.006843807999999957,-3.5885495712207627,12.87768802510872,-46.21222184081864,0.0,-3.5885495712207627,-0.21638953914461198,-0.01287768802510872,-0.06931833276122797,0.28054,-0.0,-0.028349999999999997,-0.0258,,-0.29858555993094865,0.22639000000000004,-0.07219555993094864,73.0,0.19216115189306984
"chatfield, davis",,NC,30620,,,,,999,,,0.0,,,,,,,,-2.43,18.0,4.0,Torrey Pines Golf Course (South Course),Farmers Insurance Open,2026-02-01 00:58:47 UTC,2026-01-30 10:05,n/a,4.0,4.0,-1.26,0.22,-0.99,-1.49,-1.26,0.22,-0.99,-1.49,,2026-01-30 10:05,0.96,-0.0037909133786849,-0.5470145521731474,-2.331036667396744,1.1102230246251565e-16,0.003178919111110957,-1.7808431961124858,3.1714024891401333,-5.647770544919408,0.0,-1.7808431961124858,-0.10738484472558289,-0.0031714024891401336,-0.008471655817379112,-0.16434,-0.0,-0.0189,-0.0132,,-0.11902790303210214,-0.19644,-0.31546790303210215,72.0,-0.8624824552052496
"lebioda, hank",,NC,21943,,,,,999,,,-1.0,,,,,,,,-1.43,18.0,4.0,Torrey Pines Golf Course (South Course),Farmers Insurance Open,2026-02-01 00:58:47 UTC,2026-01-30 11:00,n/a,0.0,3.0,-0.02,-2.66,-0.52,-1.31,-0.02,-2.66,-0.52,-1.31,,2026-01-30 11:00,0.96,-0.0177340244897957,-0.3664446627751589,-1.3310366673967438,1.1102230246251565e-16,-0.010764191999999844,-0.9753561966215846,0.9513197102881231,-0.9278755743977715,0.0,-0.9753561966215846,-0.058813978656281546,-0.0009513197102881232,-0.0013918133615966571,-0.08632000000000001,-0.0,-0.0003,0.1596,,-0.061157111728166326,0.07297999999999999,0.011822888271833643,71.0,-0.35462177450332527
"wallace, matt",,NC,20706,,,,,999,,,-2.0,,,,,,,,-0.43,18.0,4.0,Torrey Pines Golf Course (South Course),Farmers Insurance Open,2026-02-01 00:58:47 UTC,2026-01-30 11:00,n/a,3.0,4.0,-1.31,-2.06,-2.2,0.05,-1.31,-2.06,-2.2,0.05,,2026-01-30 11:00,0.96,-0.0177340244897957,-0.5334286814441449,-0.3310366673967438,1.1102230246251565e-16,-0.010764191999999844,0.19162782204740136,0.03672122218263053,0.0070368078297762095,0.0,0.19162782204740136,0.011555157669458303,-3.6721222182630526e-05,1.0555211744664315e-05,-0.3652,0.0,-0.01965,0.1236,,0.011528991659020337,-0.26125000000000004,-0.2497210083409797,70.0,-0.7831496897851247
"streelman, kevin",,NC,8480,,,,,999,,,-1.0,,,,,,,,-1.43,18.0,5.0,Torrey Pines Golf Course (South Course),Farmers Insurance Open,2026-02-01 00:58:47 UTC,2026-01-30 09:21,n/a,4.0,5.0,-2.14,-1.8,-2.84,1.27,-2.14,-1.8,-2.84,1.27,,2026-01-30 09:21,0.96,0.0035113088435374,-1.501842496612258,-1.3310366673967438,1.1102230246251565e-16,0.010481141333333256,0.1812869705488477,0.03286496569077878,0.005957990067273103,0.0,0.1812869705488477,0.010931604324095517,-3.2864965690778776e-05,8.936985100909654e-06,-0.47144,0.0,-0.032100000000000004,0.108,,0.010907676343505647,-0.39554000000000006,-0.38463232365649436,71.0,-1.8864748202687525
"garnett, brice",,NC,11451,,,,,999,,,3.0,,,,,,,,-5.43,18.0,5.0,Torrey Pines Golf Course (South Course),Farmers Insurance Open,2026-02-01 00:58:47 UTC,2026-01-30 11:00,n/a,2.0,2.0,-1.96,0.57,-0.26,0.12,-1.96,0.57,-0.26,0.12,,2026-01-30 11:00,0.96,-0.0177340244897957,-0.6002242451803139,-5.331036667396743,1.1102230246251565e-16,-0.010764191999999844,-4.741576614216429,22.482548788484134,-106.60272756345628,0.0,-4.741576614216429,-0.2859170698372507,-0.022482548788484134,-0.15990409134518443,-0.043160000000000004,0.0,-0.0294,-0.034199999999999994,,-0.4683037099709193,-0.10676,-0.5750637099709193,75.0,-1.1752879551512332
"aberg, ludvig",,NC,23950,,,,,999,,,0.0,,,,,,,,-2.43,18.0,6.0,Torrey Pines Golf Course (South Course),Farmers Insurance Open,2026-02-01 00:58:47 UTC,2026-01-30 10:38,n/a,3.0,8.0,-2.04,-1.93,1.08,-2.63,-2.04,-1.93,1.08,-2.63,,2026-01-30 10:38,0.96,-0.0111565133786847,1.8061097264557031,-2.331036667396744,1.1102230246251565e-16,-0.004186680888888843,-4.141333074741336,17.15063963594653,-71.02651117731507,0.0,-4.141333074741336,-0.24972238440690256,-0.01715063963594653,-0.10653976676597261,0.17928000000000002,-0.0,-0.0306,0.11579999999999999,,-0.37341279080882167,0.26448,-0.10893279080882169,72.0,1.6971769356468813
"vegas, jhonattan",,NC,13508,,,,,999,,,5.0,,,,,,,,-7.43,18.0,8.0,Torrey Pines Golf Course (South Course),Farmers Insurance Open,2026-02-01 00:58:47 UTC,2026-01-30 10:49,n/a,1.0,5.0,-4.33,0.86,1.07,-0.12,-4.33,0.86,1.07,-0.12,,2026-01-30 10:49,0.96,-0.0142785578231291,-0.0091603346238724,-7.331036667396743,1.1102230246251565e-16,-0.007308725333333243,-7.329185058106204,53.71695361596724,-393.70149380913114,0.0,-7.329185058106204,-0.4419498590038041,-0.05371695361596724,-0.5905522407136967,0.17762000000000003,-0.0,-0.06495,-0.0516,,-0.5,0.06107000000000003,-1.025149053333468,77.0,-1.0343093879573404
