player_name,r1_ott_mean,r2_ott_mean,r3_ott_mean,r4_ott_mean,tourn_ott_per_round_mean,r1_app_mean,r2_app_mean,r3_app_mean,r4_app_mean,tourn_app_per_round_mean,r1_arg_mean,r2_arg_mean,r3_arg_mean,r4_arg_mean,tourn_arg_per_round_mean,r1_putt_mean,r2_putt_mean,r3_putt_mean,r4_putt_mean,tourn_putt_per_round_mean,r1_total_mean,r2_total_mean,r3_total_mean,r4_total_mean,tourn_total_sg_per_round_mean
"aberg, ludvig",0.6872711651011836,0.5648806369928147,0.6215949285639795,0.6382582799003093,0.628001252639567,0.6042427858198613,0.4898481773678428,0.5493574768581252,0.5564784703973086,0.549981727610788,0.3367714976341907,0.3034614440762236,0.30218631873091517,0.3159170047487706,0.31458406629752217,0.36265815424767717,0.3217075849105151,0.32748402863542303,0.3420430916388614,0.3384732148581154,1.9909436028029024,1.6798978433473932,1.8006227527884382,1.8526968466852278,1.8310402614059902
"berger, daniel",0.2925084686702048,0.3457486750429504,0.2740267535293878,0.295283820697775,0.30189192948507915,0.8211979355838215,0.8689836002956789,0.7927478382700124,0.8202052397874622,0.8257836534842435,-0.3571959913425523,-0.3381012020563698,-0.37972397596936563,-0.35720789717369994,-0.3580572666354983,-0.0638144953648142,-0.054490606555260494,-0.09146339631212351,-0.07154758855746131,-0.0703290216974153,0.6926959175466573,0.8221404667270035,0.5955872195179099,0.6867335747540801,0.6992892946364128
"bhatia, akshay",-0.207841116915967,-0.009218590576883632,-0.10196811549546066,-0.08774579965484361,-0.10169340566078823,0.6622281944241089,0.8570428026175119,0.7763541235722234,0.7910473357515428,0.7716681140913624,-0.21605353954872952,-0.11247792167184763,-0.17679689170241308,-0.1699116028323392,-0.16880998893883462,0.5253141209408261,0.6349675202656292,0.5619953314670497,0.5851629341133601,0.576859976696717,0.7636476589002367,1.3703138106344201,1.0595844478414018,1.1185528673777165,1.0780246961884439
"blanchet, chandler",0.4027831828310223,0.35935629582795225,0.3159888019110691,0.3407813194290187,0.3547273999997656,0.1451928319038634,0.11945167509572414,0.07364764430925094,0.10245564392013881,0.11018694880724435,-0.09518492412586799,-0.10900830826997798,-0.1357167878895992,-0.12719991764738162,-0.11677748448320774,-0.23089979634438274,-0.24552175756569886,-0.2683389771011864,-0.25888929946572653,-0.25091245761924846,0.22189129426463877,0.12427790508800106,-0.014419318770465598,0.05714774623604061,0.0972244067045537
"bradley, keegan",0.23065568263853445,0.3776041332675472,0.2830692286258063,0.2973428314420821,0.2971679689934951,-0.17316595470157317,-0.016419950683804488,-0.11639711266358245,-0.0870296966368813,-0.09825317867146079,0.2337370049610594,0.29563569099115705,0.23581301189451653,0.25301221617135394,0.2545494810045216,0.23168570212721235,0.2891243381301241,0.22666046340160415,0.253551979389367,0.250255620762072,0.5229124350252357,0.9459442117050209,0.6291455912583459,0.71687733036592,0.7037198920886306
"brennan, michael",0.9498432397680396,0.8394172606401976,0.8572123380947595,0.8836671674008529,0.8825350014759628,0.284989382125142,0.19236486696911564,0.19722811684816316,0.21073610166407897,0.2213296169016232,-0.3261446330215041,-0.36452170336634954,-0.3740891834450423,-0.3477662539609238,-0.35313044344845557,-0.3211993482750181,-0.3453240461206777,-0.34156558867810355,-0.33601774154195885,-0.3360266811539412,0.587488640596654,0.32193637812227954,0.3387856828197817,0.41061927356204453,0.4147074937751898
"bridgeman, jacob",0.2480247807754026,0.11608716132152702,0.15888706783377393,0.17096513039922043,0.17349103508247962,0.3499785248189067,0.19683441248302075,0.25233150413591643,0.24834015771508056,0.26187114978823034,0.03975899974597377,-0.010153673629162627,-0.01379967156210082,-0.006271602558376044,0.002383512999083617,0.8180285213798085,0.7727961564324711,0.7756733643120787,0.7851773794920003,0.7879188554040782,1.4557908267200872,1.0755640566078595,1.1730922647196624,1.19821106504793,1.2256645532738848
"burns, sam",0.1301467638897372,0.32374147571287043,0.2650692505620511,0.2813090216301266,0.25006662794869494,0.17411199828030025,0.3954728957147387,0.32692053218944833,0.33618385665975553,0.30817232071105943,-0.26979404732072193,-0.16887241827919902,-0.21203981681912443,-0.1855325516367267,-0.2090597085139421,0.8811933895613729,0.9801327816337054,0.9382685078869719,0.9570245988694467,0.9391548194878755,0.9156581044106772,1.5304747347821086,1.318218473819343,1.38898492552261,1.2883340596336847
"campbell, brian",-0.6390425611801195,-0.7442738652192302,-0.7726846067245847,-0.7633726213343718,-0.7298434136145711,-0.48393981820487364,-0.6027833759562209,-0.6266334744481774,-0.6206098744366543,-0.5834916357614843,0.06901951925767622,-0.009927931507360998,-0.04253593684066688,-0.031011644967688667,-0.0036139985145102276,0.4524058768777753,0.39559050240221505,0.35045719029857236,0.3598480296016473,0.3895753997950588,-0.6015569832495213,-0.9613946702805922,-1.0913968277148636,-1.055146111137086,-0.9273736480955158
"cantlay, patrick",0.23802874182018854,0.4394299303708694,0.36184524508426896,0.3748374985210893,0.35353535394909785,0.48158889650724157,0.6824157301797271,0.5968756759938255,0.6183532493308724,0.5948083880029145,0.39927572884783863,0.49607893845744583,0.4393048103058829,0.458408285924533,0.44826694088392105,0.1466884259277532,0.22832525244251564,0.18322298973563445,0.19413132745536701,0.1880919988903179,1.2655817931030178,1.8462498514505443,1.581248721119605,1.6457303612318679,1.5847026817262584
"castillo, ricky",0.051802619287929216,0.19906399380303727,0.10853276892180613,0.13066616765144262,0.12251638741605399,-0.4448675766734869,-0.2790474334213484,-0.36705524294378716,-0.3612247237817078,-0.3630487442050912,0.18729929397105538,0.24349651064709604,0.19227504797016715,0.21545610859963166,0.20963174029698559,0.14826975339391474,0.19446451858748215,0.1504244750671561,0.16304266165857956,0.16405035217678393,-0.057495910020595065,0.35797758961626763,0.08417704901534205,0.14794021412793712,0.13314973568473795
"cauley, bud",-0.10307327332866002,0.033266149970769085,-0.06773859279203655,-0.043684344820494644,-0.045307515242605366,0.29719325971850946,0.45195302241355634,0.34513836606960163,0.3601462500695119,0.3636077245677978,0.1747178224586467,0.2241089187275425,0.16481310154242215,0.18804766266584336,0.1879218763486128,-0.2283332713590219,-0.1761206275570136,-0.23994944585261055,-0.21676255109705395,-0.21529147396642714,0.1405045374894667,0.5332074635548525,0.20226342896738006,0.28774701681780535,0.2909306117073761
"clark, wyndham",0.0032638261400311144,0.13193809994582834,0.027734445010028554,0.05096082359243983,0.05347429867208226,0.3992974349192909,0.5267005210731872,0.4195501807707647,0.45968542539280594,0.4513083905390131,0.34433412306123384,0.399982926672706,0.33003340084045457,0.35578637863298046,0.35753420730184066,-0.27646730077585,-0.22878725546623974,-0.29562254850822256,-0.26612136616649223,-0.2667496177291983,0.47042808334470815,0.8298342922254864,0.4816954781130127,0.6003112614517341,0.5955672787837354
"conners, corey",-0.010947732110622051,0.16741192387612144,0.08176026174199601,0.10389417961797971,0.08552965828136837,0.679349058009319,0.8486293141244017,0.764101056509618,0.7822002236015991,0.7685699130612325,0.08498612278883726,0.1584095208848005,0.1041428503561556,0.12035929371233947,0.1169744469355323,-0.14956741410233607,-0.08874816393353538,-0.14233261478599898,-0.1130927786885851,-0.12343524287761438,0.603820034585196,1.0857025949517896,0.8076715538217712,0.8933609182433389,0.847638775400524
"coody, pierceson",0.5082450191750483,0.5244383727636911,0.4596974273286045,0.48109503689017996,0.4933689640393864,0.24156522912229084,0.2686579102437169,0.1978094540570843,0.2232077032552612,0.23281007416958563,-0.41824592470189265,-0.41735907475296896,-0.46083252705019295,-0.4373086483011854,-0.4334365437015636,-0.05193366987686762,-0.03911482505456281,-0.08088326050785255,-0.05922548471798497,-0.05778931003931743,0.279630653718579,0.3366223831998741,0.11579109382764667,0.20776860712626566,0.23495318446809133
"day, jason",0.0879742903466302,0.28759015493595236,0.21341947814127113,0.2326265618460249,0.20540262131746956,-0.27484874052068714,-0.08374006358060802,-0.13592276675383572,-0.13150217224579724,-0.1565034357752326,0.4342539289689648,0.5295913634568583,0.4792899069700278,0.49622718337828126,0.4848405956935307,0.5166300821362286,0.6090389193286596,0.5677312217185712,0.5847964218437259,0.5695491612568003,0.7640095609311447,1.3424803741408604,1.124517840076024,1.1821479948222506,1.10328894249257
"echavarria, nicolas",-0.17784943553705063,-0.020866880857120497,-0.0949957503276427,-0.08236126379186895,-0.09401833262841942,-0.1167687300180757,0.027671529690845395,-0.05025996830680362,-0.030046734992655415,-0.04235097590667222,-0.2529536670195528,-0.2070278225620897,-0.24750570213477416,-0.23857541560200357,-0.2365156518296019,0.3265966363710552,0.3815267555117747,0.34215035032755453,0.35085420044886634,0.350281985664811,-0.22097519620362313,0.18130358178340905,-0.050611070441667586,-0.00012921393766125383,-0.02260297469988573
"english, harris",0.44437439768736725,0.3070707438207396,0.34871404338865913,0.36356564683310455,0.36593120793246636,0.06391303015893861,-0.06092867213754186,-0.03027033931169437,-0.01859619931279574,-0.011470545150773292,0.07335665034268757,0.032539521419500755,0.035609042589962704,0.04536419528251783,0.04671735240866703,0.9385582070626218,0.8968824322985189,0.8896729896056824,0.9132774826758191,0.9095977779106775,1.5202022852516288,1.1755640254012172,1.243725736272604,1.3036111254786475,1.3107757931010244
"finau, tony",-0.3078114937298106,-0.4768882399263645,-0.46801983694617016,-0.43935085035813237,-0.4230176052401192,0.3104531057408991,0.13854485682400494,0.16107236249239676,0.17354498431187762,0.19590382734229148,0.3826643635883307,0.29319036336906584,0.2774878101275282,0.3091303286484478,0.3156182164333466,0.07133625409317983,-0.007643177603805352,-0.019562546415477874,-9.693127640973258e-05,0.011008399699371724,0.45664222969260304,-0.052796197337094744,-0.049022210741721195,0.043227531325787785,0.09951283823489372
"fisk, steven",0.1222452484326066,0.02197848099215294,0.006621005752225358,0.025708521866860855,0.04413831426096164,-0.02459938839254196,-0.1263201858866661,-0.12662095654357222,-0.11029008830241577,-0.09695765478129868,0.05175016495105355,0.005556046301425961,-0.005077387703131305,0.009883362988102508,0.01552804663436268,0.006292731116433665,-0.05731643369938026,-0.06180530041429621,-0.0408448249676785,-0.03841845699123026,0.155688756107552,-0.15610209229246785,-0.1868826389087746,-0.11554302841513106,-0.07570975087720538
"fitzpatrick, matt",0.4038202476536301,0.5936491893126131,0.5318200446716658,0.5452816305949529,0.5186427780582235,0.6901277548234671,0.8817932199081525,0.8262459785106666,0.8323415619499843,0.807627128798073,0.40341782352304845,0.49961973042609453,0.44975191632542477,0.46670569539620893,0.45487379141768874,0.22714105364355897,0.30624520473926814,0.2711710651280473,0.274827537877438,0.26984621534707776,1.7245068796437115,2.2813073443861325,2.0789890046358095,2.119156425818579,2.0509899136210583
"fleetwood, tommy",0.38935736337387555,0.5922666474017398,0.5336916801273314,0.5392409560784127,0.5136391617453485,0.549016515504473,0.7616531807008421,0.6900376541892982,0.7087455264174484,0.6773632192030159,0.2733655307356845,0.37276063963877865,0.32868599053538927,0.3405335410999162,0.3288364255024438,0.41025747986535605,0.5040716690244093,0.4477128468037754,0.45689715089394006,0.45473478664687084,1.6219968894793932,2.2307521367657963,2.0001281716558057,2.045417174489703,1.9745735930976747
"fowler, rickie",0.39261112052387115,0.5017019719669703,0.4216721197687602,0.43596779386023515,0.4379882515299585,0.10260597112050689,0.2172418207953465,0.13355210019341585,0.1548300863029738,0.15205749460305953,-0.10218898655406633,-0.041159619885220954,-0.08798784413010471,-0.07302151794024545,-0.07608949212740881,0.5640414009657236,0.6244829666793918,0.5916852530235698,0.6099703882355281,0.5975450022260574,0.9570695060560406,1.3022671395564889,1.0589216288556424,1.1277467504584975,1.1115012562316673
"fox, ryan",0.15243747755603826,0.17937669105824164,0.09926568062629597,0.11940398089932465,0.1376209575349755,-0.0012687922367955555,0.03047308233591019,-0.05077736335290971,-0.027201931129921187,-0.012193751095928951,0.03143894972532685,0.038919071175808284,-0.0040905413982940415,0.012216647010121885,0.019621031628240672,0.11169990380829566,0.11487968739565801,0.08226796527327172,0.09754967148870311,0.10159930699148235,0.29430753885286787,0.36364853196562047,0.12666574114836415,0.20196836826822764,0.24664754505877
"gerard, ryan",0.26007004365099035,0.10204752250466213,0.12650548383275567,0.1516591958569127,0.16007056146133306,0.8341029075953171,0.6746066287294387,0.7057257682808264,0.7377717748844472,0.7380517698725225,-0.06465153231170957,-0.1416662940774807,-0.14404690783813923,-0.11446516433905708,-0.11620747464159549,0.20503853050853552,0.1315166415652188,0.1323090682437907,0.1534628171653274,0.15558176437071822,1.234559949443136,0.7665044987218373,0.8204934125192304,0.9284286235676305,0.9374966210629584
"glover, lucas",0.058899823936857984,-0.055288176653943574,-0.052902460604194027,-0.03948741118833837,-0.022194556127404043,0.25801798551596483,0.15209372819647496,0.1438443260705424,0.15610167698173022,0.1775144291911815,0.1459970160670453,0.09890237044919348,0.07615370727044325,0.08753091962038702,0.10214600335176785,-0.460027653468223,-0.509856188909129,-0.522375629464625,-0.5134284274421659,-0.5014219748210355,0.002887172051651402,-0.31414826691740255,-0.35528005672783297,-0.3092832420283892,-0.24395609840549337
"gotterup, chris",0.6258782613041567,0.492926215766912,0.5559520856960318,0.5654480717867916,0.5600511586384708,0.3361381769124669,0.20228733244414204,0.26468849633768793,0.2857158112896657,0.27220745424599035,0.17736335383312005,0.13669003592680423,0.15802755600380908,0.17097684151045697,0.160764446818546,0.16771733372421718,0.12186003803361653,0.13674382756789724,0.15705612543598085,0.14584433119042542,1.3070971257739643,0.9537636221714734,1.1154119656054213,1.1791968500228853,1.1388673908934361
"griffin, ben",0.04642138185256093,-0.10550081652613644,-0.0695022921701824,-0.05153164646066206,-0.04502834332610564,0.3285862944267538,0.17774940609904843,0.20971634853270257,0.23198274036077615,0.23700869735481847,0.38646900058771716,0.33714138304713126,0.3299989523337096,0.34747715986181515,0.35027162395759115,0.5630543915153846,0.5005546477926072,0.503874885991084,0.5239599986028738,0.5228609809754865,1.324531068382424,0.9099446204126497,0.9740878946873128,1.0518882523647954,1.0651129589617956
"hall, harry",-0.34615020266466323,-0.191128728793831,-0.3006479532799025,-0.28788825169922116,-0.28145378410940125,-0.06089832549054542,0.09075846871375548,-0.017116944259226077,-0.0032894153230595834,0.0023634459102313244,0.36670625113704647,0.4221834263083847,0.3485784167368736,0.3617337689436726,0.3748004657814965,0.6368168581387913,0.6909974015804221,0.6252001457497749,0.640502980433563,0.64837934647564,0.5964745811206175,1.0128105678087351,0.6560136649475264,0.7110590823549726,0.7440894740579627
"harman, brian",0.0899794413443033,-0.0802087499821765,-0.05031401910165211,-0.03130555839062751,-0.017962221532537893,0.3344553400289749,0.17208045111969703,0.20526619225702064,0.22233451827671274,0.23353412542059782,0.373113551347943,0.2971561944094765,0.2923492351806663,0.31281127728328556,0.3188575645553439,0.15635702853762135,0.07415431729748448,0.0752717565451484,0.09659540634514237,0.10059462718134864,0.9539053612588404,0.46318221284448174,0.5225731648811852,0.6004356435145153,0.6350240956247558
"henley, russell",0.12304975934695025,0.32871197566707944,0.2517052675263457,0.2615082643855933,0.24124381673148818,0.6597931070565898,0.8714603540078341,0.794738678320001,0.8045070280217039,0.782624791851534,0.2975185445893312,0.39628263872346614,0.340409874226795,0.35417857319013984,0.3470974076824344,0.39181022670089427,0.49157932304905255,0.4415549638334273,0.4487290842134119,0.44341839944919637,1.4721716376937848,2.0880342914474364,1.8284087839065737,1.8689229498108308,1.8143844157146563
"higgo, garrick",0.04392929956186901,0.09155924189503886,0.009533566997529209,0.020027313037574997,0.04126235537300382,-0.46785001888323285,-0.42895781831030333,-0.5194093235796909,-0.48321521159207775,-0.47485809309132526,0.015172009305007722,0.019124673332092,-0.030770876770448773,-0.02085186984934284,-0.004331515995672906,-0.11558791634621292,-0.10016319130964159,-0.14481431376979492,-0.14238783978233113,-0.1257383153019957,-0.5243366263625602,-0.4184370943928147,-0.6854609471224059,-0.6264276081861795,-0.56366556901599
"highsmith, joe",-0.16346551698887543,-0.24090263420999,-0.27137708216183504,-0.2547907385685121,-0.23263399298230256,-0.14324997008889218,-0.2137277757034063,-0.24322107880729094,-0.23668828198885344,-0.20922177664711042,-0.14295624511550076,-0.17456670314217895,-0.2133061483506004,-0.2029086125584756,-0.18343442729169024,-0.3135100348831891,-0.35905564465253775,-0.3794207636009067,-0.3735029400159635,-0.35637234578814986,-0.7631817670764593,-0.9882527577081143,-1.1073250729206268,-1.0678905731318054,-0.9816625427092515
"hisatsune, ryo",0.4647902647723174,0.33637306477239776,0.3450826871191904,0.3713411449413446,0.3793967904013132,0.5913208906630215,0.46068734163846603,0.48671346578244046,0.49874010883576086,0.5093654517299244,0.0945244238668371,0.031357977815241855,0.03523023214556517,0.06224572041707256,0.0558395885611798,-0.10709906791339557,-0.15019129515003868,-0.17202950176310824,-0.1495378207749426,-0.14471442140037327,1.04353651138879,0.6782270890760644,0.6949968832840854,0.7827891534192505,0.7998874092920475
"hoge, tom",-0.36193637772790155,-0.5117714557528712,-0.49912993674528405,-0.4846642633712026,-0.46437550839931796,0.42286212087231123,0.27940315196633136,0.28477108253307665,0.30666397604379236,0.32342508285388155,-0.13231873916406756,-0.2038188807182599,-0.21876808621001942,-0.2077503507141057,-0.19066401420161233,-0.23002121628368136,-0.32240785798224597,-0.3256858570219401,-0.3160633780003371,-0.2985445773220502,-0.3014142123033414,-0.7585950424870522,-0.7588127974441649,-0.7018140160418491,-0.6301590170691019
"hojgaard, nicolai",0.21367512996773905,0.3487106743782886,0.24677102326639547,0.2731591637782528,0.2705789978476667,0.6069427577555063,0.7355752159215331,0.6452547838705784,0.6659389931970641,0.6634279376861666,-0.12115298418882543,-0.049257744654892494,-0.10272924592138868,-0.08663849587885246,-0.08994461766098955,0.17764789257780336,0.24643909012339657,0.1970200435746945,0.2107191526481511,0.20795654473101055,0.8771127961122263,1.2814672357683312,0.9863166047902837,1.0631788137446025,1.052018862603861
"homa, max",-0.25899872616145125,-0.1083431005269403,-0.14889169146128806,-0.13110082028014747,-0.16183358460745573,0.2039655874436328,0.3577386218111311,0.32253555726977035,0.3287280533112081,0.3032419549589353,-0.18709148298518413,-0.14457267257788176,-0.16456821029582697,-0.14623371631332407,-0.1606165205430529,0.16142241412589908,0.20761570469769713,0.17911911716524292,0.1981713275107221,0.18658214087489142,-0.08070220757709662,0.3124385534040109,0.18819477267790152,0.24956484422846217,0.16737399068331948
"horschel, billy",-0.3240729757087954,-0.47883467672176305,-0.4292042182004743,-0.40588673538559356,-0.40949965150415757,0.2836817315272984,0.1305803722482532,0.18622456033334053,0.19077295779200026,0.19781490547522507,-0.15370637646626326,-0.2375890942246874,-0.23341511522258857,-0.21233248368272994,-0.20926076739906735,0.33085925582681414,0.2553279592624663,0.25793697683685024,0.2863099422280699,0.28260853353855003,0.13676163517905715,-0.33051543943574174,-0.21845779625287395,-0.14113631904825344,-0.13833697988945298
"hovland, viktor",0.12865456704238185,6.304561325686557e-05,0.03962881049433502,0.06050139111200122,0.057211953565495105,1.0026329186073781,0.8738923973252856,0.9143743287437199,0.9313000211963984,0.9305499164682081,0.19776707771457233,0.15414586967178895,0.15368091175638382,0.17938524498016467,0.17124477603072974,0.2812254929936683,0.24638807946926394,0.22812371249756996,0.26181689846574385,0.2543885458565623,1.6102800563579958,1.2744893920795957,1.3358077634920105,1.433003555754312,1.4133951919209788
"im, sungjae",0.4361218152137269,0.25907749517800127,0.28883473854641717,0.3043529774083929,0.32209675658663606,-0.43185083521022133,-0.6056207893193063,-0.5724384480454194,-0.5658274882736822,-0.5439343902121585,0.6962990771725462,0.6146775801649732,0.6060677615139201,0.6273330673627293,0.6360943715535472,0.22291866439679042,0.14980587356432465,0.1597015531140632,0.1567960071506122,0.17230552455644751,0.9234887215728425,0.4179401595879871,0.48216560512898043,0.5226545636480494,0.586562262484465
"keefer, johnny",0.5915860131375574,0.4690738180647056,0.5296816033316334,0.5526875402289368,0.5357572436907116,0.27265097183521025,0.160274155709396,0.2228685725832071,0.22605308850774636,0.22046169715888983,-0.22710492328517437,-0.2783034574322327,-0.260258228896969,-0.24628920416061395,-0.2529889534437439,-0.43402102741814824,-0.4838601423214517,-0.4783912842483722,-0.4427594082930347,-0.45975796557024734,0.2031110342694524,-0.13281562597958432,0.013900662769496603,0.08969201628304253,0.04347202183560181
"kim, michael",-0.13754117900698165,-0.12152214951194865,-0.20844645647542845,-0.19490927125988686,-0.16560476406355965,0.22246319764720293,0.22923336081920911,0.15869472520931044,0.17636259519856554,0.19668846971856824,0.10843570168928629,0.10319131206942016,0.05200506553275833,0.07640097589089961,0.08500826379559039,0.24526298978755334,0.24559743238891185,0.17835533038494095,0.20119805859759893,0.2176034527897525,0.4386207101170517,0.4564999557655888,0.18060866465158174,0.25905235842717916,0.33369542224035037
"kim, si woo",0.5204979642165317,0.7114908447796398,0.6315946238830968,0.6462611812322264,0.6274611535278747,0.63790719628352,0.8395637468158826,0.7575391309281336,0.7686441152653006,0.7509135473232149,0.25469290800843497,0.3478770742675248,0.29793358627783034,0.3199202588681298,0.3051059568554812,-0.11471860616782753,-0.0198838232217651,-0.06975015631901244,-0.0578390595592098,-0.06554791131695345,1.2983794623406568,1.8790478426412842,1.6173171847700365,1.6769864958064575,1.617932746389609
"kitayama, kurt",0.3402848682666629,0.4281185794559215,0.338362464919613,0.3582917335974918,0.36626441155992223,0.7042489434752628,0.7909939569350916,0.6971484952027578,0.7246846423460557,0.7292690094897799,-0.33923600936697224,-0.30740610893183207,-0.35273178679229616,-0.335336318662318,-0.3336775559383548,0.03419146204315579,0.054366665150993004,0.005600266937692748,0.034794224016158226,0.032238154536999075,0.7394892644180981,0.9660730926101777,0.6883794402677659,0.782434281297394,0.7940940196483589
"knapp, jake",0.30262803763699364,0.5056258814025281,0.4568730513508526,0.4848369268650512,0.437490974313856,-0.0668896958778813,0.12305433446111728,0.08821899801081161,0.0936688488070771,0.05951312135028211,-0.2025988972196235,-0.10299960214520887,-0.14023111025470247,-0.11659468240887122,-0.1406060730071014,0.8068630919082816,0.9069917602082044,0.8772865679365662,0.8922657752935481,0.8708517988366427,0.8400025364477619,1.432672373926638,1.2821475070435164,1.3541768685567874,1.2272498214936762
"lee, min woo",0.6713349894694021,0.5500931783284544,0.5811387833496889,0.5957049548155469,0.5995679764907744,0.1048557462547194,-0.008125250892185656,0.01430582305192385,0.026751463539103983,0.03444694548839075,0.39745375916510345,0.357940696700164,0.36019577479315557,0.36666754554307757,0.37056444405037714,0.4649804694971721,0.4373891995317347,0.4381860565503181,0.44519893950332806,0.4464386662706336,1.6386249643864006,1.337297823668168,1.393826437745088,1.4343229034010563,1.4510180323001782
"lipsky, david",-0.32796197570476965,-0.39489609719776164,-0.44424076952965685,-0.41892566271207127,-0.3965061262860579,0.11946006888238266,0.05358718839494004,-0.011340673556989948,0.029479836614414615,0.04779660508368641,0.19642835811430118,0.15541117337592114,0.11213693885696079,0.1328260548691311,0.14920063130407912,0.037563012097691736,-0.007600856022017819,-0.03835059356307886,-0.011780553658505723,-0.0050422477864777646,0.025489463389607194,-0.19349859144892154,-0.38179509779276893,-0.268400324887032,-0.20455113768477876
"lowry, shane",-0.049000118981106795,0.16004792329443315,0.07615570264137787,0.10452817458459225,0.07293292038482443,0.588571703218658,0.7985023718070364,0.7370662387698433,0.7500274378069501,0.7185419379006258,-0.011525505490440933,0.08877067949506652,0.03398010889083068,0.060842064317159564,0.04301683680315461,0.20430075203494696,0.2969814743523163,0.23465567803327048,0.25962875116882916,0.24889166389734085,0.7323468307820586,1.3443024489488566,1.0818577283353263,1.1750264278775318,1.0833833589859432
"macintyre, robert",0.7983329802733823,0.6516930126991506,0.7061243602651663,0.7173106914961123,0.7183652611834447,-0.09154436958507947,-0.23184951501602016,-0.18003886676777048,-0.16709633009152342,-0.16763227036509787,0.2162861657238669,0.17613737150756642,0.1752138273053489,0.19349278921781268,0.19028253843864637,0.9871952756815404,0.945139070212204,0.9392924924642181,0.9683823143980583,0.9600022881889969,1.9102700520937081,1.5411199394028965,1.6405918132669506,1.7120894650204543,1.7010178174460024
"mccarthy, denny",-0.24861771419967946,-0.34741415580869944,-0.36389401642230784,-0.35037103509210404,-0.3275742303806929,0.2132443397715008,0.09821065672552823,0.09470480482116517,0.11272757664848496,0.12972184449167098,-0.0448176576751022,-0.09448777391087218,-0.11971536414542436,-0.09615901504779799,-0.08879495269479988,0.7244385480741876,0.6624818668904956,0.6373057230281365,0.6606188941371454,0.6712112580324999,0.6442475159709083,0.3187905938964554,0.24840114728156704,0.32681642064573196,0.3845639194486657
"mccarty, matt",0.2212775708730407,0.05969309990368824,0.08930111707164164,0.10593297452450177,0.11905119059321768,0.08849266746720422,-0.060965635429982325,-0.03146234450760415,-0.019582732107160144,-0.005879511144385685,0.053317713759468345,-0.020708157969805893,-0.012638935419747229,-0.0011675208030133095,0.004700774891725214,0.5223833071732519,0.4693190281707783,0.4640162653613952,0.47168722522487194,0.4818514564825714,0.885471259272973,0.44733833467467404,0.509216102505679,0.5568699468391924,0.5997239108231295
"mcnealy, maverick",0.20562059330698038,0.4105346515195888,0.3164663344498333,0.33673940201752545,0.31734024532347993,0.08089023084801948,0.27502106522698183,0.19393060735080428,0.19591315499834977,0.1864387646060355,0.2724403818209326,0.36315376090702384,0.3070671299566517,0.3276020242979045,0.31756582424562785,0.541166565708897,0.6185965936777457,0.5654808453022097,0.5791851266152858,0.5761072828260408,1.1001177716848327,1.6673060713313477,1.3829449170595014,1.4394397079290706,1.3974521170011882
"morikawa, collin",0.2439940158873207,0.4505282029606581,0.3785932137931884,0.3978007521516851,0.3677290461982119,0.846013402953682,1.0524705038508293,0.9895543810020052,0.9993356963864889,0.9718434960482574,0.018130613097352803,0.11954502381080347,0.06946715308841286,0.09715766062429124,0.07607511265521429,0.1935361743988438,0.29625903880450194,0.23936599803465905,0.26777833219571534,0.24923488585843148,1.3016742063372082,1.9188027694268033,1.6769807459182646,1.7620724413581836,1.664882540760115
"mouw, william",0.22090601687462622,0.26177243498837444,0.18309915097084914,0.20342138342519447,0.2172997465647625,-0.049587632078957895,1.2761643815559223e-05,-0.0831576142819999,-0.06465201644139644,-0.04934612528963444,-0.10254247631326625,-0.10644248844393701,-0.1461016361132085,-0.1344390111567689,-0.12238140300679594,0.056089494370201054,0.07605294142043752,0.02323687827374386,0.04188498460067304,0.049316074666263976,0.12486540285260343,0.23139564960869505,-0.022923221150617054,0.046215340427700084,0.09488829293459537
"noren, alex",-0.1392857188985476,-0.006143615258279643,-0.10700178484673863,-0.09426083211893911,-0.08667298778062568,0.11402943650027392,0.24473574145763968,0.13668201235504396,0.15818217903605486,0.1634073423372541,0.3173958863437962,0.38138708025875073,0.31714923070315837,0.3298081441838206,0.3364350853723816,0.6273912465140818,0.6956859713169274,0.635635826411501,0.6556514694877615,0.6535911284325552,0.9195308504596,1.315665177775034,0.9824652846229553,1.0493809605886975,1.0667605683615715
"novak, andrew",-0.015084065838096912,0.1465939513277492,0.07036805938042165,0.08319413807440901,0.07126802073612108,0.030277619738165153,0.20714197900612696,0.12900460797299507,0.13782888916055014,0.12606327396945743,0.08101159570931576,0.1465901731290518,0.09851990015889989,0.1077136371543859,0.10845882653791274,-0.02848046221404675,0.03163015318955772,-0.017078602841929535,-0.010993222415863509,-0.006230533570570615,0.06772468739533681,0.5319562566524877,0.28081396467038455,0.31774344197347926,0.29955958767292207
"pendrith, taylor",0.6647697391006178,0.5424266897898502,0.5555297522725463,0.5682925402041248,0.5827546803417901,0.05038541561595003,-0.0790755444105518,-0.07589139963170421,-0.05791367823805298,-0.0406238016660899,0.2694827542482634,0.21951780701267035,0.204665749708723,0.22532054822069364,0.2297467147975897,-0.30154294373643836,-0.34124603969978984,-0.3566310826095625,-0.33312797585793014,-0.3331370104759304,0.6830949652283935,0.3416229126921824,0.32767301974000274,0.4025714343288372,0.4387405829973541
"penge, marco",0.7756824261973029,0.6593758170895189,0.7101304266443933,0.7311061061853634,0.7190736940291333,-0.29780446626728707,-0.4249600643804534,-0.3574089947810499,-0.34353352497966955,-0.355926762602116,-0.09625683026945014,-0.14773329197573942,-0.133684164910181,-0.12395174445309856,-0.12540650790211877,0.143829650679235,0.09447962593438543,0.11055880357089405,0.10424786107059167,0.11327898531377556,0.5254507803397908,0.18116208666770744,0.32959607052405454,0.3678686978231836,0.35101940883868404
"poston, j.t.",0.3614152243044862,0.25052997487853934,0.24123647354280153,0.26009601946375444,0.27831942304739327,0.2701762136381097,0.17145241512119963,0.16623214921524984,0.18134697050568732,0.19730193712006436,0.07627910455795998,0.024847819362271654,0.0159618691669963,0.038217343973180475,0.03882653426510164,0.3465283363687963,0.2952290678381696,0.2645361465608594,0.29698995052077376,0.30082087532214663,1.0543988788693526,0.7420592772001767,0.6879666384859076,0.7766502844633932,0.8152687697547074
"potgieter, aldrich",0.34973394602683017,0.46224017547557794,0.37841017572790625,0.38172402033869635,0.393027079392258,-0.14212187729270806,-0.00016089105920096827,-0.09684450969999038,-0.08234353302068453,-0.08036770276814596,-0.46171094299438153,-0.42282121423539526,-0.4696356128715167,-0.4554953294178897,-0.45241577487979756,-0.45040573496807323,-0.39664094460782684,-0.44752576386660936,-0.42975804809353174,-0.4310826228840079,-0.7045046092283356,-0.3573828744268326,-0.6355957107102015,-0.5858728901934043,-0.5708390211396933
"putnam, andrew",-0.45275030549167006,-0.41498586529713904,-0.5158410103445736,-0.5025924114631943,-0.47154239814914195,0.22995869801399044,0.25799855919472886,0.16735549165379088,0.18583919694623396,0.21028798645218777,0.49944513282862724,0.5173255844105304,0.44857556708049845,0.45677903644632534,0.48053133019149225,0.33807316321633546,0.3653398183284961,0.28193344389662617,0.2984873439081565,0.3209584423374023,0.6147266885672745,0.725678096636619,0.3820234922863263,0.4385131658375087,0.5402353608319322
"rodgers, patrick",-0.024702003126374602,-0.13929060308304902,-0.13909976220487122,-0.12538443097924276,-0.10711919984838635,0.24159701482597326,0.1205306622134059,0.10734639587969794,0.13362481931921738,0.15077472305957318,0.14738187144210213,0.09269012011990962,0.07023807902160925,0.09286473258028707,0.10079370079097753,0.0319189524675224,-0.024789421784493875,-0.0337629216622474,-0.015005817846363557,-0.010409802206395709,0.3961958356092223,0.04914075746576875,0.004721791034186199,0.08609930307389475,0.13403942179576794
"schauffele, xander",0.4931039051627623,0.6911849788967531,0.6308787264160154,0.6450164246049386,0.6150460087701208,0.8970947057667121,1.1037234285482134,1.0410807576432168,1.0609902608229218,1.0257222881952859,0.029928351992890307,0.14443612860948601,0.09063014880692195,0.11525751426306548,0.09506303591809076,0.30060473808260163,0.40304473460612456,0.36002557952887243,0.37480766431846985,0.3596206791340145,1.7207317010049732,2.3423892706605924,2.1226152123950426,2.1960718640094012,2.0954520120175024
"scheffler, scottie",0.6329714910695269,0.8300185583037374,0.7662047632603111,0.7574532824098149,0.7466620237608488,0.7335367222799622,0.9492820071869786,0.8642167629188767,0.8685845132102856,0.8539050013990077,0.5188088486601371,0.6158334791949316,0.5680506179111117,0.5619558091302045,0.5661621887240955,0.6357035432553009,0.7272442583973172,0.6759489848243634,0.6639097895690446,0.6757016440115057,2.5210206052649435,3.122378303082967,2.8744211289146513,2.8519033943193524,2.842430857895479
"schenk, adam",-0.1969647238117623,-0.2845975216688736,-0.30990661163493427,-0.2958069586122838,-0.2718189539319621,-0.18379206614800575,-0.27696547656887194,-0.29159709898144204,-0.2855079537100454,-0.25946564885209245,-0.06878428820931978,-0.11704761415056313,-0.1416330412111065,-0.12783307120346277,-0.11382450369361115,-0.31498825273450626,-0.37359912525901673,-0.390322234429798,-0.375026392548636,-0.3634840012429908,-0.7645293309035971,-1.0522097376473218,-1.133458986257289,-1.0841743760744278,-1.0085931077206591
"smith, jordan",0.5375869532185902,0.44544137105247866,0.4516456331562839,0.46611866731340684,0.47519815618518646,0.5266934448327084,0.42665352238239035,0.42432976868378197,0.4363445130846761,0.4535053122459015,-0.08888922331761114,-0.13018895345100137,-0.13994798266767922,-0.11986239501744027,-0.11972213861343611,-0.24368261356572643,-0.28225157929185646,-0.2971061646736068,-0.26987733479467974,-0.27322942308146747,0.7317085611679579,0.45965436069201254,0.4389212544987916,0.5127234505859632,0.5357519067361813
"smotherman, austin",0.3678788212688747,0.5206526975124431,0.42103813011624386,0.4494718191241742,0.4397603670054366,0.5278460586603334,0.6790880151855295,0.5810023995997206,0.6132566258191382,0.6002982748161746,-0.2662462256105949,-0.20436142515892944,-0.25178058911509116,-0.23037418899704076,-0.2381906072204126,-0.5376265045547344,-0.4629799869293179,-0.5136444297758863,-0.48715721109767,-0.5003520330894012,0.09185214976387622,0.5323993006097364,0.2366155108249814,0.34519704484860747,0.3015160015118004
"spaun, j.j.",0.45652873738310146,0.32407249579193703,0.37991656596347273,0.39247432681204975,0.38824803148764275,0.9637045247446705,0.8337260906002176,0.8774544296170181,0.9028759587164528,0.8944402509195875,0.16666398241263358,0.11650257536002902,0.12267836248042813,0.14306762896230524,0.13722813730384745,-0.10612076358319972,-0.15188105418717573,-0.14652443017555195,-0.12101478075447214,-0.13138525717510138,1.4807764809572015,1.122420107564992,1.2335249278853762,1.3174031337363288,1.2885311625359746
"spieth, jordan",0.3098745953812125,0.19091347784590648,0.24023286817699951,0.2601915546510513,0.25030312401379523,0.794110389531786,0.6661662625268909,0.7290937181444436,0.7432000474139402,0.7331426044042713,0.3526933189462002,0.314448397713396,0.3086741892053239,0.3320355357722502,0.3269628604092911,0.13517629473154405,0.08938067519971898,0.08346708818440716,0.11428967212816184,0.1055784325609585,1.5918545985907377,1.2609088132859192,1.3614678637111859,1.4497168099653899,1.415987021388308
"stevens, samuel",0.5670037515628726,0.635290345758338,0.5658120145519374,0.5800435832614675,0.5870374237836458,0.3053771728602941,0.3821283179336993,0.3046463301631912,0.32252091017814605,0.32866818278383214,0.0628912159029401,0.08650420535784406,0.04930709117664252,0.06964448418894044,0.06708674915659138,-0.01836721896211684,-0.004572347909272571,-0.043271093531435365,-0.0191738602437829,-0.021346130161652068,0.9169049213639817,1.0993505211406034,0.8764943423603297,0.9530351173847755,0.9614462255624224
"straka, sepp",0.2469159494237996,0.10821200925246242,0.1537828489109811,0.18039647255195046,0.1723268200347989,0.7608524506739733,0.6248719466890502,0.6653569426059688,0.6950412494300345,0.6865306473497536,0.12915496381963948,0.08506869721955297,0.08080189481048348,0.10446971220631811,0.09987381701399844,0.2544001903658113,0.20646258328103853,0.21259654017724786,0.2219391466848972,0.22384961512724985,1.3913235542832307,1.0246152364421024,1.1125382265046748,1.2018465808731977,1.1825808995258011
"taylor, nick",-0.023372334154901662,-0.19214316278108992,-0.16498496372437496,-0.14467239311632207,-0.13129321344417114,0.5345923702259193,0.3684376362293787,0.38837883857673594,0.41333117276786224,0.42618500444997476,0.47325563998053016,0.40192594820815847,0.38558880628204895,0.40883383177121446,0.417401056560484,0.06518221968603877,-0.005411301580492521,-0.012892886685190353,0.003999835235366251,0.012719466663930383,1.0496578957375902,0.5728091200759691,0.5960897944492127,0.6814924466581235,0.725012314230224
"theegala, sahith",0.06105772894449271,-0.09138295695102146,-0.04644646620215231,-0.025734727970283,-0.025626605544741405,0.31174134123499947,0.16069775284367835,0.2067731172491404,0.22778979025438711,0.2267505003955519,0.28637715647583295,0.21549633152203437,0.2150206912341015,0.2352461928216395,0.238035093013404,0.3156076807988557,0.2364077739245432,0.23991101189852276,0.2634979021322144,0.26385609218853423,0.9747839074541822,0.5212189013392314,0.6152583541796098,0.7007991572379615,0.7030150800527464
"thomas, justin",0.1379526169995336,0.007505580487010628,0.04693682184376752,0.06900200911804816,0.06534925711209046,0.26392353404214614,0.13341093968562642,0.1750762014107696,0.20257893271838726,0.19374740196423654,0.651503249432156,0.6079324298122246,0.5962522855013606,0.6145232272253878,0.6175527979927852,0.36029143296402494,0.33320310257384417,0.3128111339541562,0.33568382464699453,0.33549737353475173,1.4136708334378738,1.082052052558698,1.1310764427100553,1.2217879937088125,1.21214683060386
"thorbjornsen, michael",0.5482824632515433,0.3974426071693129,0.4267044441114743,0.4488689695838823,0.45532462102904603,0.18639222747609308,0.03216261119442225,0.06390161556768816,0.08344264261614406,0.09147477421358506,0.1797488388436636,0.10085269020793033,0.1120514917621103,0.12994874671831042,0.13065044188300373,0.0010994297262313,-0.07410657688591551,-0.0705927280795033,-0.04664549394870285,-0.047561342296973196,0.9155229592975339,0.45635133168575304,0.5320648233617653,0.6156148649696273,0.62988849482867
"valimaki, sami",-0.20696099014786526,-0.15030325178391737,-0.23301668510066517,-0.21951109693859214,-0.20244800599276094,0.20344441563488672,0.26303031681718,0.18593676832819406,0.1975287934887855,0.21248507356726076,-0.14642868412654544,-0.12594365447535869,-0.17762267303607926,-0.15821558807850045,-0.15205264992912196,0.2906805857968975,0.31050886442003744,0.2662279980073486,0.28460889861818434,0.28800658671061896,0.14073532715736942,0.2972922749779458,0.04152540819879692,0.10441100708987783,0.14599100435599746
"vegas, jhonattan",0.11142313203803504,0.12542286825717425,0.05794341090667785,0.07667969801238537,0.09286727730356756,-0.01847988176004729,0.0013738864713075819,-0.07456783972445238,-0.04170016304144224,-0.033343499513658496,-0.27915571294135777,-0.27185365686735674,-0.32217509071315625,-0.30004430211539357,-0.2933071906593165,-0.18186653218894214,-0.17112010669952152,-0.21010572254211027,-0.19712253218772094,-0.1900537234045737,-0.3680789948523086,-0.31617700883839345,-0.5489052420730453,-0.4621872993321696,-0.4238371362739792
"vilips, karl",-0.43671887181500957,-0.6126636105869996,-0.6074242406349746,-0.5841465363008205,-0.5602383148344552,0.21720835423331908,0.053360978163535404,0.06258178528617218,0.08421588747460422,0.1043417512894084,-0.21893950716505467,-0.30438770794463915,-0.32240147451392287,-0.3008546403620815,-0.286645832496428,0.19974957108913416,0.11005219294689214,0.08917145389244603,0.10499099922038224,0.12599105428721205,-0.23870045365761264,-0.7536381474212135,-0.7780724759702782,-0.6957942899679196,-0.6165513417542562
"wallace, matt",0.026385860194599615,-0.04361973686279566,-0.07933079031997453,-0.05847180183401622,-0.03875911720554706,0.33085245252093964,0.25813863451339714,0.22313049698010554,0.2384918220270861,0.26265335151038244,0.24938007205372265,0.21408256787074104,0.17606339422368963,0.20378632090606166,0.21082808876355147,0.0340378774478353,0.0033272155887117383,-0.037734228810072004,-0.013507717648813686,-0.0034692133555845805,0.6406562622170984,0.4319286811100533,0.28212887207374765,0.3702986234503174,0.4312531097128041
"woodland, gary",0.5048370568253553,0.32576470572583044,0.39693270828327176,0.41358829572609024,0.4102806916401266,0.2611166793466395,0.08622052613707458,0.14634601155432927,0.1750153563614687,0.1671746433498784,-0.4117750307037145,-0.48433468727252804,-0.4645221736452186,-0.44586619660324023,-0.4516245220561774,0.43335759226762627,0.35478122998855083,0.3680641499785471,0.39909662827624554,0.3888249001277447,0.7875362977359158,0.2824317745789185,0.4468206961709229,0.5418340837605593,0.5146557130615792
"yellamaraju, sudarshan",0.021566644775508636,0.18020549035059347,0.15287507217309948,0.1624279460921597,0.12926878834784067,0.06620426630894921,0.22947731695725332,0.19782880178271792,0.20604675829570154,0.1748892858361555,-0.4123541741469277,-0.35544783042516204,-0.3768294555100501,-0.36222605071674646,-0.37671437769971666,0.29940654224316315,0.3627876448260092,0.34923675639740476,0.3596690684179613,0.34277500297113306,-0.025176720819314123,0.41702262170869747,0.323111174843173,0.36591772208907614,0.2702186994554081
"young, cameron",0.8341920874981256,0.7088658822370891,0.7676771042967548,0.7773139710774469,0.7720122612773507,0.631081854298204,0.49573310010305793,0.5652495369543119,0.5727816023083943,0.5662115234159906,0.12744273558980404,0.08866863419113058,0.1001571364758345,0.11053705736344652,0.10670139090505416,0.5700212334479854,0.535902519639735,0.5480334107400888,0.5680358215492315,0.555498246344262,2.1627379108341174,1.8291701361710124,1.981117188466999,2.0286684522985237,2.000423421942663
