event_id,event_start,feature_scope,feature_status,player_name,dg_id,source_player_name,source_player_id,app_shot_pooled_var50_raw,arg_shot_pooled_var50_raw,ott_shot_pooled_var50_raw,putt_shot_pooled_var50_raw,app_shot_pooled_var50_shrunk,arg_shot_pooled_var50_shrunk,ott_shot_pooled_var50_shrunk,putt_shot_pooled_var50_shrunk,app_shot_exp_n50,arg_shot_exp_n50,ott_shot_exp_n50,putt_shot_exp_n50,app_shot_indep_var50_raw,arg_shot_indep_var50_raw,ott_shot_indep_var50_raw,putt_shot_indep_var50_raw,app_shot_indep_var50_shrunk,arg_shot_indep_var50_shrunk,ott_shot_indep_var50_shrunk,putt_shot_indep_var50_shrunk,app_shot_history_neff50,arg_shot_history_neff50,ott_shot_history_neff50,putt_shot_history_neff50,app_shot_round_neff50,arg_shot_round_neff50,ott_shot_round_neff50,putt_shot_round_neff50,app_shot_history_rounds,arg_shot_history_rounds,ott_shot_history_rounds,putt_shot_history_rounds,app_shot_history_n,arg_shot_history_n,ott_shot_history_n,putt_shot_history_n,app_shot_variance_reliability,arg_shot_variance_reliability,ott_shot_variance_reliability,putt_shot_variance_reliability,app_shot_history_last_date,arg_shot_history_last_date,ott_shot_history_last_date,putt_shot_history_last_date,app_shot_history_last_event,arg_shot_history_last_event,ott_shot_history_last_event,putt_shot_history_last_event,app_dir_rms_cross_trail16,app_dir_shots_trail16,app_dir_valid_rounds_trail16,app_history_rounds_window,app_history_last_date,app_history_last_event,app_dist_mean_raw,arg_dist_mean_raw,ott_dist_mean_raw,putt_dist_mean_raw,app_dist_std_raw,arg_dist_std_raw,ott_dist_std_raw,putt_dist_std_raw,ott_dist_var_raw,app_dist_var_raw,arg_dist_var_raw,putt_dist_var_raw,my_pred_raw,ott_shot_variance_median_scale,ott_shot_indep_var50_shrunk_median_scaled,ott_shadow_var_blend50,ott_shadow_std_blend50,app_shot_variance_median_scale,app_shot_indep_var50_shrunk_median_scaled,app_shadow_var_blend50,app_shadow_std_blend50,arg_shot_variance_median_scale,arg_shot_indep_var50_shrunk_median_scaled,arg_shadow_var_blend50,arg_shadow_std_blend50,putt_shot_variance_median_scale,putt_shot_indep_var50_shrunk_median_scaled,putt_shadow_var_blend50,putt_shadow_std_blend50,baseline_indep_total_var_raw,baseline_indep_total_std_raw,shadow_indep_total_var_blend50,shadow_indep_total_std_blend50,app_cross_field_mean_yd,app_cross_centered_yd,app_cross_beta_sg_per_yd,app_cross_delta_sg_per_round,my_pred_app_cross_shadow,app_mu_app_cross_shadow,app_cross_recenter_gap_check
28,2026-08-20,pre_event_frozen_per_round,shadow_only,"aberg, ludvig",23950,"aberg, ludvig",52955,0.15951408810986148,0.1716646796807332,0.050037082923946784,0.09443327869254144,0.15888367300082926,0.16892038221588287,0.05007091991068488,0.09448703636534109,19.1858254109028,7.1875965544731955,14.04002840534468,28.9621513566377,3.0604094450551687,1.2338564601979827,0.7025220655728001,2.734990910596935,3.0483144108368814,1.214131557195175,0.7029971378277542,2.736547848453139,908.8038095803149,326.36091246646674,654.5852283028412,1380.1676614309692,49.988158605262264,49.98767534259589,49.988158605262264,49.98906903204878,226,225,226,228,4341,1625,3186,6572,0.9478516882177535,0.8671487969557548,0.9290362641856164,0.9650390640563276,2026-08-13,2026-08-13,2026-08-13,2026-08-13,pga:R2026027,pga:R2026027,pga:R2026027,pga:R2026027,7.17277296914304,173.0,16,16,2026-08-13,pga:R2026027,0.6836888491618288,0.1140477870960361,0.690787160397172,0.1811054066540073,1.437114224717021,1.0376041787585542,1.0866327502321858,1.4006432903093229,1.1807707338771638,2.0652972948840045,1.0766224317772135,1.961801626688526,1.5289663661295965,1.2473467180254434,0.8768811726507295,1.0288259532639468,1.0143105802780266,0.7990575105689154,2.4357785245546686,2.2505379097193368,1.5001792925245092,0.9270717250162905,1.1255870371256458,1.1011047344514298,1.0493353774896899,0.9201861543704667,2.5181334409188687,2.2399675338036973,1.4966521084753455,6.2844920872269086,2.506888925985136,6.620436131238411,2.5730208182675884,6.782272394900272,0.3905005742427674,-0.09819528139411673,-0.03834531377233272,1.4906210523572638,0.6453435353894961,1.1102230246251565e-16
28,2026-08-20,pre_event_frozen_per_round,shadow_only,"bhatia, akshay",26096,"bhatia, akshay",56630,0.15625381413798342,0.1419899059357516,0.06180956099187918,0.10448963080533816,0.15580220752272023,0.14313127631491274,0.061013165501521874,0.1041865807322986,19.892779254768914,7.758826311549897,14.252853456341438,28.225382669439306,3.108322632362594,1.1016750181488044,0.8809626150180521,2.949259814469103,3.0993389216551703,1.1105307126778636,0.8696117068006982,2.9407061101895597,927.4673236482673,345.0447615698416,659.1738579751194,1355.4942015882139,49.99915518760196,49.999120705766465,49.99915518760196,49.999335467102775,292,291,292,298,5675,2092,4133,8552,0.9488473949048428,0.8734320642518878,0.9294954270554144,0.964425324598636,2026-08-13,2026-08-13,2026-08-13,2026-08-13,pga:R2026027,pga:R2026027,pga:R2026027,pga:R2026027,6.454646117887558,165.0,16,16,2026-08-13,pga:R2026027,0.3839972475845167,0.1791840394876973,-0.4613277308618211,0.4153966518459376,1.6999196443659148,1.100050116723316,1.268465972131558,1.6207220770069406,1.6090059224556588,2.8897267973011385,1.2101102593029813,2.6267400508976917,0.520835125039852,1.2473467180254434,1.084707308434355,1.3468566154450068,1.1605415181909722,0.7990575105689154,2.4765500431471272,2.683138420224133,1.6380288215486725,0.9270717250162905,1.0295416234858374,1.1198259413944094,1.0582182862691465,0.9201861543704667,2.705997046669065,2.666368548783378,1.6329018797170203,8.33558302995747,2.8871409785387114,7.816189525846927,2.7957448964179346,6.782272394900272,-0.3276262770127145,-0.09819528139411673,0.03217135446337034,0.5530064795032223,0.416168602047887,5.551115123125783e-17
28,2026-08-20,pre_event_frozen_per_round,shadow_only,"brennan, michael",29197,"brennan, michael",61522,0.15411694354412808,0.13473051954011184,0.06759914043058239,0.11553012016258717,0.1537270532604265,0.13719456006523256,0.06626552102416393,0.11479295011174577,18.927826989897454,6.86959184127669,14.049986845238493,28.964995299657353,2.9170988436150496,0.9255436778037219,0.9497670337991122,3.3463293874781863,2.909719067780104,0.9424706304916664,0.931029698682378,3.3249772604205172,808.1572659207229,280.2955859626951,590.558940725095,1276.6404233246055,45.259219855197934,45.259219855197934,45.259219855197934,45.259219855197934,75,75,75,75,1410,557,1059,2184,0.941735621213491,0.8486204414319748,0.9219431705325956,0.962310812243533,2026-08-13,2026-08-13,2026-08-13,2026-08-13,pga:R2026027,pga:R2026027,pga:R2026027,pga:R2026027,6.152792894278793,149.0,16,16,2026-08-13,pga:R2026027,0.3869318346174881,-0.3788129390545459,0.651897815406023,0.4704759196605949,1.748327503707863,0.964407514873082,0.919485033820899,1.6782386276550036,0.8454527274206197,3.0566490602213676,0.9300818547436738,2.81648489135335,0.8173157305686989,1.2473467180254434,1.1613168390356816,1.0033847832281506,1.0016909619379375,0.7990575105689154,2.325032874755275,2.690840967488321,1.640378300115044,0.9270717250162905,0.8737378731871001,0.9019098639653869,0.9496893512961946,0.9201861543704667,3.0595980386356056,2.9380414649944777,1.7140716043953583,7.648668533739011,2.7656226303924782,7.534177079676336,2.7448455475083358,6.782272394900272,-0.6294795006214793,-0.09819528139411673,0.06181191669535424,0.8791276472640531,0.44874375131284233,0.0
28,2026-08-20,pre_event_frozen_per_round,shadow_only,"bridgeman, jacob",29433,"bridgeman, jacob",60004,0.162006984009643,0.1640857016910301,0.045189567082311206,0.10633272864226873,0.16126854261964405,0.16240169875347057,0.04556843968956001,0.10596492043703701,19.72377916074752,7.90729982010397,14.038444259876924,27.750064403526622,3.1953899751049533,1.297474839463116,0.634391218612995,2.9507400680256772,3.1808251202054585,1.284158923337897,0.6397100005914514,2.9405333666423514,937.3352347532887,338.29944050630263,652.6552672700893,1358.5874238942633,49.99030513643509,49.98990946764729,49.99030513643509,49.99105054173515,231,230,231,233,4544,1722,3253,6592,0.9493586390518173,0.8712333967445198,0.9288413503334904,0.964503445684779,2026-08-13,2026-08-13,2026-08-13,2026-08-13,pga:R2026027,pga:R2026027,pga:R2026027,pga:R2026027,5.96545385842713,167.0,16,16,2026-08-13,pga:R2026027,0.2738339640098121,-0.0309739345055609,0.1302644026424919,0.6800301776544273,1.4947485249470525,0.9899731537175328,0.8592252269978722,1.6940129126219894,0.738267990709545,2.2342731528313893,0.9800468450814378,2.869679748130036,0.6969936940984636,1.2473467180254434,0.7979401697258014,0.7681040802176732,0.8764154723746456,0.7990575105689154,2.5416622021064446,2.387967677468917,1.5453050435007702,0.9270717250162905,1.1905074282539265,1.085277136667682,1.041766354163774,0.9201861543704667,2.7058380904486667,2.7877589192893515,1.669658324115851,6.8222677367524085,2.611947115994581,7.029107813643624,2.651246464145426,6.782272394900272,-0.816818536473142,-0.09819528139411673,0.08020772603691077,0.7772014201353743,0.35404169004672287,-5.551115123125783e-17
28,2026-08-20,pre_event_frozen_per_round,shadow_only,"burns, sam",19483,"burns, sam",47504,0.1641846940015006,0.13243779869129424,0.06123970623532574,0.09638303968911675,0.16334452748205158,0.13509019429015728,0.06047530018849214,0.09636856525076852,19.951820907141446,6.455622963627717,14.063142247473003,28.487409669929615,3.2757836104117604,0.854968494483824,0.8612226999808453,2.7457031368569544,3.2590207584835373,0.8720913604204693,0.8504727490093958,2.7452907976019865,947.391211552422,300.06005586778434,651.5775539250135,1373.5830186422577,49.999998940039006,49.999998540235964,49.999998940039006,49.999999021543104,459,451,459,461,8970,3040,6488,13377,0.9498692193986993,0.8571673655366018,0.9287320414966638,0.9648773556966931,2026-08-13,2026-08-13,2026-08-13,2026-08-13,pga:R2026027,pga:R2026027,pga:R2026027,pga:R2026027,6.434944318560713,173.0,16,16,2026-08-13,pga:R2026027,0.967706751584588,0.0429215099903568,0.2331113971737853,0.9496433033530852,1.6521877126115447,1.0956077079857198,1.0000197346020956,1.381402620536377,1.0000394695936456,2.7297242377045685,1.2003562497977223,1.9082732000247695,1.5407632878237028,1.2473467180254434,1.0608343922469465,1.030436930920296,1.01510439409959,0.7990575105689154,2.604145014166274,2.666934625935421,1.6330752052295145,0.9270717250162905,0.8084912418768081,1.0044237458372651,1.0022094321234785,0.9201861543704667,2.526178581674003,2.2172258908493863,1.4890352214938996,6.838393157120706,2.615032152215476,6.919021193542369,2.6304032378216022,6.782272394900272,-0.34732807633955964,-0.09819528139411673,0.034105978192240316,1.5748692660159431,1.0018127297768282,1.1102230246251565e-16
28,2026-08-20,pre_event_frozen_per_round,shadow_only,"cantlay, patrick",15466,"cantlay, patrick",35450,0.14496558375882063,0.1345143667869789,0.04672304923531058,0.09938946986247067,0.1450933526001709,0.13676334383748404,0.04699386675671677,0.0992710872701413,19.350863657816788,6.975907693689127,14.03871780679514,28.7642617863544,2.805209246392758,0.9383598061810072,0.6559317032875206,2.8588647299310876,2.807681683821444,0.9540484624905563,0.6597336340476778,2.8554595420543785,912.5258247260365,316.68642152306563,649.8909246106828,1393.8531032423468,49.99996271069474,49.9999544535286,49.99996271069474,49.99996692788098,370,365,370,373,7002,2492,5234,10877,0.9480533418267177,0.8636437100879808,0.9285602966950705,0.965370438386205,2026-08-13,2026-08-13,2026-08-13,2026-08-13,pga:R2026027,pga:R2026027,pga:R2026027,pga:R2026027,6.3804735819539955,183.0,16,16,2026-08-13,pga:R2026027,0.8950514797063187,0.2082636674646111,0.2959787620284765,0.238972260161159,1.6175625862038654,0.8168254417207294,0.8066348671866574,1.5522772331426378,0.6506598089612365,2.6165087202865376,0.6672038022422646,2.409564608532963,1.386209592704137,1.2473467180254434,0.8229165832003699,0.7367881960808031,0.8583636735561467,0.7990575105689154,2.243499136744304,2.4300039285154207,1.558846986883389,0.9270717250162905,0.8844713538702598,0.7758375780562622,0.8808164269904724,0.9201861543704667,2.6275543349634725,2.518559471748218,1.5869969980274752,6.343936940023002,2.5187173203880984,6.461189174400705,2.54188693186788,6.782272394900272,-0.40179881294627684,-0.09819528139411673,0.03945474750108173,1.4256643402052187,0.9345062272074004,1.1102230246251565e-16
28,2026-08-20,pre_event_frozen_per_round,shadow_only,"cauley, bud",14502,"cauley, bud",34021,0.1344556067366266,0.1892937811948209,0.04191115234065969,0.09040162386336378,0.13512880409467287,0.18418029334750832,0.04252415970217788,0.09059239285902052,19.118756988398825,7.450634695592331,14.008189210089874,29.136753867135123,2.570624070925284,1.4103588138299958,0.587099352000862,2.6340098636961597,2.583494767619003,1.3722600838593189,0.5956864751081867,2.63956825296809,913.2831334731507,324.3631413265106,651.6841838978982,1409.698551602113,49.99488817391373,49.99488817391373,49.99488817391373,49.99488817391373,247,247,247,247,4826,1747,3475,7251,0.9480941809707357,0.8664398428145703,0.9287428715832713,0.9657463522553189,2026-08-13,2026-08-13,2026-08-13,2026-08-13,pga:R2026027,pga:R2026027,pga:R2026027,pga:R2026027,6.996974664551571,172.0,16,16,2026-08-13,pga:R2026027,0.196231304279573,0.4389110906373774,0.3429759863159138,-0.0283809250517704,1.3516259389861596,0.9616956249482236,0.9438552808546348,1.5745206976832518,0.8908627911971815,1.8268926789402176,0.9248584750445543,2.4791154274329537,0.7008194247427151,1.2473467180254434,0.7430275696983417,0.8169451804477617,0.9038501980127911,0.7990575105689154,2.064360897581459,1.9456267882608382,1.3948572644757735,0.9270717250162905,1.2721835231144583,1.0985209990795064,1.0481035249819106,0.9201861543704667,2.428894159897078,2.454004793665016,1.5665263463041457,6.121729372614907,2.474212879405268,6.3150977614531225,2.512985825955475,6.782272394900272,0.21470226965129857,-0.09819528139411673,-0.021082749784364793,0.6797366749583503,0.17514855449520822,2.7755575615628914e-17
28,2026-08-20,pre_event_frozen_per_round,shadow_only,"clark, wyndham",23604,"clark, wyndham",51766,0.17311970978150978,0.147751633746097,0.05856120363280227,0.0953719442049091,0.1718029022491322,0.14818473442345015,0.0579893883297072,0.09539357052518227,19.568821176123244,7.60087287340165,14.029049475894968,27.404928097205616,3.3877486427767187,1.1230413849414846,0.8215580231325432,2.61366127342624,3.3619802716522496,1.12633332813143,0.8135359979543486,2.614253941178333,925.6364997546996,325.9079754303188,653.6625152194281,1334.849997371366,49.999998597481614,49.999998540235964,49.999998597481614,49.99999870532618,452,451,452,454,8803,3141,6431,13228,0.9487514048392293,0.8669887225915791,0.9289432093957596,0.9638950066108916,2026-08-13,2026-08-13,2026-08-13,2026-08-13,pga:R2026027,pga:R2026027,pga:R2026027,pga:R2026027,6.730574655421757,157.0,16,16,2026-08-13,pga:R2026027,0.3634071012367796,0.4219941609351259,0.1350112074628382,0.7538139798362316,1.6433875561675753,1.0873431800085556,0.8913775773319318,1.574800576854227,0.794553985370144,2.700722659766435,1.182315191111118,2.479996856860406,1.0565126310056905,1.2473467180254434,1.0147614570439105,0.9046577212070273,0.9511349647694733,0.7990575105689154,2.6864155864482524,2.693569123107344,1.6412096523928148,0.9270717250162905,1.0441917814541444,1.1132534862826313,1.0551082817808943,0.9201861543704667,2.405600280680727,2.4427985687705664,1.5629454785022305,7.157588693108103,2.675367020262473,7.154278899367569,2.6747483805710712,6.782272394900272,-0.051697739478515636,-0.09819528139411673,0.00507647407553258,1.0615891050812232,0.3684835753123122,1.1102230246251565e-16
28,2026-08-20,pre_event_frozen_per_round,shadow_only,"cole, eric",21756,"cole, eric",47591,0.14967431652683785,0.15422442467783098,0.050432004167835165,0.09471132625194555,0.14955981215935574,0.1538076160132856,0.05043782540934236,0.09475653709609332,19.704491784208017,7.7834881179562,14.005530518349081,27.967328022792557,2.9492563403100265,1.2004039769785284,0.7063269734741234,2.648822728761885,2.9470000899417195,1.197159751690578,0.7064085030497071,2.650087155270353,932.1095166826482,335.86901253791586,653.4545511407914,1343.0309953024687,49.999920257116955,49.999917002308116,49.999920257116955,49.999926388822026,351,350,351,353,6917,2623,4965,9968,0.9490891808391297,0.8704223496177036,0.9289222026939551,0.9641070441586668,2026-08-13,2026-08-13,2026-08-13,2026-08-13,pga:R2026027,pga:R2026027,pga:R2026027,pga:R2026027,7.535167035412499,154.0,16,16,2026-08-13,pga:R2026027,-0.0316722241605446,0.4538971920902732,-0.3283795375728411,0.3614364212031488,1.9750269238549816,0.8580814389048558,1.0728459621035176,1.5508820561187235,1.1509984584018222,3.9007313499520713,0.7363037557930278,2.4052351519910395,0.2670620674476506,1.2473467180254434,0.8811363278643186,1.0160673931330704,1.0080016831003162,0.7990575105689154,2.3548225555152,3.127776952733636,1.7685522193968817,0.9270717250162905,1.1098529561198582,0.923078355956443,0.960769668524378,0.9201861543704667,2.438573508154796,2.421904330072918,1.5562468731126555,8.193268716137961,2.862388638207251,7.488827031896068,2.7365721316815437,6.782272394900272,0.7528946405122268,-0.09819528139411673,-0.07393070108522047,0.1931313663624301,-0.10560292524576506,-2.7755575615628914e-17
28,2026-08-20,pre_event_frozen_per_round,shadow_only,"echavarria, nicolas",22833,"echavarria, nico",51349,0.16022515405960214,0.17791316985229352,0.04885082511610827,0.09219520327134222,0.15957024117298527,0.1746384377897902,0.04896933517074339,0.09232781162810703,19.51467947649096,7.954278529595842,13.975103453514933,28.214317975624223,3.1267425255445205,1.4151709070884366,0.6826953347871787,2.60122478092496,3.1139621104771686,1.3891227761534874,0.6843515250609862,2.6049662352689475,927.2257024139169,360.8033209593772,651.6614047971603,1373.6377017068814,49.99683702775371,49.996707931095806,49.99683702775371,49.997080232666825,259,258,259,261,5080,1908,3642,7548,0.9488347473091515,0.8782872546326267,0.9287405582547977,0.9648787047855981,2026-08-13,2026-08-13,2026-08-13,2026-08-13,pga:R2026027,pga:R2026027,pga:R2026027,pga:R2026027,7.563846426976799,162.0,16,16,2026-08-13,pga:R2026027,0.0692056330949213,0.0804148153867099,0.0515549771714497,0.4776830755715808,1.4621734699933389,1.132008529052105,0.8646769146783393,1.7657353434940508,0.7476661667776521,2.1379512563523613,1.2814433098467102,3.1178213032640536,0.3966298308460984,1.2473467180254434,0.8536236287605281,0.8006448977690901,0.8947876271882005,0.7990575105689154,2.488234812003812,2.3130930341780864,1.520885608511727,0.9270717250162905,1.287816448348032,1.2846298790973711,1.1334151397865528,0.9201861543704667,2.3970538622970454,2.7574375827805495,1.6605533965460277,7.284882036240777,2.6990520625287644,7.155805393825097,2.6750337182594723,6.782272394900272,0.7815740320765263,-0.09819528139411673,-0.07674688201008892,0.31988294883600943,-0.007541248915167623,-2.7755575615628914e-17
28,2026-08-20,pre_event_frozen_per_round,shadow_only,"fitzpatrick, alex",25362,"fitzpatrick, alex",55721,0.16311392049085283,0.14707796902280407,0.03280823276911184,0.10591605368516074,0.1619894974077711,0.14777503918059434,0.03451733455223931,0.1054564743423726,19.067515056464888,7.23633114965485,13.932959411662786,29.392457115090572,3.1101771348783527,1.0643048886676882,0.45711577554042027,3.1131330657407177,3.0887371808118553,1.0693491191640008,0.4809286213151357,3.0996248996168356,647.6342259505581,231.87870725788173,467.9817594875582,1031.9813210541984,36.2977726945912,36.2977726945912,36.2977726945912,36.2977726945912,46,46,46,46,870,349,638,1349,0.9283292044167232,0.8226187409244197,0.903471504383735,0.9537884813470866,2026-08-13,2026-08-13,2026-08-13,2026-08-13,pga:R2026027,pga:R2026027,pga:R2026027,pga:R2026027,6.836181969544166,175.0,16,16,2026-08-13,pga:R2026027,0.6319399753344502,0.0090071992130804,0.4386735235295346,-0.5096939272102172,1.2787944568553604,1.212594984078985,1.0665419141716628,1.8110352783790225,1.1375116546849544,1.6353152628839962,1.4703865954135136,3.2798487795333835,0.618726672066266,1.2473467180254434,0.5998847374019358,0.8686981960434451,0.9320398038943644,0.7990575105689154,2.468078642501171,2.0516969526925837,1.4323745853276593,0.9270717250162905,0.991363332548021,1.2308749639807672,1.1094480447415134,0.9201861543704667,2.8522319163693597,3.066040347951372,1.751011235815285,7.5230622925158475,2.742820134918775,7.217310460668168,2.6865052504449283,6.782272394900272,0.05390957464389334,-0.09819528139411673,-0.005293665851994247,0.6134330062142718,0.626646309482456,0.0
28,2026-08-20,pre_event_frozen_per_round,shadow_only,"fitzpatrick, matt",17646,"fitzpatrick, matt",40098,0.12464838437871675,0.16312827970710927,0.04484924606733997,0.09471619625914379,0.1258374074759399,0.16135259944387326,0.04525256485868118,0.09475950365115422,19.21481546589664,6.6734763518033775,13.963865945338085,28.75780118810028,2.395095703959196,1.0886327169357606,0.6262688598338166,2.723829541313545,2.4179425633570273,1.076782756690691,0.631900749369341,2.7250749666829557,907.7953372477026,291.2924679158492,652.2556100458745,1398.6350701194724,49.99996118868288,49.999956239663945,49.99996118868288,49.99996271069474,369,366,369,370,7111,2543,5193,10826,0.9477967807363953,0.8534980853655163,0.9288008535855857,0.9654847511072085,2026-08-13,2026-08-13,2026-08-13,2026-08-13,pga:R2026027,pga:R2026027,pga:R2026027,pga:R2026027,7.413299464327213,178.0,16,16,2026-08-13,pga:R2026027,0.8805082149212714,0.4448127137059931,0.2202407524893993,0.4249269561452569,1.3946730009794022,1.1857896001421406,0.8521697036332473,1.5705731278080026,0.7261932037903766,1.9451127796608916,1.4060969758052577,2.4666999497926128,1.48477938318514,1.2473467180254434,0.7881993258436658,0.7571962648170212,0.8701702504780436,0.7990575105689154,1.9320751653746882,1.9385939725177899,1.3923340017818246,0.9270717250162905,0.9982548477130355,1.2021759117591466,1.096437828496968,0.9201861543704667,2.5075762539632165,2.487138101877915,1.577066295967901,6.544102909049139,2.558144426933151,6.385104250971873,2.5268763822102325,6.782272394900272,0.6310270694269411,-0.09819528139411673,-0.06196388064968332,1.4228155025354565,0.8185443342715881,-1.1102230246251565e-16
28,2026-08-20,pre_event_frozen_per_round,shadow_only,"fleetwood, tommy",12294,"fleetwood, tommy",30911,0.14320272107464818,0.15745313743715972,0.03334097101822243,0.09047281316759043,0.14342426877740674,0.15661280980173217,0.03456736558160033,0.09066733993623868,19.001167117133836,7.603834648089587,13.913411251756177,28.2190922262249,2.7210188347676936,1.1972476218950867,0.46388664130941254,2.553060658742249,2.7252284996922262,1.1908579095050755,0.48094997322660726,2.5585500275672035,902.9502719947338,333.50420976914035,650.1389780684887,1363.2027347685016,49.999871121381325,49.9998603859845,49.999871121381325,49.99987617543854,339,337,339,340,6506,2373,4761,9905,0.947531364994168,0.8696233346953383,0.9285856071919639,0.9646193721750824,2026-08-13,2026-08-13,2026-08-13,2026-08-13,pga:R2026027,pga:R2026027,pga:R2026027,pga:R2026027,7.068569758088725,168.0,16,16,2026-08-13,pga:R2026027,0.5246850780479292,0.6498420487505487,0.4910410763162376,0.472055520346053,1.082998177070209,0.9386225447242263,0.7851103184825482,1.3669647393803244,0.6163982121877682,1.1728850515373959,0.8810122814645823,1.868592598709118,1.638342585712797,1.2473467180254434,0.5999113706386334,0.6081547914132008,0.7798427991673712,0.7990575105689154,2.1776143006955304,1.6752496761164632,1.294314365259253,0.9270717250162905,1.104010696414164,0.9925114889393731,0.9962487083752597,0.9201861543704667,2.3543423106315164,2.111467454670317,1.4530889355680598,4.538888143898864,2.1304666493279973,5.3873834111393535,2.3210737625373636,6.782272394900272,0.2862973631884529,-0.09819528139411673,-0.02811305014068377,1.6102295355721132,0.4965720279072454,1.1102230246251565e-16
28,2026-08-20,pre_event_frozen_per_round,shadow_only,"fowler, rickie",12965,"fowler, rickie",32102,0.1340859247923634,0.16817048248861907,0.05867430502745997,0.0859768388973345,0.1347731974810384,0.16590297451373126,0.05809639259567234,0.0863257185075862,19.338729856632153,7.285847228174471,14.21132491445178,28.637150722590288,2.5930514771362114,1.2252644437004687,0.8338396128748852,2.4621316941548312,2.6063424580003383,1.2087437270067687,0.8256267115346503,2.4721226121376483,920.4499665244562,328.4491379295967,656.0240301244422,1382.3120648743866,49.99999407925978,49.99999383759691,49.99999407925978,49.99999453452621,416,415,416,418,8211,2839,5912,12260,0.9484775086560426,0.867881849926947,0.9291808807255653,0.965091406247154,2026-08-13,2026-08-13,2026-08-13,2026-08-13,pga:R2026027,pga:R2026027,pga:R2026027,pga:R2026027,6.4417832035825935,173.0,16,16,2026-08-13,pga:R2026027,0.4064359391528597,-0.1512030455247793,0.2932982983272089,0.5089180152068667,1.4776102561573363,0.8606460725784465,0.9388137199937836,1.4197130944618304,0.8813712008485663,2.183332069101349,0.7407116622447046,2.015585270586386,1.0184375755726105,1.2473467180254434,1.0298427689468854,0.9556069848977259,0.9775515254439153,0.7990575105689154,2.0826175161798184,2.1329747926405838,1.4604707435072377,0.9270717250162905,1.1205921320987853,0.930651897171745,0.9647030098282813,0.9201861543704667,2.2748129995952153,2.1451991350908006,1.464649833608976,5.821000202781006,2.412674906153128,6.164432809800855,2.4828275835830516,6.782272394900272,-0.34048919131767885,-0.09819528139411673,0.03343443195309472,1.0518720075257053,0.4398703711059544,1.1102230246251565e-16
28,2026-08-20,pre_event_frozen_per_round,shadow_only,"fox, ryan",11889,"fox, ryan",29936,0.16070449459433478,0.14753772342139032,0.053229657381265116,0.10406783888578137,0.16001533199169057,0.14795938735681624,0.053035806282731884,0.10378524354599802,19.278616668486983,8.20721239451233,13.991104898947713,28.670997163296654,3.0981603481871187,1.2108734323221668,0.7447417201563267,2.983728713484651,3.0848742465484844,1.2143341177993132,0.742029529101972,2.975626423299362,913.4369738479942,361.4687087037683,650.4741415829363,1382.5980208326187,49.986103983575354,49.98494663875178,49.986103983575354,49.986648852639945,222,220,222,223,4319,1681,3107,6465,0.948102469225051,0.8784840768147041,0.928619777616616,0.965098374231356,2026-08-13,2026-08-13,2026-08-13,2026-08-13,pga:R2026027,pga:R2026027,pga:R2026027,pga:R2026027,7.632734505463414,149.0,16,16,2026-08-13,pga:R2026027,0.2309500488049462,-0.1020255115735702,0.3002599502205145,0.4601219008330858,1.2547492303285417,1.0319136530730428,1.0572668435105994,1.9664361135275608,1.1178131783868663,1.5743956310100677,1.0648457873985522,3.866870988585378,0.510123519910822,1.2473467180254434,0.92556809780331,1.021690638095088,1.0107871378757687,0.7990575105689154,2.4649919358651906,2.019693783437629,1.4211593096615274,0.9270717250162905,1.1257748253343447,1.0953103063664484,1.0465707364370782,0.9201861543704667,2.7381302352989865,3.3025006119421825,1.8172783529063956,7.6239255853808645,2.7611457015849172,7.439195339841348,2.727488834045219,6.782272394900272,0.850462110563142,-0.09819528139411673,-0.08351136626178216,0.4266121536490399,0.14743868254316406,2.7755575615628914e-17
28,2026-08-20,pre_event_frozen_per_round,shadow_only,"gerard, ryan",29767,"gerard, ryan",59018,0.1422404246434345,0.15969206814111986,0.044896873060084753,0.09758382308303694,0.14251277699238346,0.1585962515444995,0.04529854281169109,0.0975273077890078,19.005857259216317,7.943253910954217,13.956915849955088,28.283071503881292,2.7034012072634312,1.2684746448103177,0.6266218792257184,2.7599702458796354,2.7085774971317673,1.2597702953435244,0.6322279501483604,2.758371819777546,901.8506675808175,346.2485349364071,649.2100677132796,1376.9541673332953,49.97662711068313,49.9736475045401,49.97468067407679,49.978423946236354,209,206,207,211,3973,1617,2887,6058,0.9474707517650034,0.8738165681596164,0.9284907321722045,0.9649603321924204,2026-08-13,2026-08-13,2026-08-13,2026-08-13,pga:R2026027,pga:R2026027,pga:R2026027,pga:R2026027,7.090144488511299,160.0,16,16,2026-08-13,pga:R2026027,0.2865293774788551,0.120800269586389,0.3583711098759725,0.5505744438213738,1.4077908979262808,1.091085738045012,0.7800514874878104,1.694345154059293,0.6084803231319457,1.981875212284084,1.1904680877652287,2.8708055010842095,1.0393278877102965,1.2473467180254434,0.788607458661511,0.6985438908967283,0.8357893818999667,0.7990575105689154,2.1643091920410935,2.073092202162589,1.4398236705105902,0.9270717250162905,1.167897420828403,1.1791827542968158,1.0859018161403065,0.9201861543704667,2.5382155571649663,2.7045105291245877,1.644539610080763,6.651629124265468,2.579075245948723,6.65532937648072,2.5797925064781317,6.782272394900272,0.3078720936110271,-0.09819528139411673,-0.030231586865530652,1.0090963008447658,0.25629779061332447,-1.1102230246251565e-16
28,2026-08-20,pre_event_frozen_per_round,shadow_only,"gotterup, chris",27774,"gotterup, chris",59095,0.12967883644958528,0.15932466063003198,0.05321986502641449,0.09121281435069693,0.1306236168112308,0.15825803992600335,0.05302614672578594,0.09137861571019075,18.799758156551327,7.4953427981627945,13.9111054115044,28.89526416102301,2.4379307632751765,1.1941929476230415,0.7403471523684882,2.6356183655337384,2.455692405585171,1.1861982598107292,0.7376523166683071,2.640409239614569,889.1793170968151,339.87181089282836,648.426858270227,1384.8839057193716,49.99467953905196,49.99467953905196,49.99467953905196,49.99488817391373,246,246,246,247,4650,1819,3448,7202,0.946762030328181,0.8717527181934565,0.9284105423382005,0.9651539753141681,2026-08-13,2026-08-13,2026-08-13,2026-08-13,pga:R2026027,pga:R2026027,pga:R2026027,pga:R2026027,6.106761231421738,156.0,16,16,2026-08-13,pga:R2026027,0.4374390473756808,-0.0980256441421179,0.7383116500787417,0.3358893551221417,1.4468664665520132,1.0629104625000798,1.0101347306899993,1.5763234050122952,1.0203721741461573,2.093422572032708,1.1297786512921335,2.4847954771895564,1.2979837223467392,1.2473467180254434,0.9201081962400779,0.9702401851931176,0.9850077081896962,0.7990575105689154,1.9622394603298783,2.027831016181293,1.4240193173483613,0.9270717250162905,1.0996908669340548,1.114734759113094,1.0558100014269112,0.9201861543704667,2.4296680241651782,2.4572317506773675,1.5675559800777028,6.728368874660556,2.5939099588575845,6.570037711164872,2.5632084798480346,6.782272394900272,-0.675511163478534,-0.09819528139411673,0.06633200878264184,1.364315731129381,0.5037710561583226,-5.551115123125783e-17
28,2026-08-20,pre_event_frozen_per_round,shadow_only,"griffin, ben",24968,"griffin, ben",54591,0.13117466132715075,0.13130981668093777,0.05251683076903353,0.08699762738314387,0.13202853571229195,0.13386872172235975,0.05237448975250466,0.08731120236760398,19.039680747445846,7.569090718584077,14.074764277989887,28.61011739405133,2.4975236738232813,0.9938959146986627,0.7391620137012334,2.4890123324356805,2.5137811695147914,1.0132644990974278,0.7371585974465,2.497983749552922,901.5766547372199,334.8899572654649,653.5663624622111,1380.8062597346357,49.9998603859845,49.99985468746156,49.9998603859845,49.99987617543854,337,336,337,340,6476,2386,4719,9781,0.9474556256176675,0.8700927393501354,0.9289334984335816,0.9650546678421206,2026-08-13,2026-08-13,2026-08-13,2026-08-13,pga:R2026027,pga:R2026027,pga:R2026027,pga:R2026027,6.811639726012708,154.0,16,16,2026-08-13,pga:R2026027,0.4062500808933268,0.2921768214578181,0.0340703306128237,0.2634290203121194,1.350114660743337,0.96429266026231,0.982547998623778,1.5450714985711238,0.9654005695995915,1.8228095971540959,0.9298603346357628,2.3872459356968183,1.0194381243118815,1.2473467180254434,0.9194923571891308,0.9424464633943612,0.9707968188011131,0.7990575105689154,2.008655723427506,1.915732660290801,1.3840999459182133,0.9270717250162905,0.93936886707602,0.9346146008558913,0.9667546745973827,0.9201861543704667,2.2986100601810224,2.3429279979389204,1.5306626009473545,6.105316437086269,2.4708938538687306,6.135721722479974,2.477038902092572,6.782272394900272,0.029367331112435835,-0.09819528139411673,-0.002883733342379836,1.0165543909695016,0.40336634755094697,-5.551115123125783e-17
28,2026-08-20,pre_event_frozen_per_round,shadow_only,"henley, russell",14578,"henley, russell",34098,0.13789352657567772,0.17013042306747173,0.027097700521647974,0.10877129533665068,0.13837408261911144,0.16749195772472392,0.02876227387536029,0.10832222146252538,19.710129307690668,7.3173985393055085,14.04977100459438,28.349481900545666,2.7178992395000874,1.244912109245346,0.3807164870802317,3.0836098684452855,2.727371061255758,1.2256054068003148,0.4041033615202394,3.070878856778762,941.733794765687,312.3824242814036,653.3695202015293,1375.1961289447886,49.99999534272979,49.99999407925978,49.99999534272979,49.99999552536783,422,416,422,423,8304,2553,5948,12442,0.9495832447538876,0.8620242135110473,0.9289136100386124,0.9649171093125127,2026-08-13,2026-08-13,2026-08-13,2026-08-13,pga:R2026027,pga:R2026027,pga:R2026027,pga:R2026027,6.625063080132168,173.0,16,16,2026-08-13,pga:R2026027,0.3481796849741694,-0.0244205113626751,0.395866207322163,0.8548159295553578,1.5818438775712145,1.0881699195993606,0.8564034347384636,1.6737076726721196,0.7334268430318378,2.5022300530095354,1.184113773920879,2.801297373561523,1.1483832203521616,1.2473467180254434,0.5040570017353199,0.6187419223835788,0.786601501640811,0.7990575105689154,2.179326330604727,2.3407781918071313,1.529960192883178,0.9270717250162905,1.1362241186716604,1.1601689462962697,1.0771113899204063,0.9201861543704667,2.8257802057568244,2.813538789659174,1.6773606617716936,7.2210680435237755,2.687204503480108,6.933227850146154,2.633102324283307,6.782272394900272,-0.15720931476810396,-0.09819528139411673,0.01543721290143024,1.1638204332535917,0.36361689787559964,-5.551115123125783e-17
28,2026-08-20,pre_event_frozen_per_round,shadow_only,"hisatsune, ryo",22760,"hisatsune, ryo",51287,0.1547338247656182,0.12416461661758879,0.053727392816073166,0.0947555381407483,0.15435419060227348,0.12800006572728284,0.05349918455359727,0.09479635694750778,19.197666642698678,6.906109775127936,14.151000217501686,29.789333843339083,2.9705283862000913,0.8574944725477425,0.7602963474260499,2.8227043591800007,2.9632402960860196,0.8839825051362064,0.7570669722541178,2.8239203242416453,912.5878707156581,299.9347317148471,654.0693962487208,1438.7625975835226,49.993501477549664,49.993236249675924,49.993501477549664,49.99488817391373,241,240,241,247,4658,1698,3364,7180,0.9480566901774626,0.857116212057671,0.9289842730469471,0.9664150616887089,2026-08-13,2026-08-13,2026-08-13,2026-08-13,pga:R2026027,pga:R2026027,pga:R2026027,pga:R2026027,5.623647499074775,147.0,16,16,2026-08-13,pga:R2026027,0.3768897406408354,-0.0287185190149492,0.2974719148448304,-0.3762853042937818,1.2102163981157077,1.010572142979079,0.933156125076188,1.5252981753555444,0.8707803537672061,1.464623730268157,1.021256056165328,2.326534523742953,0.4667312231192038,1.2473467180254434,0.9443250031666333,0.9075526784669197,0.9526555927862491,0.7990575105689154,2.3677994142079903,1.9162115722380737,1.384272939935645,0.9270717250162905,0.8195151859208447,0.9203856210430864,0.959367302467145,0.9201861543704667,2.598532383412521,2.462533453577737,1.5692461418075039,5.683194663943644,2.3839451889554097,6.206683325325816,2.4913216021473055,6.782272394900272,-1.158624895825497,-0.09819528139411673,0.11377149767581386,0.5805027207950176,0.49066123831664926,0.0
28,2026-08-20,pre_event_frozen_per_round,shadow_only,"hojgaard, nicolai",23602,"hojgaard, nicolai",52453,0.15562864084812333,0.142129117835046,0.07042500819335899,0.0927982318153174,0.15519994755928168,0.14326904799909299,0.06900232179622659,0.0929089831948266,19.079912004802946,7.8805429484741625,13.995535413523257,28.63563336021951,2.9693807728092745,1.1200546173278252,0.9856356961678213,2.657336142740087,2.961201342581126,1.1290378859438586,0.9657244383144169,2.6605075786378505,906.7960491717962,339.43771148034693,649.7713793084175,1382.3508181662576,49.95741659492423,49.95741659492423,49.95741659492423,49.96068969491724,194,194,194,196,3755,1366,2716,5699,0.9477422591331977,0.8716097631892455,0.9285480923077836,0.9650923507245162,2026-08-13,2026-08-13,2026-08-13,2026-08-13,pga:R2026027,pga:R2026027,pga:R2026027,pga:R2026027,7.234362314750297,152.0,16,16,2026-08-13,pga:R2026027,0.2759707222518702,0.1422028038437585,0.2962694626896168,0.0406126527509008,1.733473865142465,0.8996124815376687,1.0733670532549149,1.4898128778702893,1.1521168310131393,3.004931641131957,0.8093026169383624,2.2195424110681534,0.9123351291374044,1.2473467180254434,1.2045932086484528,1.178355019830796,1.0855206215594413,0.7990575105689154,2.366170173096205,2.685550907114081,1.6387650554957782,0.9270717250162905,1.046699100530719,0.9280008587345406,0.963328012015918,0.9201861543704667,2.4481622374602456,2.3338523242641998,1.5276951018656175,7.185893500151612,2.680651693180524,7.125759109943617,2.669411753541146,6.782272394900272,0.45208991985002456,-0.09819528139411673,-0.04439309689511684,0.8679420322422876,0.23157762535675336,0.0
28,2026-08-20,pre_event_frozen_per_round,shadow_only,"hovland, viktor",18841,"hovland, viktor",46717,0.14132234390174325,0.14314209993609345,0.06266082054901745,0.1050216111542732,0.14164214122485805,0.14414140519524182,0.06180120958208233,0.10470225512137218,18.979098596959997,7.403234000131619,14.167517804909208,28.422387066572256,2.6821706988646734,1.059714461097125,0.8877482907984254,2.9849648825817954,2.688240163791113,1.0671125517681626,0.8755697371190769,2.9758880218026373,904.1755987097412,343.5561087876802,656.535704625829,1367.0207895681347,49.999981110314,49.999979536829464,49.999981110314,49.99998185108586,387,385,387,388,7390,2625,5467,11416,0.947598743808151,0.8729533124158046,0.9292321680664684,0.9647147025872228,2026-08-13,2026-08-13,2026-08-13,2026-08-13,pga:R2026027,pga:R2026027,pga:R2026027,pga:R2026027,5.816383088500696,171.0,16,16,2026-08-13,pga:R2026027,0.8843857350495742,0.2408409876732858,0.150152473998391,0.1979222570178221,1.5754951350029842,1.0969002991327788,1.0082945037391575,1.9964673239610449,1.016657806270594,2.4821849204180713,1.2031902662375795,3.9858817756441756,1.2693183633433354,1.2473467180254434,1.0921390379978808,1.0543984221342373,1.0268390439276436,0.7990575105689154,2.1480584930903,2.3151217067541854,1.5215524002656582,0.9270717250162905,0.9892898741542461,1.0962400701959127,1.0470148376197506,0.9201861543704667,2.7383709546197044,3.3621263651319397,1.833610199887626,8.68791476857042,2.947526890220074,7.827886564216275,2.797836050274618,6.782272394900272,-0.9658893063995766,-0.09819528139411673,0.09484577223747466,1.36416413558081,0.9792315072870489,0.0
28,2026-08-20,pre_event_frozen_per_round,shadow_only,"im, sungjae",17488,"im, sungjae",39971,0.1377480685758622,0.14941640111261445,0.04306412228919573,0.0904439444669599,0.1382509151697287,0.14960231291322104,0.04359720138615618,0.09064105403458708,19.107246855194948,8.352752580200887,13.999179946115163,27.828789793412,2.6319863501053207,1.248038229917721,0.6028623971479599,2.5169455186580554,2.6415943641046224,1.2495911051899276,0.6103250673518218,2.5224308393818227,912.2349528558625,377.9859061976834,648.7501008525423,1352.0080293291644,49.99999997533256,49.99999996736053,49.99999997533256,49.99999997722933,553,546,553,555,10607,3835,7775,16213,0.9480376389866085,0.8831737230690363,0.9284436597018088,0.9643368661562344,2026-08-13,2026-08-13,2026-08-13,2026-08-13,pga:R2026027,pga:R2026027,pga:R2026027,pga:R2026027,7.131259318655979,157.0,16,16,2026-08-13,pga:R2026027,-0.280166442574859,0.3375086063378967,0.322308769670191,0.563583922930117,1.4989696061059934,0.9087421027148322,0.7175038102119984,1.768555515847391,0.5148117176687353,2.246909880029557,0.8258122092465747,3.127788612634231,0.876807992004326,1.2473467180254434,0.7612869696899526,0.638049343679344,0.7987799094114373,0.7990575105689154,2.1107858165143165,2.1788478482719364,1.4760920866504015,0.9270717250162905,1.158460581453439,0.9921363953500069,0.9960604375990479,0.9201861543704667,2.3211059337562276,2.7244472731952296,1.6505899773096981,6.715322419579098,2.591393914398021,6.5334808604965176,2.556067460083266,6.782272394900272,0.3489869237557066,-0.09819528139411673,-0.03426886918105877,0.8425391228232673,-0.31443531175591777,0.0
28,2026-08-20,pre_event_frozen_per_round,shadow_only,"kim, si woo",14609,"kim, si woo",37455,0.13952371659276033,0.13098079054216122,0.03207100420637504,0.10385246613192231,0.1399410006841363,0.13361376350272833,0.03338727537283972,0.10357571289559132,18.85943383907497,7.34314852803467,13.962304260829272,28.517142928627905,2.63133830206301,0.9618113992704886,0.4477851186797438,2.9615756201745174,2.639208043776414,0.981145710790232,0.4661632971956802,2.9536834085781063,896.7750529267306,330.31084024593815,650.5737118600617,1373.9287388347118,49.999999891615715,49.99999986761559,49.999999891615715,49.99999989994977,516,511,516,518,9892,3512,7286,15253,0.947189145039852,0.8685285963248742,0.9286299226568933,0.964885883235338,2026-08-13,2026-08-13,2026-08-13,2026-08-13,pga:R2026027,pga:R2026027,pga:R2026027,pga:R2026027,5.641657524938355,167.0,16,16,2026-08-13,pga:R2026027,0.8679689139718755,0.2934817294114561,0.4924102956030074,0.1713504192911893,1.6359731354653666,0.8756347016075546,0.6756471556345726,1.6259418974870263,0.4564990789170883,2.676408099964383,0.7667361306593512,2.6436870540037116,1.3388070808909285,1.2473467180254434,0.5814672588209511,0.5189831688690196,0.7204048645511908,0.7990575105689154,2.1088790093334384,2.3926435546489104,1.5468172337574049,0.9270717250162905,0.9095924465946349,0.8381642886269931,0.9155131285934643,0.9201861543704667,2.7179385769673394,2.6808128154855257,1.6373187885947946,6.543330363544534,2.5579934252348138,6.430603827630449,2.5358635270121397,6.782272394900272,-1.140614869961917,-0.09819528139411673,0.1120029981182243,1.4508100790091527,0.9799719120900998,-1.1102230246251565e-16
28,2026-08-20,pre_event_frozen_per_round,shadow_only,"kim, tom",24766,"kim, tom",55182,0.14772216872176264,0.16964774023970122,0.045013264283606254,0.0938427855416207,0.14770702845496522,0.16685148290591162,0.04540811616576398,0.09391728134890508,19.70800868218215,6.422107053476581,13.962389656873613,28.21749654925209,2.9113097837192745,1.089495949199748,0.6284927356555424,2.648008477192886,2.9110113992097806,1.0715380852530823,0.6340058114909785,2.6501105623778667,930.7250394476583,283.3024162821981,646.5446676865661,1378.3641807074691,49.999791709395375,49.99977435911344,49.999791709395375,49.999799877638054,327,325,327,328,6365,2256,4598,9531,0.9490173106743967,0.849986086036453,0.9282170945819382,0.9649949216906049,2026-08-13,2026-08-13,2026-08-13,2026-08-13,pga:R2026027,pga:R2026027,pga:R2026027,pga:R2026027,7.094567966689925,178.0,16,16,2026-08-13,pga:R2026027,0.9252082044321318,0.23496230615496,0.0102908438030474,0.2724066367089577,1.511820778236492,0.8825219836191383,0.918097531185718,1.72662725581296,0.8429030767693104,2.2856020655075926,0.7788450515710585,2.981241680516193,0.9804559861178154,1.2473467180254434,0.7908250681723299,0.8168640724708202,0.9038053288572823,0.7990575105689154,2.3260655218903024,2.3058337936989473,1.5184972155716807,0.9270717250162905,0.9933926611162279,0.8861188563436433,0.9413388637168038,0.9201861543704667,2.438595047051044,2.7099183637836184,1.6461829678937936,6.888591874364154,2.624612709403838,6.718735086297029,2.592052292353885,6.782272394900272,0.3122955717896527,-0.09819528139411673,-0.030665951550021532,0.9497900345677939,0.8945422528821103,0.0
28,2026-08-20,pre_event_frozen_per_round,shadow_only,"kitayama, kurt",21891,"kitayama, kurt",48117,0.15504091717747068,0.15154819481171358,0.053010516073122425,0.09863045768437771,0.15464206668139246,0.1514724827495315,0.05283246777052326,0.0985393260227102,19.242993275432703,7.013067402566226,14.007487577152034,28.954129474346622,2.983451326662987,1.0628177049517846,0.7425441453526807,2.855759041907538,2.975776249249051,1.0622867311565145,0.7400501359658898,2.853120403976405,904.708256055158,306.90554081745256,651.1053439462845,1409.168657377811,49.999588823360554,49.99955457306416,49.999588823360554,49.999604947870935,310,308,310,311,5952,2150,4366,9115,0.9476279798746066,0.8599069101435619,0.9286840409480166,0.9657339131105981,2026-08-13,2026-08-13,2026-08-13,2026-08-13,pga:R2026027,pga:R2026027,pga:R2026027,pga:R2026027,6.449930920796777,152.0,16,16,2026-08-13,pga:R2026027,0.6008590404691041,0.0861495377989003,0.4007497065756769,0.1663784834375559,1.5840544882724257,1.1901834246476477,0.9181323108923884,1.5764887274706398,0.8429669403045974,2.5092286218160162,1.416536584306003,2.4853167078419975,0.9042771995865344,1.2473467180254434,0.9230991082713357,0.8830330242879665,0.9396983687800924,0.7990575105689154,2.377816361735051,2.443522491775534,1.563177050680931,0.9270717250162905,0.9848159923151864,1.2006762883105946,1.095753753500573,0.9201861543704667,2.6254018924909603,2.555359300166479,1.5985491234761848,7.254048854268614,2.6933341519886858,7.082591104540574,2.6613137929489965,6.782272394900272,-0.33234147410349557,-0.09819528139411673,0.03263436456852831,0.9369115641550627,0.6334934050376324,0.0
28,2026-08-20,pre_event_frozen_per_round,shadow_only,"knapp, jake",19396,"knapp, jake",47420,0.15612821477178276,0.14239821652766538,0.06029822770714065,0.10728170815364572,0.15566190659689286,0.1434976268854923,0.059606680587757505,0.1068821148089503,18.884620803402267,7.373358236655976,14.125850714816924,28.512601822443795,2.948422132677266,1.0499530627193827,0.8517637629591064,3.0588806274165226,2.9396160796169433,1.0580594091367308,0.8419950715884384,3.0474871814883233,883.1827419836134,341.5524868746694,657.4227979868257,1365.2863038658322,49.95908584913745,49.95741659492423,49.95908584913745,49.96223069326444,195,194,195,197,3742,1444,2764,5631,0.9464199263975694,0.872303198993589,0.9293209094444096,0.9646714591504024,2026-08-13,2026-08-13,2026-08-13,2026-08-13,pga:R2026027,pga:R2026027,pga:R2026027,pga:R2026027,5.74749521171285,147.0,16,16,2026-08-13,pga:R2026027,0.5460571604893726,-0.1514550088057718,0.4746188477809827,0.2153293836200427,1.674541066820343,0.9446766747183416,1.1076824022726826,1.6993581335526482,1.226960304304581,2.804087784467813,0.8924140197569034,2.88781806607154,0.8657699962146758,1.2473467180254434,1.050259789139437,1.1386100467220088,1.0670567214173803,0.7990575105689154,2.3489223066070695,2.5765050455374414,1.6051495399299847,0.9270717250162905,0.9808969615981061,0.9366554906775048,0.9678096355572746,0.9201861543704667,2.8042555100270325,2.846036788049286,1.6870200911812776,7.811280174600837,2.794866754355355,7.497807370986241,2.738212440806272,6.782272394900272,-1.0347771831874226,-0.09819528139411673,0.10161023668330045,0.9673802328979763,0.6476673971726731,0.0
28,2026-08-20,pre_event_frozen_per_round,shadow_only,"lee, min woo",16841,"lee, min woo",37378,0.14517339258841283,0.13845994217953267,0.06773742400259418,0.09131846836153268,0.14529282958065678,0.14001853379283416,0.06651593031999257,0.0914811632357929,18.891759218157013,7.928842175356011,14.104576848935812,28.758077604681223,2.742580777663275,1.0978270291504333,0.9554077023935389,2.626143599881584,2.744837152562489,1.1101848560681344,0.9381790508767949,2.630822391701443,892.6758477421465,352.53686196897485,655.0188021212231,1379.8114971354971,49.98906903204878,49.98906903204878,49.98906903204878,49.9894976524387,228,228,228,229,4386,1721,3227,6635,0.946959498198922,0.8757877731857171,0.9290799056003007,0.9650303553299364,2026-08-13,2026-08-13,2026-08-13,2026-08-13,pga:R2026027,pga:R2026027,pga:R2026027,pga:R2026027,6.779622847037329,158.0,16,16,2026-08-13,pga:R2026027,0.1178098546377095,0.2483452792163765,0.3352903887876873,0.0899368532221883,1.4127150689778665,1.243591022758464,1.112956379960392,1.5778881660734558,1.2386719036945406,1.995763866117138,1.5465186318854423,2.4897310646346535,0.9677547739503036,1.2473467180254434,1.1702345600313955,1.204453231862968,1.0974758456854383,0.7990575105689154,2.1932827420436527,2.094523304080395,1.4472468013716233,0.9270717250162905,1.0292209896020477,1.287869810743745,1.1348435181749708,0.9201861543704667,2.4208463394514643,2.4552887020430587,1.566936087414882,7.270685466331775,2.6964208622416077,7.042135048730167,2.6537021401676126,6.782272394900272,-0.0026495478629433578,-0.09819528139411673,0.00026017309796890365,0.9680149470482725,0.1180700277356784,-1.3877787807814457e-17
28,2026-08-20,pre_event_frozen_per_round,shadow_only,"macintyre, robert",23323,"macintyre, robert",52215,0.13959831433094894,0.1782056444160566,0.046585359878879844,0.09558868986155439,0.14000583392720706,0.17491265750896579,0.04686636747890829,0.09560225933896811,19.380411540653526,7.7607404581123065,13.942019034575486,28.512787797229866,2.7054727821153013,1.3830077544836659,0.6494939741638919,2.7255000298377183,2.7133706796016646,1.357451737765772,0.6534117874723488,2.725886933467735,910.30788306109,362.96688176572655,649.0102518914166,1358.4497256952486,49.99581486362482,49.99564404917285,49.99581486362482,49.99613666098654,252,251,252,254,4832,1905,3529,7281,0.9479333650364097,0.8789249157554366,0.9284702908652519,0.9644999753361316,2026-08-13,2026-08-13,2026-08-13,2026-08-13,pga:R2026027,pga:R2026027,pga:R2026027,pga:R2026027,7.919883964177508,150.0,16,16,2026-08-13,pga:R2026027,0.1025223036061133,0.1298801882637048,0.2308203160166731,0.4704956245873882,1.7565660816364916,0.9483582357983842,1.3060596756309606,1.3892406170012328,1.7057918763092499,3.0855243991557777,0.8993833434066236,1.929989491925966,0.9668749115485682,1.2473467180254434,0.8150310486227729,1.2604114624660114,1.122680481021208,0.7990575105689154,2.168139220493192,2.626831809824485,1.6207503847984996,0.9270717250162905,1.2584551241568755,1.0789192337817495,1.0387103704987977,0.9201861543704667,2.5083234145563793,2.2191564532411725,1.4896833399220024,7.620689110797617,2.7605595647979806,7.185318959313419,2.6805445266425663,6.782272394900272,1.1376115692772357,-0.09819528139411673,-0.11170808816238088,0.8551668233861873,-0.00918578455626759,1.3877787807814457e-17
28,2026-08-20,pre_event_frozen_per_round,shadow_only,"matsuyama, hideki",13562,"matsuyama, hideki",32839,0.16148028608008852,0.15505625785599575,0.039529860505555826,0.10930200116043205,0.16076024340730555,0.15451299687622447,0.04030781112114478,0.10883294202780501,19.417559822607945,6.996756210809603,14.081156802349906,28.298229662733352,3.1355531151319638,1.0848908351788336,0.5566261641537503,3.0930531314342535,3.12157164345837,1.0810897705445284,0.567580608756343,3.079779588373771,925.9898034268958,322.6113493349716,655.9601868554508,1371.0439405998734,49.99999865248234,49.999998418639635,49.99999865248234,49.99999875609768,453,449,453,455,8751,2972,6421,13344,0.9487699565872103,0.8658119241691407,0.9291744762226404,0.9648145996253338,2026-08-13,2026-08-13,2026-08-13,2026-08-13,pga:R2026027,pga:R2026027,pga:R2026027,pga:R2026027,5.612563520012848,170.0,16,16,2026-08-13,pga:R2026027,0.7075632238575215,0.4254218438643681,0.2948999513322029,0.2351503372647141,1.4542026350734505,1.0342791872532424,0.9185802425367408,1.579751366914201,0.8437896619788575,2.114705303854567,1.0697334371852276,2.4956143812672864,1.402808532051783,1.2473467180254434,0.7079698095471076,0.7758797357629825,0.8808403577056302,0.7990575105689154,2.494315266484363,2.304510285169465,1.5180613575114363,0.9270717250162905,1.0022477584761817,1.0359905978307047,1.017836233306078,0.9201861543704667,2.833970535734319,2.664792458500803,1.632419204279588,6.5238427842859394,2.554181431356422,6.781173077263955,2.604068562320116,6.782272394900272,-1.1697088748874247,-0.09819528139411673,0.11485989211876635,1.5176684241705494,0.8224231159762878,1.1102230246251565e-16
28,2026-08-20,pre_event_frozen_per_round,shadow_only,"mccarty, matt",28635,"mccarty, matt",59141,0.14712823117167695,0.14716801209712047,0.04699603764579506,0.10502681206694309,0.14714305436590866,0.14768042401252796,0.04724728373611712,0.1047094889709061,20.246841575918115,7.2073867304124555,14.085029377818193,28.66048580047491,2.9788819878780006,1.0606967775299658,0.6619405708820731,3.0101194559137694,2.979182110743259,1.064389928369579,0.6654793794453213,3.0010248218256383,951.7030418696891,324.67333498183336,650.0837493951025,1376.918460027405,49.82048015045997,49.82048015045997,49.82048015045997,49.82048015045997,158,158,158,158,3114,1202,2226,4494,0.950085007322455,0.8665504178395179,0.9285799734057507,0.9649594553573582,2026-08-13,2026-08-13,2026-08-13,2026-08-13,pga:R2026027,pga:R2026027,pga:R2026027,pga:R2026027,6.6277421901460585,165.0,16,16,2026-08-13,pga:R2026027,0.1243874222483665,-0.3275080538362779,-0.2866531898049331,0.6862500077294719,1.671661241292204,1.2178828671607989,0.9033004110504848,1.5843544800788705,0.8159516326039747,2.7944513056385927,1.483238678123808,2.510179118545988,-0.0468704353978601,1.2473467180254434,0.8300835198647303,0.8230175762343526,0.9072031614993152,0.7990575105689154,2.380537840941955,2.587494573290274,1.608569107402686,0.9270717250162905,0.9867658069835515,1.2350022425536797,1.1113065475167865,0.9201861543704667,2.761501489966049,2.6358403042560186,1.6235271184233475,7.603820734912364,2.7575026264561133,7.281354696334325,2.698398542901757,6.782272394900272,-0.15453020475421386,-0.09819528139411673,0.015174136939730506,-0.031696298458129595,0.139561559188097,0.0
28,2026-08-20,pre_event_frozen_per_round,shadow_only,"mcilroy, rory",10091,"mcilroy, rory",28237,0.14782585975647597,0.14835781226473124,0.07168570867921945,0.0965685976653104,0.14780459150694264,0.1487142904587803,0.07017980390349346,0.09654803409961756,18.99426761077016,7.693139532617367,14.097260032355479,28.943571307557715,2.8078439400066832,1.1413373505064295,1.0105720758546386,2.795040092596763,2.8074399651834345,1.1440797869935844,0.9893429446472634,2.7944449095667947,891.9200417220824,321.6835280852395,652.9596185637675,1403.223817940119,49.999890179208066,49.9998856967319,49.9998856967319,49.999890179208066,343,342,342,343,6430,2326,4853,10082,0.9469169379721589,0.8654769549310419,0.9288721589695919,0.9655937376041133,2026-08-13,2026-08-13,2026-08-13,2026-08-13,pga:R2026027,pga:R2026027,pga:R2026027,pga:R2026027,7.57937977827686,154.0,16,16,2026-08-13,pga:R2026027,0.2680487564331446,0.0898660711908421,0.9427634163688964,0.3143685734763781,1.534247456433101,1.1024583076954757,1.3538385066038146,1.5866042399922886,1.8328787019632469,2.3539152575714404,1.2154143202067722,2.5173130143615077,1.5748118034985574,1.2473467180254434,1.2340536750073918,1.5334661884853193,1.2383320186788838,0.7990575105689154,2.243305989651158,2.298610623611299,1.5161169557825342,0.9270717250162905,1.0606440216844124,1.1380291709455923,1.0667845007055512,0.9201861543704667,2.571409514934395,2.5443612646479514,1.5951054086322796,7.919521294102967,2.814164404242042,7.5144672476901615,2.741252860954305,6.782272394900272,0.7971073833765878,-0.09819528139411673,-0.07827218381199214,1.4965396196865652,0.18977657262115244,-5.551115123125783e-17
28,2026-08-20,pre_event_frozen_per_round,shadow_only,"mcnealy, maverick",18634,"mcnealy, maverick",46442,0.13254867661844302,0.16451530413556673,0.06588405548767237,0.09766269324539974,0.13332228547358088,0.16275070104057685,0.06480589493508304,0.09760353383123796,19.280231757295066,7.35221059715557,14.275838065764665,28.466726575168153,2.555569204326339,1.2095511624597852,0.9405501072578646,2.780137185211316,2.5704845623428927,1.196577428885027,0.925158461800204,2.7784531103440253,911.5016186458895,332.7362213121554,662.7951262125798,1379.83570154643,49.99999870532618,49.99999865248234,49.99999870532618,49.999998851745694,454,453,454,457,8825,3103,6416,13391,0.9479980074600224,0.8693617243004013,0.9298536168931544,0.9650309472998032,2026-08-13,2026-08-13,2026-08-13,2026-08-13,pga:R2026027,pga:R2026027,pga:R2026027,pga:R2026027,6.747602430866008,161.0,16,16,2026-08-13,pga:R2026027,-0.1355362927016893,0.236189273983064,0.1939534193391262,0.8556185025693521,1.5023205953178471,0.8991848594454375,1.0340979910718655,1.3745027991005545,1.069358655138868,2.2569671711161705,0.8085334114559112,1.8892579447352593,1.004080348083246,1.2473467180254434,1.153993370979952,1.11167601305941,1.0543604758617473,0.7990575105689154,2.05396499534154,2.1554660832288555,1.4681505655854428,0.9270717250162905,1.1093131011119997,0.9589232562839554,0.9792462694766599,0.9201861543704667,2.5566940827061306,2.222976013720695,1.4909647929178929,6.024117182446209,2.454407705016876,6.449041366292915,2.539496282000215,6.782272394900272,-0.034669964034264034,-0.09819528139411673,0.0034044268742684635,1.0074847749575147,-0.13213186582742084,1.1102230246251565e-16
28,2026-08-20,pre_event_frozen_per_round,shadow_only,"morikawa, collin",22085,"morikawa, collin",50525,0.12986209468029708,0.1387763256414303,0.03316268769495752,0.09587453413510354,0.1307896976462792,0.14046991547225227,0.034396173668825046,0.09587784514950601,18.954302764214535,7.081214743026671,14.083922507765072,29.138906097851642,2.4614454601654447,0.9827049631151665,0.467060723644996,2.793679047338054,2.4790275276276534,0.9946976363938231,0.4844330445153614,2.793775526675816,896.6930308824026,311.1095159433285,653.3406304209636,1405.6605553101642,49.999989633949184,49.99998572401491,49.999989210845115,49.99999004046094,402,394,401,403,7714,2560,5653,11881,0.9471845694761315,0.861537849897462,0.928910690158659,0.9656513327797452,2026-08-13,2026-08-13,2026-08-13,2026-08-13,pga:R2026027,pga:R2026027,pga:R2026027,pga:R2026027,6.179925116397292,167.0,16,16,2026-08-13,pga:R2026027,0.954328023768155,-0.0603122380906877,0.2998272277692992,0.2991853422323731,1.5109367776290266,0.9897487410639836,0.8373795794706873,1.5448703400761858,0.7012045601145052,2.2829299459919863,0.9796025704377405,2.38662436764711,1.3581630048592537,1.2473467180254434,0.6042559681793096,0.6527302641469074,0.8079172384266271,0.7990575105689154,1.980885564857966,2.131907755424976,1.4601053918895635,0.9270717250162905,0.9221560536412485,0.9508793120394945,0.9751304077093969,0.9201861543704667,2.570793558066144,2.478708962856627,1.5743916167385505,6.350361444191342,2.519992350026353,6.214226294468006,2.492834991424022,6.782272394900272,-0.6023472785029806,-0.09819528139411673,0.059147660509580584,1.4173106653688343,1.0134756842777355,1.1102230246251565e-16
28,2026-08-20,pre_event_frozen_per_round,shadow_only,"noren, alex",10419,"noren, alex",27349,0.1232161877013513,0.14349014431841953,0.04301128831634633,0.09498517695328346,0.12446133277907204,0.14445958992386973,0.04354545275586641,0.09501963560883958,19.336527270615473,7.541609260854743,14.038161111026746,28.52556372305395,2.3825731736684546,1.0821466012331764,0.6037993949776921,2.709505717926443,2.406649955419674,1.0894577811891346,0.6112980814394563,2.7104886705013196,922.1362063962703,337.7272412727508,652.2758230461814,1380.3393838002264,49.99994654958438,49.99993727402355,49.99994654958438,49.999950659572015,361,357,361,363,7002,2479,5092,10651,0.9485668781071831,0.8710433658572188,0.9288029028493097,0.965043261364197,2026-08-13,2026-08-13,2026-08-13,2026-08-13,pga:R2026027,pga:R2026027,pga:R2026027,pga:R2026027,7.294988389275417,171.0,16,16,2026-08-13,pga:R2026027,0.280555380024192,0.1741371217203379,0.1233935157747257,0.7008986356340179,1.6401773401194184,0.9373563032031615,0.8931610808131708,1.6404128451773077,0.7977367162793514,2.6901817070412104,0.8786368391546974,2.6909543026227096,0.7620923243100416,1.2473467180254434,0.762500655618756,0.7801186859490536,0.8832432767641392,0.7990575105689154,1.9230517221884358,2.3066167146148233,1.518754988342367,0.9270717250162905,1.0100055045394314,0.9443211718470643,0.9717618905097402,0.9201861543704667,2.494154146173328,2.592554224398019,1.610141057298403,7.057509565097969,2.656597366011261,6.62361079680896,2.5736376584144396,6.782272394900272,0.5127159943751449,-0.09819528139411673,-0.050346291342931726,0.7117460329671099,0.23020908868126028,5.551115123125783e-17
28,2026-08-20,pre_event_frozen_per_round,shadow_only,"poston, j.t.",21554,"poston, j.t.",49771,0.12486147635758645,0.19930141251871492,0.03891886912838916,0.0946819736923224,0.12603610508233257,0.19314328211820375,0.039743887259734934,0.09472637091829132,19.094085045785825,7.8128668078704875,14.09878066187429,28.890252112170995,2.3841156485141317,1.5571153906291715,0.5487085994493495,2.735386090449136,2.406544109281657,1.5090027380244795,0.5603403491252629,2.736668737500459,910.461936345464,342.11299254870244,652.7139268541064,1401.6162619682937,49.99999982483171,49.999999748914064,49.99999982483171,49.99999983170105,504,495,504,505,9827,3343,7099,14991,0.947941716263896,0.8724857351065975,0.928847290356349,0.9655556352529397,2026-08-13,2026-08-13,2026-08-13,2026-08-13,pga:R2026027,pga:R2026027,pga:R2026027,pga:R2026027,6.793821492946346,167.0,16,16,2026-08-13,pga:R2026027,0.2571521134278903,-0.0946250342927167,0.1565903911866635,0.3538634732212387,1.6486945129889736,1.575257474755014,0.926739208581768,1.963488208126806,0.8588455607227616,2.718193597159949,2.481436111771544,3.855285943453015,0.4286011424039282,1.2473467180254434,0.6989386954586277,0.7788921280906946,0.882548654800796,0.7990575105689154,1.9229671450368886,2.3205803710984187,1.5233451254060646,0.9270717250162905,1.3989537713946598,1.940194941583102,1.3929088059105312,0.9201861543704667,2.5182446813464274,3.1867653123997215,1.7851513415953622,9.91376121310727,3.148612585426678,8.226432753171938,2.8681758581321226,6.782272394900272,0.011549098046073958,-0.09819528139411673,-0.001134066932482476,0.42746707547144575,0.2560180464954078,0.0
28,2026-08-20,pre_event_frozen_per_round,shadow_only,"rai, aaron",18554,"rai, aaron",46414,0.14277871901434658,0.16443648158309793,0.02716922541457749,0.09546669987396436,0.1430193364470094,0.16251047801147162,0.028848379484817693,0.09548380147904123,19.4778515003603,6.809466111206336,13.905369231513127,29.560458584675004,2.781022686373112,1.11972464878611,0.3777981111239103,2.822039427839922,2.7857093969949163,1.1066095927350583,0.40114736846719845,2.8225449591285283,915.5328961315272,298.6163800318202,645.1321127592728,1424.2140288804524,49.99991361465014,49.999871121381325,49.99991361465014,49.999920257116955,349,339,349,351,6746,2185,4866,10545,0.948215125346502,0.8565758728966315,0.9280712269189682,0.9660836221739315,2026-08-13,2026-08-13,2026-08-13,2026-08-13,pga:R2026027,pga:R2026027,pga:R2026027,pga:R2026027,7.499074632629966,177.0,16,16,2026-08-13,pga:R2026027,0.4733907510367217,0.1899926866970904,0.1041951061716305,-0.1108750266540832,1.425845503189464,0.7964572193626852,0.8449621425566266,1.6210011488868885,0.713961022353885,2.0330353989656156,0.6343441022749404,2.6276447246926127,0.4976822805253046,1.2473467180254434,0.5003698535021033,0.6071654379279942,0.7792082121795137,0.7990575105689154,2.2259420159311922,2.129488707448404,1.459276775477635,0.9270717250162905,1.0259064640564652,0.8301252831657029,0.9111121133898412,0.9201861543704667,2.5972667914782264,2.6124557580854195,1.6163093014907202,6.008985248287054,2.451323162760686,6.179235186627521,2.4858067476430104,6.782272394900272,0.7168022377296941,-0.09819528139411673,-0.07038659743779987,0.42729568308750476,0.40300415359892183,0.0
28,2026-08-20,pre_event_frozen_per_round,shadow_only,"reitan, kristoffer",21407,"reitan, kristoffer",49855,0.1503022182482167,0.15929565594323455,0.05612344055359735,0.09894049116783506,0.15012543793049332,0.15803111263810185,0.055652962313762454,0.09882043011084665,19.39090798938664,7.47280407422977,14.00615530012401,29.213942140410996,2.91449648465188,1.1903852267397068,0.7860736243709624,2.8904417843209784,2.911068553776571,1.180935542377071,0.7794840330785058,2.886934327548803,763.7269857152969,277.70337670015033,546.1526308953447,1186.6885841025617,41.985108208568064,41.985108208568064,41.985108208568064,41.985108208568064,61,61,61,61,1177,473,853,1783,0.9385543297964389,0.8474229942227597,0.916128861286905,0.9595694497040386,2026-08-13,2026-08-13,2026-08-13,2026-08-13,pga:R2026027,pga:R2026027,pga:R2026027,pga:R2026027,8.317962289635933,170.0,16,16,2026-08-13,pga:R2026027,0.1257159201742623,-0.2692046624390878,0.5345452260855442,0.3736241858122918,1.6284776332897395,1.0251745177242937,0.9142270345109816,1.9020068981497136,0.8358110706307437,2.651939402124951,1.0509827917912382,3.617630240609095,0.5900679023828517,1.2473467180254434,0.9722868504137103,0.904048960522227,0.950814892879906,0.7990575105689154,2.3261111916761594,2.4890252969005555,1.5776645070801827,0.9270717250162905,1.09481195040456,1.072897371097899,1.0358075936668447,0.9201861543704667,2.656516996787222,3.1370736186981585,1.7711785959349662,8.156363505156028,2.8559347865726954,7.60304524721884,2.7573620087356754,6.782272394900272,1.5356898947356603,-0.09819528139411673,-0.15079750134766967,0.439270401035182,-0.025081581173407363,0.0
28,2026-08-20,pre_event_frozen_per_round,shadow_only,"rose, justin",6093,"rose, justin",22405,0.15664558263780481,0.17301019578123117,0.05059580332109607,0.09571499302372938,0.1561677242061517,0.17015516330537497,0.050590020481318033,0.09572376780104191,19.26296256193967,7.500139804551864,14.208685068046687,29.029427967023334,3.017457993845261,1.297600655972123,0.7188998351542847,2.778551495346493,3.0082530247664194,1.2761875132566656,0.7188176686050797,2.7788062221124137,914.7609082869421,335.32735171268735,658.125936166184,1408.3582211451517,49.99900858376534,49.99883653944639,49.99900858376534,49.99908481653437,288,284,288,290,5666,1975,4078,8513,0.9481736878323755,0.8702402002407511,0.9293910906996268,0.9657148708218353,2026-08-13,2026-08-13,2026-08-13,2026-08-13,pga:R2026027,pga:R2026027,pga:R2026027,pga:R2026027,7.771570202676426,160.0,16,16,2026-08-13,pga:R2026027,0.7110029631076794,-0.0499460370756878,0.1197843455199446,0.3504860754012728,1.6757145408778276,1.2335669705613517,1.101655990222761,1.6120667251292842,1.213645920793692,2.8080192225093885,1.5216874708599106,2.598759126269055,0.737909978814066,1.2473467180254434,0.896614859793247,1.0551303902934694,1.0271954002493728,0.7990575105689154,2.403767173131265,2.605893197820327,1.6142779183958154,0.9270717250162905,1.1831173593591071,1.3524024151095089,1.162928379183133,0.9201861543704667,2.557019011266347,2.5778890687677007,1.6055806017661338,8.142111740432046,2.8534385818573433,7.591315071991006,2.755234122899723,6.782272394900272,0.9892978077761541,-0.09819528139411673,-0.09714437661716226,0.6407656021969037,0.6138585864905172,0.0
28,2026-08-20,pre_event_frozen_per_round,shadow_only,"schauffele, xander",19895,"schauffele, xander",48081,0.1268257295141358,0.13605119577500085,0.05034300551709149,0.09455389506437362,0.1279308232066981,0.13794926259449217,0.050355206238576505,0.09460273605972908,18.594258155249264,7.70367340605565,14.01933004756964,28.859569782693566,2.3582303553136565,1.048093978753945,0.705775209930725,2.7287847328357753,2.378778752718898,1.0627160656341768,0.7059462558720419,2.730194262949492,882.0237085428123,343.9945051758242,650.3611531664552,1400.6597599944862,49.99999004046094,49.999989210845115,49.99999004046094,49.99999116682252,403,401,403,406,7576,2691,5700,11866,0.9463532960141396,0.8730946768466048,0.9286082619318029,0.9655329241364012,2026-08-13,2026-08-13,2026-08-13,2026-08-13,pga:R2026027,pga:R2026027,pga:R2026027,pga:R2026027,6.433549867779889,158.0,16,16,2026-08-13,pga:R2026027,0.5038327301600294,0.1546743940212631,0.7117499575690367,0.3330284050626192,1.2786492880828448,0.8352741969653282,0.9423753793882104,1.4514190742114583,0.8880713556770734,1.6349440019147659,0.697682984116074,2.106617328984847,1.6824101540212308,1.2473467180254434,0.8805597453643413,0.8843155505207074,0.9403805349541787,0.7990575105689154,1.900781028341792,1.767862515128279,1.329609910886753,0.9270717250162905,0.9852140161700017,0.8414485001430378,0.9173050202321134,0.9201861543704667,2.512286959507804,2.3094521442463254,1.5196881733587075,5.3273156706927605,2.3080978468628146,5.803078710038349,2.4089580133406954,6.782272394900272,-0.3487225271203833,-0.09819528139411673,0.034242906679053546,1.7166530607002843,0.5380756368390829,0.0
28,2026-08-20,pre_event_frozen_per_round,shadow_only,"scheffler, scottie",18417,"scheffler, scottie",46046,0.1205634795827807,0.16327308043422567,0.040810116539914544,0.10756171431636385,0.12199784308064146,0.16150954055531647,0.041502278580205186,0.10715319763149378,18.688888731790176,6.743788450749388,14.040801317408716,28.201236238435023,2.2531974550400453,1.101079114150607,0.5730067380772353,3.0333733156468354,2.280004114852506,1.089186174282783,0.5827252477644085,3.021852640109472,886.3637740363973,297.7473591379324,650.9765517100915,1368.6429036150464,49.99999905991397,49.99999880487817,49.99999905991397,49.99999913220048,462,456,462,464,8730,2852,6483,13572,0.9466019495986434,0.856217455902612,0.9286709378822718,0.964755048735247,2026-08-13,2026-08-13,2026-08-13,2026-08-13,pga:R2026027,pga:R2026027,pga:R2026027,pga:R2026027,6.019850757263523,169.0,16,16,2026-08-13,pga:R2026027,1.156555075883683,0.3006903254547261,0.7606526885136086,0.9228590246066002,1.4471839737333378,0.9611305734426212,0.7018615433589048,1.6875556429233205,0.49260962604614383,2.0943414538306144,0.9237719792061418,2.8478440479623415,2.782284840800431,1.2473467180254434,0.7268604253094982,0.609735025677821,0.7808553167378839,0.7990575105689154,1.821854412100927,1.9580979329657708,1.3993205254571845,0.9270717250162905,1.0097537054562338,0.9667628423311878,0.9832409889397349,0.9201861543704667,2.780666959976577,2.8142555039694592,1.6775742916394074,6.358567107045241,2.521619937073238,6.3488513049442385,2.5196927004982648,6.782272394900272,-0.7624216376367494,-0.09819528139411673,0.07486620724870391,2.857151048049135,1.2314212831323867,2.220446049250313e-16
28,2026-08-20,pre_event_frozen_per_round,shadow_only,"scott, adam",6430,"scott, adam",24502,0.15339969082191454,0.15172206774206565,0.05469727077776988,0.09847355733318094,0.15308841372391063,0.1516261328525032,0.05440113795359857,0.0983880148315753,19.542298256040542,7.28515619504479,14.047834721967929,29.15185499692467,2.997782510426259,1.1053189617361148,0.7683782196288375,2.870686864408239,2.9916994405367916,1.1046200610810981,0.7642181946591293,2.868193141805357,909.6740193072934,322.2910526087553,656.3328837339906,1412.7985444827216,49.99993204903948,49.999920257116955,49.99993204903948,49.99993471378129,355,351,355,356,6797,2369,5045,10529,0.947898975074796,0.8656964768569243,0.9292118473435957,0.9658189432929186,2026-08-13,2026-08-13,2026-08-13,2026-08-13,pga:R2026027,pga:R2026027,pga:R2026027,pga:R2026027,6.823181487717418,167.0,16,16,2026-08-13,pga:R2026027,0.5072809263814058,-0.1337382669803603,0.3434669394641471,0.3294063314016988,1.4398481743913627,1.1880745654683125,0.982871288840624,1.6863236394952628,0.9660359704272293,2.07316276529814,1.4115211731127195,2.843687417120549,0.7258933736786816,1.2473467180254434,0.9532450569633943,0.9596405136953119,0.9796124303495296,0.7990575105689154,2.3905399073257456,2.2318513363119425,1.4939381969519163,0.9270717250162905,1.0240620255140538,1.2177915993133865,1.1035359528866229,0.9201861543704667,2.639271617149618,2.741479517135083,1.6557413799066216,7.2944073259586375,2.700816048152602,7.150762966455725,2.674091054256703,6.782272394900272,0.04090909281714605,-0.09819528139411673,-0.004017079880757697,0.7218762937979238,0.503263846500648,0.0
28,2026-08-20,pre_event_frozen_per_round,shadow_only,"smalley, alex",18474,"smalley, alex",46340,0.15361261526299058,0.13949980020744196,0.05095133239189843,0.10213378905353425,0.15329782339059267,0.14114480704288163,0.05092000480194567,0.10192135260991644,19.63666494793732,6.932480009951065,13.985792569492343,28.839949618210444,3.0164394576957485,0.9670795763302588,0.7125947659723476,2.945533330620861,3.0102579951691366,0.9784835533331772,0.7121566247975661,2.939406674289852,932.778759365396,299.784367649927,648.1524082962617,1400.5186944863333,49.999956239663945,49.999944367935974,49.999956239663945,49.999959604548124,366,360,366,368,7105,2403,5131,10916,0.9491238495708981,0.8570547896810493,0.9283823998802531,0.9655295721523215,2026-08-13,2026-08-13,2026-08-13,2026-08-13,pga:R2026027,pga:R2026027,pga:R2026027,pga:R2026027,6.5995301250510705,173.0,16,16,2026-08-13,pga:R2026027,0.6191370839783442,-0.063023142465779,0.0696400234767318,0.388093374444246,1.6063185240252829,1.0913937877053002,1.0839356132621567,1.4259439012790047,1.1749164136980077,2.580259200626763,1.1911403998417218,2.0333160095947878,0.6151348942312639,1.2473467180254434,0.8883062286613213,1.0316113211796645,1.0156826872501394,0.7990575105689154,2.4053692597900245,2.4928142302083938,1.5788648549538349,0.9270717250162905,0.9071244356886581,1.04913241776519,1.0242716523292001,0.9201861543704667,2.7048013237456616,2.3690586666702247,1.5391746706174139,6.9796320237612814,2.6418993212765094,6.942616635823473,2.6348845583485194,6.782272394900272,-0.18274226984920183,-0.09819528139411673,0.017944428610441987,0.6330793228417059,0.6370815125887862,0.0
28,2026-08-20,pre_event_frozen_per_round,shadow_only,"spaun, j.j.",17536,"spaun, j.j.",39324,0.1521068313376184,0.18001710223011616,0.0438341872552401,0.09606732265765283,0.15186771437853686,0.17587283067845344,0.04431184835687041,0.0960639916731912,19.55520252454088,7.045586047264511,13.945566406572771,28.892374800293453,2.9744798921733095,1.2683259837414955,0.6112925692460967,2.775613092285629,2.969803911611417,1.2391271619210253,0.6179538238587189,2.7755168522341096,928.9417297879255,299.9933359428867,649.2108491173826,1396.9335174807636,49.999998540235964,49.999998418639635,49.999998540235964,49.999998851745694,451,449,451,457,8830,2911,6337,13583,0.948924436992964,0.8571401370677549,0.9284908120874908,0.9654441621567698,2026-08-13,2026-08-13,2026-08-13,2026-08-13,pga:R2026027,pga:R2026027,pga:R2026027,pga:R2026027,6.824556117350707,177.0,16,16,2026-08-13,pga:R2026027,0.5876838484052127,0.3570169448873308,0.4533454255518429,-0.2155660550229797,1.489849305303111,1.0167443151820217,0.894252666375749,1.770746091779343,0.7996878313201365,2.2196509525121626,1.0337690024549582,3.1355417215518173,1.0064152371242263,1.2473467180254434,0.770802674081446,0.7852452527007913,0.8861406506310334,0.7990575105689154,2.373044120490046,2.2963475365011043,1.5153704288064698,0.9270717250162905,1.1487597555166653,1.0912643789858119,1.0446360031062552,0.9201861543704667,2.553992178647728,2.844766950099773,1.6866436938783997,7.188649507839075,2.6811656994372943,7.017624118287481,2.6490798625725653,6.782272394900272,0.04228372245043488,-0.09819528139411673,-0.004152062024411184,1.0022631750998152,0.5835317863808015,1.1102230246251565e-16
28,2026-08-20,pre_event_frozen_per_round,shadow_only,"straka, sepp",17511,"straka, sepp",49960,0.13124436216418361,0.14306427581710351,0.04321380716314076,0.09743962134829216,0.1320685816397727,0.14405165393769942,0.04373152429322201,0.09738886005186027,19.64817269688561,8.056305102386727,14.060802948124067,29.129770738513105,2.578711893294479,1.152569455234593,0.6076208271591544,2.838393830723278,2.59490629989099,1.1605240746255348,0.6149003457080953,2.836915165795827,931.5855037258995,352.2510595953792,655.027529239681,1396.6661168559547,49.99999916623184,49.9999989816061,49.99999916623184,49.9999992303432,465,460,465,467,9063,3025,6592,13906,0.9490620024336035,0.8756995194734986,0.9290807834781697,0.965437774882939,2026-08-13,2026-08-13,2026-08-13,2026-08-13,pga:R2026027,pga:R2026027,pga:R2026027,pga:R2026027,7.763538828385835,177.0,16,16,2026-08-13,pga:R2026027,0.2003582035085868,-0.1199018307416678,0.0198792223238771,-0.1751156902147227,1.9065163209936389,1.0102587443740467,1.0455685385522115,1.6178249767644048,1.0932135688102076,3.6348044822151198,1.0206227305842255,2.617357655442747,0.2514385082048536,1.2473467180254434,0.7669939281317032,0.9301037484709553,0.9644188656755711,0.7990575105689154,2.07347936815049,2.854141925182805,1.6894205885991815,0.9270717250162905,1.0758890557860288,1.0482558931851271,1.0238436859135907,0.9201861543704667,2.610490056688917,2.613923856065832,1.6167633890170299,8.3659984370523,2.8924035743741396,7.44642542290472,2.728813922367137,6.782272394900272,0.9812664334855628,-0.09819528139411673,-0.09635573355871617,0.1550827746461374,0.10400246994987063,-1.3877787807814457e-17
28,2026-08-20,pre_event_frozen_per_round,shadow_only,"theegala, sahith",23014,"theegala, sahith",51634,0.1657965059745764,0.1929240128061069,0.05533235715890463,0.10012197692867508,0.16483876539238548,0.18788037174303227,0.05498908689060226,0.09997706345131865,19.512035729553165,8.082786236426193,14.007254270259434,28.778291820184414,3.2350273484110095,1.5593635553853116,0.7750543960975871,2.8813394696671826,3.2163398799516574,1.5185968828192178,0.7702461221660556,2.8771691073271417,909.0961461521537,365.5357068453935,651.8454348330948,1382.250680896625,49.99999453452621,49.99999383759691,49.99999453452621,49.999994954785606,418,415,418,420,8014,3104,5883,12228,0.9478675832442894,0.8796733970719794,0.9287592431061542,0.9650899101205532,2026-08-13,2026-08-13,2026-08-13,2026-08-13,pga:R2026027,pga:R2026027,pga:R2026027,pga:R2026027,7.767764940775776,155.0,16,16,2026-08-13,pga:R2026027,0.206272844538918,-0.0502864383102178,-0.2071190319047073,0.1235626164326436,1.802342312133325,1.2481133192186715,1.0829185585642045,1.72295803140567,1.1727126044827745,3.2484378101061,1.5577868576110494,2.968584377985302,0.1464701420301294,1.2473467180254434,0.9607639725556542,1.0667382885192143,1.0328302321868847,0.7990575105689154,2.5700405376176954,2.9092391738618977,1.7056491942547558,0.9270717250162905,1.407848231759574,1.4828175446853118,1.2177099591796527,0.9201861543704667,2.647531176344871,2.8080577771650868,1.6757260447833013,8.947521650185225,2.9912408211618846,8.26685278423151,2.875213519763621,6.782272394900272,0.9854925458755037,-0.09819528139411673,-0.09677071785404959,0.04969942417607981,0.10950212668486842,0.0
28,2026-08-20,pre_event_frozen_per_round,shadow_only,"thomas, justin",14139,"thomas, justin",33448,0.13317150275372455,0.14990848062169734,0.05653234090266525,0.0936808320705049,0.13391719135790012,0.15004387560319635,0.056105451969182235,0.09376144196677351,19.24101089629503,7.89633289520684,14.127499401044421,28.364011885797865,2.5623543355603977,1.1837272668035859,0.7986606122420423,2.657164234319235,2.576702138118583,1.1847963906498424,0.7926297390899486,2.6594506543751106,905.740580798733,355.95045985299095,654.9183858076203,1370.4808788254575,49.999993586070275,49.999991846036444,49.999993586070275,49.99999407925978,414,408,414,416,7915,2805,5852,12080,0.9476845485014208,0.8768322617047736,0.9290698029634802,0.9648006525499004,2026-08-13,2026-08-13,2026-08-13,2026-08-13,pga:R2026027,pga:R2026027,pga:R2026027,pga:R2026027,6.98320386515951,171.0,16,16,2026-08-13,pga:R2026027,-0.0119297178530408,0.7718465930192056,0.2069465992833254,0.148197578597877,1.5002582493859324,1.019786449451562,1.043766994518799,1.4447985330636517,1.0894495388468066,2.250774814850543,1.0399644024850234,2.08744280114288,1.1047263000361214,1.2473467180254434,0.9886841036632109,1.0390668212550087,1.0193462715167052,0.7990575105689154,2.0589331959626365,2.1548540054065897,1.4679420987922478,0.9270717250162905,1.0983912336728243,1.069177818078924,1.0340105502744756,0.9201861543704667,2.4471896703874543,2.267316235765167,1.5057610154885692,6.467631557325253,2.5431538603327275,6.530414880505688,2.555467644190724,6.782272394900272,0.20093147025923752,-0.09819528139411673,-0.019730522263039427,1.0849957777730819,-0.03166024011608023,-7.979727989493313e-17
28,2026-08-20,pre_event_frozen_per_round,shadow_only,"thorbjornsen, michael",26649,"thorbjornsen, michael",57364,0.15398968235503288,0.15046731263173335,0.052157648951995574,0.09584676554649485,0.15365218163512276,0.15054534521317312,0.05204056359344511,0.09585104078276105,19.408676404697246,6.74250186887726,14.011785686631372,29.013944450131188,2.9887359144909507,1.014526136624401,0.7308217990339153,2.7808927312907494,2.982185472231863,1.015052271450592,0.7291812240828639,2.781016772758288,922.5138379054604,296.2919462733303,651.9431070971619,1402.1168205989138,49.91597279520049,49.90897981535187,49.91597279520049,49.91597279520049,177,175,177,177,3380,1236,2512,5161,0.9485868498203718,0.8556131595375461,0.9287691559408973,0.9655675085566615,2026-08-13,2026-08-13,2026-08-13,2026-08-13,pga:R2026027,pga:R2026027,pga:R2026027,pga:R2026027,7.000340914423141,170.0,16,16,2026-08-13,pga:R2026027,0.204242904047879,0.3206027226554238,0.469599205501852,0.0360529710175939,1.8241916338532032,1.012127553076591,1.0317641959842303,1.4416830348856589,1.0645373561149851,3.3276751170200187,1.0244021836968076,2.0784499730771238,0.9946514830030168,1.2473467180254434,0.9095418067055356,0.9870395814102604,0.993498656974563,0.7990575105689154,2.382937699496378,2.8553064082581985,1.6897651932319468,0.9270717250162905,0.9410262602754044,0.982714221986106,0.9913194348877188,0.9201861543704667,2.5590531293642154,2.31875155122067,1.5227447426343883,7.495064629908935,2.7377115680635415,7.1438117628752345,2.672791006209658,6.782272394900272,0.21806851952286888,-0.09819528139411673,-0.021413299637746547,0.9732381833652702,0.18282960441013246,2.7755575615628914e-17
28,2026-08-20,pre_event_frozen_per_round,shadow_only,"woodland, gary",12577,"woodland, gary",31323,0.16648666034128282,0.16397494842786148,0.05416094398203017,0.09391857640094016,0.16548942145104603,0.16230557761974965,0.05390198155185007,0.09398952974462976,19.286051031320177,7.502078046200547,14.136724913093126,28.91582211048775,3.2108702273760494,1.2301528607275265,0.7656583661074071,2.7157328480798384,3.191637427248526,1.2176291106370227,0.7619974854691249,2.717784522344111,905.711845034311,338.3856912774459,654.1639659907548,1396.268694831738,49.99999151322161,49.999989210845115,49.99999151322161,49.999991846036444,407,401,407,408,7818,2798,5754,12173,0.9476829755121378,0.8712619925941552,0.9289938105116607,0.9654282774848991,2026-08-13,2026-08-13,2026-08-13,2026-08-13,pga:R2026027,pga:R2026027,pga:R2026027,pga:R2026027,6.164569902459184,170.0,16,16,2026-08-13,pga:R2026027,0.149851196549976,-0.3227118124700685,0.553691757596437,0.2102841377466322,1.6081815459471112,1.0907597215943308,0.9849937192435534,1.671840248702031,0.970212626949248,2.5862478847248402,1.189756770252542,2.7950498171800686,0.5523389144356767,1.2473467180254434,0.9504750626435535,0.9603438447964008,0.9799713489671016,0.7990575105689154,2.5503018572557847,2.5682748709903125,1.602583810909842,0.9270717250162905,1.1288295200283163,1.1592931451404291,1.076704762291144,0.9201861543704667,2.500867688023403,2.6479587526017356,1.6272549746741398,7.541267099106699,2.746136758995571,7.335870613528878,2.7084812374334217,6.782272394900272,-0.6177024924410883,-0.09819528139411673,0.06065547006309993,0.6129943844987766,0.21050666661307593,-2.7755575615628914e-17
28,2026-08-20,pre_event_frozen_per_round,shadow_only,"young, cameron",26651,"young, cameron",57366,0.14392437456096838,0.144802941852471,0.057940369417108006,0.10387781900748005,0.14410990819691363,0.14560010208099433,0.05741457067362178,0.10360173702344551,19.118060776701384,7.194472361739999,14.144750856132214,28.90961324543763,2.751554940105328,1.0417807630562468,0.8195520899172553,3.003067572285818,2.755101983433452,1.0475159102882363,0.8121147976901752,2.9950861489033462,893.4476309148318,339.182227564614,656.2080087337649,1381.9823582027425,49.99987617543854,49.9998603859845,49.99987617543854,49.999881031297924,340,337,340,341,6490,2490,4839,9873,0.9470028877474455,0.8715254796888207,0.9291993302516488,0.9650833687205796,2026-08-13,2026-08-13,2026-08-13,2026-08-13,pga:R2026027,pga:R2026027,pga:R2026027,pga:R2026027,5.456268289752084,168.0,16,16,2026-08-13,pga:R2026027,0.6332724519954269,0.2864944398709078,0.6778635015834411,-0.1567133389066708,1.3440829030315546,0.9457035739893797,0.8000598835004689,1.8319462060713976,0.6400958171867838,1.8065588502217316,0.8943552498562861,3.3560269019393876,1.4191906784085715,1.2473467180254434,1.012988727558737,0.8265422723727605,0.9091437028175251,0.7990575105689154,2.201484932245815,2.0040218912337733,1.4156348015055908,0.9270717250162905,0.9711223819329251,0.9327388158946056,0.9657840420583711,0.9201861543704667,2.756036805367621,3.0560318536535043,1.7481509813667424,6.69703681920419,2.58786336950083,6.8193348331546435,2.6113856155601844,6.782272394900272,-1.3260041051481881,-0.09819528139411673,0.13020734623478028,1.5493980246433519,0.7634797982302072,1.1102230246251565e-16
