source_player_id,source_player_name,datagolf_player_name,canonical_name,event_key,first_seen_at,last_seen_at
23108,Matt Kuchar,"kuchar, matt","kuchar, matt",pga:R2026524,2026-07-31T02:21:26.776249+00:00,2026-07-31T02:59:48.694915+00:00
25493,Nick Taylor,"taylor, nick","taylor, nick",pga:R2026524,2026-07-31T02:21:26.776249+00:00,2026-07-31T02:59:48.694915+00:00
25900,Lucas Glover,"glover, lucas","glover, lucas",pga:R2026524,2026-07-28T20:00:15.857631+00:00,2026-07-31T02:59:48.694915+00:00
26420,"johnson, richard","Johnson, Richard S.","Johnson, Richard S.",,2026-07-30T20:57:42.572014+00:00,2026-07-30T20:57:42.572014+00:00
27214,Kevin Streelman,"streelman, kevin","streelman, kevin",pga:R2026524,2026-07-28T20:00:15.857631+00:00,2026-07-31T02:59:48.694915+00:00
27644,Brian Harman,"harman, brian","harman, brian",pga:R2026525,2026-07-28T20:00:15.857631+00:00,2026-07-28T20:02:01.510710+00:00
27649,Brandt Snedeker,"snedeker, brandt","snedeker, brandt",pga:R2026524,2026-07-31T02:21:26.776249+00:00,2026-07-31T02:59:48.694915+00:00
27770,Camilo Villegas,"villegas, camilo","villegas, camilo",pga:R2026525,2026-07-28T20:00:15.857631+00:00,2026-07-28T20:02:01.510710+00:00
28252,Seamus Power,"power, seamus","power, seamus",pga:R2026524,2026-07-28T20:00:15.857631+00:00,2026-07-31T02:59:48.694915+00:00
28679,Fabián Gómez,"gomez, fabian","gomez, fabian",pga:R2026525,2026-07-28T20:00:15.857631+00:00,2026-07-28T20:02:01.510710+00:00
28723,John Parry,"parry, john","parry, john",pga:R2026524,2026-07-28T20:00:15.857631+00:00,2026-07-31T02:59:48.694915+00:00
29221,Webb Simpson,"simpson, webb","simpson, webb",pga:R2026524,2026-07-31T02:21:26.776249+00:00,2026-07-31T02:59:48.694915+00:00
29289,"noh, s.y.","Noh, Seung-Yul","Noh, Seung-Yul",,2026-07-30T20:57:42.572014+00:00,2026-07-30T20:57:42.572014+00:00
29420,Billy Horschel,"horschel, billy","horschel, billy",pga:R2026524,2026-07-28T20:00:15.857631+00:00,2026-07-31T02:59:48.694915+00:00
29535,Brice Garnett,"garnett, brice","garnett, brice",pga:R2026524,2026-07-31T02:21:26.776249+00:00,2026-07-31T02:59:48.694915+00:00
29725,Tony Finau,"finau, tony","finau, tony",pga:R2026524,2026-07-31T02:21:26.776249+00:00,2026-07-31T02:59:48.694915+00:00
30926,Chris Kirk,"kirk, chris","kirk, chris",pga:R2026524,2026-07-28T20:00:15.857631+00:00,2026-07-31T02:59:48.694915+00:00
30927,Brendon Todd,"todd, brendon","todd, brendon",pga:R2026524,2026-07-31T02:21:26.776249+00:00,2026-07-31T02:59:48.694915+00:00
31323,Gary Woodland,"woodland, gary","woodland, gary",pga:R2026525,2026-07-28T20:00:15.857631+00:00,2026-07-28T20:02:01.510710+00:00
31646,Emiliano Grillo,"grillo, emiliano","grillo, emiliano",pga:R2026524,2026-07-28T20:00:15.857631+00:00,2026-07-31T02:59:48.694915+00:00
32070,Rafael Campos,"campos, rafael","campos, rafael",pga:R2026524,2026-07-31T02:21:26.776249+00:00,2026-07-31T02:59:48.694915+00:00
32102,Rickie Fowler,"fowler, rickie","fowler, rickie",pga:R2026524,2026-07-31T02:21:26.776249+00:00,2026-07-31T02:59:48.694915+00:00
32640,Troy Merritt,"merritt, troy","merritt, troy",pga:R2026525,2026-07-28T20:00:15.857631+00:00,2026-07-28T20:02:01.510710+00:00
32757,Patton Kizzire,"kizzire, patton","kizzire, patton",pga:R2026524,2026-07-31T02:21:26.776249+00:00,2026-07-31T02:59:48.694915+00:00
32791,"lee, k.h.","Lee, Kyounghoon","Lee, Kyounghoon",,2026-07-30T20:57:42.572014+00:00,2026-07-30T20:57:42.572014+00:00
32839,Hideki Matsuyama,"matsuyama, hideki","matsuyama, hideki",pga:R2026524,2026-07-28T20:00:15.857631+00:00,2026-07-31T02:59:48.694915+00:00
33141,Keegan Bradley,"bradley, keegan","bradley, keegan",pga:R2026524,2026-07-31T02:21:26.776249+00:00,2026-07-31T02:59:48.694915+00:00
33445,Patrick Wilkes-Krier,"wilkes-krier, patrick","wilkes-krier, patrick",pga:R2026524,2026-07-31T02:21:26.776249+00:00,2026-07-31T02:59:48.694915+00:00
33968,Thorbjørn Olesen,"olesen, thorbjorn","olesen, thorbjorn",pga:R2026524,2026-07-31T02:21:26.776249+00:00,2026-07-31T02:59:48.694915+00:00
34046,Jordan Spieth,"spieth, jordan","spieth, jordan",pga:R2026524,2026-07-31T02:21:26.776249+00:00,2026-07-31T02:59:48.694915+00:00
34076,Joel Dahmen,"dahmen, joel","dahmen, joel",pga:R2026524,2026-07-28T20:00:15.857631+00:00,2026-07-31T02:59:48.694915+00:00
34098,Russell Henley,"henley, russell","henley, russell",pga:R2026524,2026-07-31T02:21:26.776249+00:00,2026-07-31T02:59:48.694915+00:00
34099,Harris English,"english, harris","english, harris",pga:R2026524,2026-07-31T02:21:26.776249+00:00,2026-07-31T02:59:48.694915+00:00
34256,Andrew Putnam,"putnam, andrew","putnam, andrew",pga:R2026524,2026-07-31T02:21:26.776249+00:00,2026-07-31T02:59:48.694915+00:00
34371,Adrien Saddier,"saddier, adrien","saddier, adrien",pga:R2026524,2026-07-31T02:21:26.776249+00:00,2026-07-31T02:59:48.694915+00:00
34466,Peter Malnati,"malnati, peter","malnati, peter",pga:R2026524,2026-07-31T02:21:26.776249+00:00,2026-07-31T02:59:48.694915+00:00
35296,Haotong Li,"li, haotong","li, haotong",pga:R2026524,2026-07-28T20:00:15.857631+00:00,2026-07-31T02:59:48.694915+00:00
35310,Lanto Griffin,"griffin, lanto","griffin, lanto",pga:R2026524,2026-07-28T20:00:15.857631+00:00,2026-07-31T02:59:48.694915+00:00
35450,Patrick Cantlay,"cantlay, patrick","cantlay, patrick",pga:R2026524,2026-07-31T02:21:26.776249+00:00,2026-07-31T02:59:48.694915+00:00
35461,Beau Hossler,"hossler, beau","hossler, beau",pga:R2026524,2026-07-28T20:00:15.857631+00:00,2026-07-31T02:59:48.694915+00:00
35506,Mackenzie Hughes,"hughes, mackenzie","hughes, mackenzie",pga:R2026524,2026-07-28T20:00:15.857631+00:00,2026-07-31T02:59:48.694915+00:00
35532,Tom Hoge,"hoge, tom","hoge, tom",pga:R2026524,2026-07-31T02:21:26.776249+00:00,2026-07-31T02:59:48.694915+00:00
35658,Kristoffer Ventura,"ventura, kristoffer","ventura, kristoffer",pga:R2026524,2026-07-28T20:00:15.857631+00:00,2026-07-31T02:59:48.694915+00:00
35706,"norgaard, niklas","Norgaard Moller, Niklas","Norgaard Moller, Niklas",,2026-07-30T20:57:42.572014+00:00,2026-07-30T20:57:42.572014+00:00
36326,David Lipsky,"lipsky, david","lipsky, david",pga:R2026524,2026-07-31T02:21:26.776249+00:00,2026-07-31T02:59:48.694915+00:00
36327,Justin Quiban,"quiban, justin","quiban, justin",pga:R2026524,2026-07-31T02:21:26.776249+00:00,2026-07-31T02:59:48.694915+00:00
36699,Patrick Rodgers,"rodgers, patrick","rodgers, patrick",pga:R2026524,2026-07-31T02:21:26.776249+00:00,2026-07-31T02:59:48.694915+00:00
36799,Stephan Jaeger,"jaeger, stephan","jaeger, stephan",pga:R2026524,2026-07-31T02:21:26.776249+00:00,2026-07-31T02:59:48.694915+00:00
36801,Mark Hubbard,"hubbard, mark","hubbard, mark",pga:R2026524,2026-07-28T20:00:15.857631+00:00,2026-07-31T02:59:48.694915+00:00
36871,"nesmith, matthew","NeSmith, Matt","NeSmith, Matt",,2026-07-30T20:57:42.572014+00:00,2026-07-30T20:57:42.572014+00:00
36884,Ben Kohles,"kohles, ben","kohles, ben",pga:R2026524,2026-07-28T20:00:15.857631+00:00,2026-07-31T02:59:48.694915+00:00
37076,Marcelo Rozo,"rozo, marcelo","rozo, marcelo",pga:R2026524,2026-07-31T02:21:26.776249+00:00,2026-07-31T02:59:48.694915+00:00
37338,Zecheng Dou,"dou, zecheng","dou, zecheng",pga:R2026524,2026-07-28T20:00:15.857631+00:00,2026-07-31T02:59:48.694915+00:00
37455,Si Woo Kim,"kim, si woo","kim, si woo",pga:R2026524,2026-07-31T02:21:26.776249+00:00,2026-07-31T02:59:48.694915+00:00
38991,Alejandro Tosti,"tosti, alejandro","tosti, alejandro",pga:R2026524,2026-07-31T02:21:26.776249+00:00,2026-07-31T02:59:48.694915+00:00
39251,Ryan Ruffels,"ruffels, ryan","ruffels, ryan",pga:R2026524,2026-07-31T02:21:26.776249+00:00,2026-07-31T02:59:48.694915+00:00
39324,J.J. Spaun,"spaun, j.j.","spaun, j.j.",pga:R2026524,2026-07-31T02:21:26.776249+00:00,2026-07-31T02:59:48.694915+00:00
39327,Ben Silverman,"silverman, ben","silverman, ben",pga:R2026524,2026-07-31T02:21:26.776249+00:00,2026-07-31T02:59:48.694915+00:00
39335,Kevin Roy,"roy, kevin","roy, kevin",pga:R2026524,2026-07-28T20:00:15.857631+00:00,2026-07-31T02:59:48.694915+00:00
39546,Keith Mitchell,"mitchell, keith","mitchell, keith",pga:R2026525,2026-07-28T20:00:15.857631+00:00,2026-07-28T20:02:01.510710+00:00
39971,Sungjae Im,"im, sungjae","im, sungjae",pga:R2026524,2026-07-31T02:21:26.776249+00:00,2026-07-31T02:59:48.694915+00:00
39975,Michael Kim,"kim, michael","kim, michael",pga:R2026524,2026-07-28T20:00:15.857631+00:00,2026-07-31T02:59:48.694915+00:00
39997,Corey Conners,"conners, corey","conners, corey",pga:R2026524,2026-07-28T20:00:15.857631+00:00,2026-07-31T02:59:48.694915+00:00
40006,Erik van Rooyen,"van rooyen, erik","van rooyen, erik",pga:R2026524,2026-07-31T02:21:26.776249+00:00,2026-07-31T02:59:48.694915+00:00
40058,Zac Blair,"blair, zac","blair, zac",pga:R2026524,2026-07-28T20:00:15.857631+00:00,2026-07-31T02:59:48.694915+00:00
40115,Adam Svensson,"svensson, adam","svensson, adam",pga:R2026524,2026-07-31T02:21:26.776249+00:00,2026-07-31T02:59:48.694915+00:00
40162,Justin Lower,"lower, justin","lower, justin",pga:R2026524,2026-07-31T02:21:26.776249+00:00,2026-07-31T02:59:48.694915+00:00
40250,Taylor Pendrith,"pendrith, taylor","pendrith, taylor",pga:R2026524,2026-07-31T02:21:26.776249+00:00,2026-07-31T02:59:48.694915+00:00
45157,Cam Davis,"davis, cameron","davis, cameron",pga:R2026524,2026-07-31T02:21:26.776249+00:00,2026-07-31T02:59:48.694915+00:00
45242,Kevin Yu,"yu, kevin","yu, kevin",pga:R2026524,2026-07-28T20:00:15.857631+00:00,2026-07-31T02:59:48.694915+00:00
45522,Christiaan Bezuidenhout,"bezuidenhout, christiaan","bezuidenhout, christiaan",pga:R2026524,2026-07-28T20:00:15.857631+00:00,2026-07-31T02:59:48.694915+00:00
46046,Scottie Scheffler,"scheffler, scottie","scheffler, scottie",pga:R2026525,2026-07-28T20:00:15.857631+00:00,2026-07-28T20:02:01.510710+00:00
46442,Maverick McNealy,"mcnealy, maverick","mcnealy, maverick",pga:R2026525,2026-07-28T20:00:15.857631+00:00,2026-07-28T20:02:01.510710+00:00
46443,Brian Campbell,"campbell, brian","campbell, brian",pga:R2026524,2026-07-31T02:21:26.776249+00:00,2026-07-31T02:59:48.694915+00:00
46464,Jordan Smith,"smith, jordan","smith, jordan",pga:R2026524,2026-07-28T20:00:15.857631+00:00,2026-07-31T02:59:48.694915+00:00
47347,Adam Schenk,"schenk, adam","schenk, adam",pga:R2026524,2026-07-31T02:21:26.776249+00:00,2026-07-31T02:59:48.694915+00:00
47393,Jeffrey Kang,"kang, jeffrey","kang, jeffrey",pga:R2026524,2026-07-28T20:00:15.857631+00:00,2026-07-31T02:59:48.694915+00:00
47420,Jake Knapp,"knapp, jake","knapp, jake",pga:R2026524,2026-07-28T20:00:15.857631+00:00,2026-07-31T02:59:48.694915+00:00
47591,Eric Cole,"cole, eric","cole, eric",pga:R2026524,2026-07-31T02:21:26.776249+00:00,2026-07-31T02:59:48.694915+00:00
47917,Takumi Kanaya,"kanaya, takumi","kanaya, takumi",pga:R2026524,2026-07-31T02:21:26.776249+00:00,2026-07-31T02:59:48.694915+00:00
47983,Chad Ramey,"ramey, chad","ramey, chad",pga:R2026524,2026-07-31T02:21:26.776249+00:00,2026-07-31T02:59:48.694915+00:00
47993,Denny McCarthy,"mccarthy, denny","mccarthy, denny",pga:R2026524,2026-07-28T20:00:15.857631+00:00,2026-07-31T02:59:48.694915+00:00
47995,Davis Riley,"riley, davis","riley, davis",pga:R2026524,2026-07-31T02:21:26.776249+00:00,2026-07-31T02:59:48.694915+00:00
48001,Zach Bauchou,"bauchou, zach","bauchou, zach",pga:R2026524,2026-07-28T20:00:15.857631+00:00,2026-07-31T02:59:48.694915+00:00
48081,Xander Schauffele,"schauffele, xander","schauffele, xander",pga:R2026524,2026-07-31T02:21:26.776249+00:00,2026-07-31T02:59:48.694915+00:00
48117,Kurt Kitayama,"kitayama, kurt","kitayama, kurt",pga:R2026525,2026-07-28T20:00:15.857631+00:00,2026-07-28T20:02:01.510710+00:00
48153,Matthieu Pavon,"pavon, matthieu","pavon, matthieu",pga:R2026524,2026-07-31T02:21:26.776249+00:00,2026-07-31T02:59:48.694915+00:00
48867,Matti Schmid,"schmid, matthias","schmid, matthias",pga:R2026524,2026-07-28T20:00:15.857631+00:00,2026-07-31T02:59:48.694915+00:00
48887,Matt Wallace,"wallace, matt","wallace, matt",pga:R2026524,2026-07-31T02:21:26.776249+00:00,2026-07-31T02:59:48.694915+00:00
49037,Stefano Mazzoli,"mazzoli, stefano","mazzoli, stefano",pga:R2026524,2026-07-31T02:21:26.776249+00:00,2026-07-31T02:59:48.694915+00:00
49120,Kensei Hirata,"hirata, kensei","hirata, kensei",pga:R2026524,2026-07-31T02:21:26.776249+00:00,2026-07-31T02:59:48.694915+00:00
49228,Keita Nakajima,"nakajima, keita","nakajima, keita",pga:R2026524,2026-07-31T02:21:26.776249+00:00,2026-07-31T02:59:48.694915+00:00
49766,Hank Lebioda,"lebioda, hank","lebioda, hank",pga:R2026524,2026-07-28T20:00:15.857631+00:00,2026-07-31T02:59:48.694915+00:00
49826,Brad Dalke,"dalke, brad","dalke, brad",pga:R2026524,2026-07-31T02:21:26.776249+00:00,2026-07-31T02:59:48.694915+00:00
49964,Aaron Wise,"wise, aaron","wise, aaron",pga:R2026524,2026-07-31T02:21:26.776249+00:00,2026-07-31T02:59:48.694915+00:00
50095,Austin Smotherman,"smotherman, austin","smotherman, austin",pga:R2026524,2026-07-28T20:00:15.857631+00:00,2026-07-31T02:59:48.694915+00:00
50188,"kim, s.h.","Kim, Seonghyeon","Kim, Seonghyeon",,2026-07-30T20:57:42.572014+00:00,2026-07-30T20:57:42.572014+00:00
50286,A.J. Ewart,"ewart, a.j.","ewart, a.j.",pga:R2026524,2026-07-28T20:00:15.857631+00:00,2026-07-31T02:59:48.694915+00:00
50484,Hayden Springer,"springer, hayden","springer, hayden",pga:R2026524,2026-07-31T02:21:26.776249+00:00,2026-07-31T02:59:48.694915+00:00
50497,Adrien Dumont de Chassart,"dumont de chassart, adrien","dumont de chassart, adrien",pga:R2026524,2026-07-31T02:21:26.776249+00:00,2026-07-31T02:59:48.694915+00:00
51003,Marco Penge,"penge, marco","penge, marco",pga:R2026524,2026-07-31T02:21:26.776249+00:00,2026-07-31T02:59:48.694915+00:00
51287,Ryo Hisatsune,"hisatsune, ryo","hisatsune, ryo",pga:R2026524,2026-07-31T02:21:26.776249+00:00,2026-07-31T02:59:48.694915+00:00
51349,Nico Echavarria,"echavarria, nicolas","echavarria, nicolas",pga:R2026524,2026-07-30T20:57:42.572014+00:00,2026-07-31T02:59:48.694915+00:00
51600,Jimmy Stanger,"stanger, jimmy","stanger, jimmy",pga:R2026524,2026-07-28T20:00:15.857631+00:00,2026-07-31T02:59:48.694915+00:00
51696,Rico Hoey,"hoey, rico","hoey, rico",pga:R2026524,2026-07-28T20:00:15.857631+00:00,2026-07-31T02:59:48.694915+00:00
51766,Wyndham Clark,"clark, wyndham","clark, wyndham",pga:R2026524,2026-07-31T02:21:26.776249+00:00,2026-07-31T02:59:48.694915+00:00
51894,Vince Whaley,"whaley, vince","whaley, vince",pga:R2026524,2026-07-28T20:00:15.857631+00:00,2026-07-31T02:59:48.694915+00:00
51950,Max McGreevy,"mcgreevy, max","mcgreevy, max",pga:R2026524,2026-07-31T02:21:26.776249+00:00,2026-07-31T02:59:48.694915+00:00
51977,Max Greyserman,"greyserman, max","greyserman, max",pga:R2026524,2026-07-28T20:00:15.857631+00:00,2026-07-31T02:59:48.694915+00:00
51997,Andrew Novak,"novak, andrew","novak, andrew",pga:R2026524,2026-07-31T02:21:26.776249+00:00,2026-07-31T02:59:48.694915+00:00
52375,Doug Ghim,"ghim, doug","ghim, doug",pga:R2026524,2026-07-31T02:21:26.776249+00:00,2026-07-31T02:59:48.694915+00:00
52453,Nicolai Højgaard,"hojgaard, nicolai","hojgaard, nicolai",pga:R2026524,2026-07-31T02:21:26.776249+00:00,2026-07-31T02:59:48.694915+00:00
52514,Trace Crowe,"crowe, trace","crowe, trace",pga:R2026524,2026-07-28T20:00:15.857631+00:00,2026-07-31T02:59:48.694915+00:00
52686,Rasmus Højgaard,"hojgaard, rasmus","hojgaard, rasmus",pga:R2026524,2026-07-31T02:21:26.776249+00:00,2026-07-31T02:59:48.694915+00:00
52689,Rasmus Neergaard-Petersen,"neergaard-petersen, rasmus","neergaard-petersen, rasmus",pga:R2026524,2026-07-28T20:00:15.857631+00:00,2026-07-31T02:59:48.694915+00:00
54304,Karl Vilips,"vilips, karl","vilips, karl",pga:R2026524,2026-07-31T02:21:26.776249+00:00,2026-07-31T02:59:48.694915+00:00
54421,Garrick Higgo,"higgo, garrick","higgo, garrick",pga:R2026524,2026-07-31T02:21:26.776249+00:00,2026-07-31T02:59:48.694915+00:00
54422,Christo Lamprecht,"lamprecht, christo","lamprecht, christo",pga:R2026524,2026-07-31T02:21:26.776249+00:00,2026-07-31T02:59:48.694915+00:00
54576,Patrick Fishburn,"fishburn, patrick","fishburn, patrick",pga:R2026524,2026-07-28T20:00:15.857631+00:00,2026-07-31T02:59:48.694915+00:00
54591,Ben Griffin,"griffin, ben","griffin, ben",pga:R2026524,2026-07-31T02:21:26.776249+00:00,2026-07-31T02:59:48.694915+00:00
54607,Danny Walker,"walker, danny","walker, danny",pga:R2026524,2026-07-31T02:21:26.776249+00:00,2026-07-31T02:59:48.694915+00:00
54628,Lee Hodges,"hodges, lee","hodges, lee",pga:R2026524,2026-07-28T20:00:15.857631+00:00,2026-07-31T02:59:48.694915+00:00
54783,Dylan Wu,"wu, dylan","wu, dylan",pga:R2026524,2026-07-31T02:21:26.776249+00:00,2026-07-31T02:59:48.694915+00:00
54788,Chandler Blanchet,"blanchet, chandler","blanchet, chandler",pga:R2026524,2026-07-28T20:00:15.857631+00:00,2026-07-31T02:59:48.694915+00:00
55182,Tom Kim,"kim, tom","kim, tom",pga:R2026525,2026-07-28T20:00:15.857631+00:00,2026-07-28T20:02:01.510710+00:00
55573,John VanDerLaan,"vanderlaan, john","vanderlaan, john",pga:R2026524,2026-07-28T20:00:15.857631+00:00,2026-07-31T02:59:48.694915+00:00
55851,Pontus Nyholm,"nyholm, pontus","nyholm, pontus",pga:R2026524,2026-07-28T20:00:15.857631+00:00,2026-07-31T02:59:48.694915+00:00
55893,Sam Stevens,"stevens, samuel","stevens, samuel",pga:R2026524,2026-07-28T20:00:15.857631+00:00,2026-07-31T02:59:48.694915+00:00
56630,Akshay Bhatia,"bhatia, akshay","bhatia, akshay",pga:R2026524,2026-07-31T02:21:26.776249+00:00,2026-07-31T02:59:48.694915+00:00
56762,Will Gordon,"gordon, will","gordon, will",pga:R2026525,2026-07-28T20:00:15.857631+00:00,2026-07-28T20:02:01.510710+00:00
56926,Keenan Huskey,"huskey, keenan","huskey, keenan",pga:R2026524,2026-07-31T02:21:26.776249+00:00,2026-07-31T02:59:48.694915+00:00
57123,Steven Fisk,"fisk, steven","fisk, steven",pga:R2026524,2026-07-31T02:21:26.776249+00:00,2026-07-31T02:59:48.694915+00:00
57362,Austin Eckroat,"eckroat, austin","eckroat, austin",pga:R2026524,2026-07-28T20:00:15.857631+00:00,2026-07-31T02:59:48.694915+00:00
57364,Michael Thorbjornsen,"thorbjornsen, michael","thorbjornsen, michael",pga:R2026524,2026-07-31T02:21:26.776249+00:00,2026-07-31T02:59:48.694915+00:00
57366,Cameron Young,"young, cameron","young, cameron",pga:R2026524,2026-07-31T02:21:26.776249+00:00,2026-07-31T02:59:48.694915+00:00
57586,Jesper Svensson,"svensson, jesper","svensson, jesper",pga:R2026524,2026-07-28T20:00:15.857631+00:00,2026-07-31T02:59:48.694915+00:00
57688,Casey Jarvis,"jarvis, casey","jarvis, casey",pga:R2026525,2026-07-28T20:00:15.857631+00:00,2026-07-28T20:02:01.510710+00:00
57869,Ben James,"james, ben","james, ben",pga:R2026524,2026-07-31T02:21:26.776249+00:00,2026-07-31T02:59:48.694915+00:00
57900,Chandler Phillips,"phillips, chandler","phillips, chandler",pga:R2026524,2026-07-28T20:00:15.857631+00:00,2026-07-31T02:59:48.694915+00:00
57975,Harry Hall,"hall, harry","hall, harry",pga:R2026524,2026-07-31T02:21:26.776249+00:00,2026-07-31T02:59:48.694915+00:00
58168,Davis Thompson,"thompson, davis","thompson, davis",pga:R2026524,2026-07-28T20:00:15.857631+00:00,2026-07-31T02:59:48.694915+00:00
58303,Ryan Celano,"celano, ryan","celano, ryan",pga:R2026524,2026-07-31T02:21:26.776249+00:00,2026-07-31T02:59:48.694915+00:00
59006,Davis Chatfield,"chatfield, davis","chatfield, davis",pga:R2026524,2026-07-28T20:00:15.857631+00:00,2026-07-31T02:59:48.694915+00:00
59018,Ryan Gerard,"gerard, ryan","gerard, ryan",pga:R2026524,2026-07-31T02:21:26.776249+00:00,2026-07-31T02:59:48.694915+00:00
59095,Chris Gotterup,"gotterup, chris","gotterup, chris",pga:R2026524,2026-07-31T02:21:26.776249+00:00,2026-07-31T02:59:48.694915+00:00
59141,Matt McCarty,"mccarty, matt","mccarty, matt",pga:R2026524,2026-07-31T02:21:26.776249+00:00,2026-07-31T02:59:48.694915+00:00
59143,Mac Meissner,"meissner, mac","meissner, mac",pga:R2026524,2026-07-31T02:21:26.776249+00:00,2026-07-31T02:59:48.694915+00:00
59440,Ricky Castillo,"castillo, ricky","castillo, ricky",pga:R2026524,2026-07-28T20:00:15.857631+00:00,2026-07-31T02:59:48.694915+00:00
59836,Pierceson Coody,"coody, pierceson","coody, pierceson",pga:R2026524,2026-07-31T02:21:26.776249+00:00,2026-07-31T02:59:48.694915+00:00
59862,Joe Hooks,"hooks, joe","hooks, joe",pga:R2026524,2026-07-31T02:21:26.776249+00:00,2026-07-31T02:59:48.694915+00:00
59866,Nick Dunlap,"dunlap, nick","dunlap, nick",pga:R2026524,2026-07-31T02:21:26.776249+00:00,2026-07-31T02:59:48.694915+00:00
60004,Jacob Bridgeman,"bridgeman, jacob","bridgeman, jacob",pga:R2026524,2026-07-31T02:21:26.776249+00:00,2026-07-31T02:59:48.694915+00:00
60019,Jackson Suber,"suber, jackson","suber, jackson",pga:R2026524,2026-07-31T02:21:26.776249+00:00,2026-07-31T02:59:48.694915+00:00
60067,Joe Highsmith,"highsmith, joe","highsmith, joe",pga:R2026524,2026-07-31T02:21:26.776249+00:00,2026-07-31T02:59:48.694915+00:00
60386,Sudarshan Yellamaraju,"yellamaraju, sudarshan","yellamaraju, sudarshan",pga:R2026524,2026-07-31T02:21:26.776249+00:00,2026-07-31T02:59:48.694915+00:00
61522,Michael Brennan,"brennan, michael","brennan, michael",pga:R2026524,2026-07-28T20:00:15.857631+00:00,2026-07-31T02:59:48.694915+00:00
63121,William Mouw,"mouw, william","mouw, william",pga:R2026524,2026-07-31T02:21:26.776249+00:00,2026-07-31T02:59:48.694915+00:00
63343,Aldrich Potgieter,"potgieter, aldrich","potgieter, aldrich",pga:R2026524,2026-07-31T02:21:26.776249+00:00,2026-07-31T02:59:48.694915+00:00
63454,Johnny Keefer,"keefer, johnny","keefer, johnny",pga:R2026524,2026-07-31T02:21:26.776249+00:00,2026-07-31T02:59:48.694915+00:00
63552,Daniel Azallion,"azallion, daniel","azallion, daniel",pga:R2026524,2026-07-31T02:21:26.776249+00:00,2026-07-31T02:59:48.694915+00:00
63807,Neal Shipley,"shipley, neal","shipley, neal",pga:R2026524,2026-07-28T20:00:15.857631+00:00,2026-07-31T02:59:48.694915+00:00
64442,Gordon Sargent,"sargent, gordon","sargent, gordon",pga:R2026524,2026-07-31T02:21:26.776249+00:00,2026-07-31T02:59:48.694915+00:00
66701,Jackson Koivun,"koivun, jackson","koivun, jackson",pga:R2026524,2026-07-28T20:00:15.857631+00:00,2026-07-31T02:59:48.694915+00:00
66743,Luke Clanton,"clanton, luke","clanton, luke",pga:R2026524,2026-07-31T02:21:26.776249+00:00,2026-07-31T02:59:48.694915+00:00
67287,Muzzy Donohue,"donohue, muzzy","donohue, muzzy",pga:R2026525,2026-07-28T20:00:15.857631+00:00,2026-07-28T20:02:01.510710+00:00
70415,William Jennings,"jennings, william","jennings, william",pga:R2026524,2026-07-31T02:21:26.776249+00:00,2026-07-31T02:59:48.694915+00:00
