event_id,built_at,player_name,dg_id,archetype,sg_ott_rolling,sg_app_rolling,sg_arg_rolling,sg_putt_rolling,driving_dist_rolling,driving_acc_rolling,sg_total_rolling
554,2026-09-28,"akina, kihei",,Low Skill,-0.44837068192130447,-1.4993366251701525,-0.48568447734491305,0.2601633748298475,3.152838378809463,0.678625,-2.172853409606522
554,2026-09-28,"bauchou, zach",,Balanced,0.08386553140073172,0.21474812681120736,0.030665871980512214,0.17790812681120735,0.57994862994178,0.6381999999999999,0.5071276570036587
554,2026-09-28,"bezuidenhout, christiaan",,Short Accurate,-0.2994382976575024,0.359501308865121,0.20849919163974834,0.30681130886512104,-9.259178282507152,0.644305,0.5188568645221008
554,2026-09-28,"blair, zac",,Short Accurate,-0.437857894251934,0.5847414744843089,0.0714954740236462,-0.07538352551569125,-12.044360199745041,0.71052,0.40562699347967623
554,2026-09-28,"blanchet, chandler",,Short Accurate,0.12349976810432796,0.003151617372141109,-0.5882241623269704,-0.3528683826278589,-4.462830554070479,0.69876,-0.8145211594783602
554,2026-09-28,"bracken, boston",,Low Skill,,,,,,,
554,2026-09-28,"brennan, michael",,Long Wild,0.7352834680125856,0.19642272222076612,-0.3411515723911901,0.2737427222207662,11.824189709155208,0.5651800000000001,0.863717340062928
554,2026-09-28,"campos, rafael",,Low Skill,-0.32607768621253186,-0.33593368225067755,-0.41657838034877237,-0.32063368225067757,-1.018095312923812,0.5637999999999999,-1.4419145854914606
554,2026-09-28,"chatfield, davis",,Short Accurate,-0.42596163445285123,0.18610330315279555,-0.0034731441169958293,-0.009356696847204478,-14.305816786041092,0.7308,-0.2526681722642559
554,2026-09-28,"clanton, luke",,Low Skill,-0.23047666372102266,0.24629400486031255,-0.20159966460471587,-0.4502859951396875,-1.8032780320641777,0.602525,-0.9058154215529349
554,2026-09-28,"cole, eric",,Short Game Specialist,-0.3553787001865627,0.1288373946921717,0.2656354098694062,0.6145373946921717,-1.5079595269814101,0.567765,0.8324759121015067
554,2026-09-28,"coody, pierceson",,Long Wild,0.28940255913998003,-0.04780152741903287,-0.16622670860201394,0.2114834725809671,6.134034218525397,0.5895499999999999,0.19435350778896818
554,2026-09-28,"crowe, trace",,Low Skill,-0.07139636824532292,-0.14455450760478275,-0.20167645777172602,-0.14485450760478283,4.404117783742729,0.6118399999999999,-0.6703487581195157
554,2026-09-28,"dahmen, joel",,Short Accurate,0.07807208784380307,0.3542109449422752,-0.31238353850933787,-0.5201340550577249,-4.879701470448074,0.70276,-0.4523545535095261
554,2026-09-28,"davis, cameron",,Low Skill,-0.5933383210269965,-0.4311209796945441,-0.2110463247188975,-0.13036597969454417,-0.8823313456125386,0.541695,-1.6624189446028408
554,2026-09-28,"dou, zecheng",,Balanced,-0.08462848486895666,0.06721249996622156,0.12075606059173034,0.0015974999662215217,1.8357818526103444,0.5785899999999999,0.35350762632984273
554,2026-09-28,"dumont de chassart, adrien",,Short Game Specialist,-0.5558685521727265,-0.2456861110849987,0.2792880134790915,0.18063888891500135,2.070108841374531,0.5255749999999999,-0.16033587392315468
554,2026-09-28,"duncan, tyler",,Low Skill,0.20771246565592477,-0.4474206816677242,-0.13030877404085267,-0.43650068166772416,-2.0440075154967268,0.7035100000000001,-1.0594312537327866
554,2026-09-28,"dunlap, nick",,Low Skill,-1.2714558888730365,0.003954533359489769,0.04740737778887444,-0.14555046664051025,-4.127447306376049,0.53903,-1.3334918256688928
554,2026-09-28,"eckroat, austin",,Balanced,-0.1397206829838867,0.32435762307658694,-0.16694297808872072,0.15294762307658694,0.7947269368722121,0.60243,0.20379747494164632
554,2026-09-28,"ewart, a.j.",,Short Game Specialist,-0.4429980163992225,-0.07327272705871717,-0.02918661147945575,0.5285872729412828,-2.5651395275195137,0.5735,-0.016930081996112553
554,2026-09-28,"finau, tony",,Low Skill,-0.15067054138038416,-0.15495089327763384,0.3266496210337311,-0.2458358932776339,4.209883429822196,0.55447,-0.264033492389831
554,2026-09-28,"fishburn, patrick",,Low Skill,0.29025861447162177,-0.07586903612182412,-0.11922246986986476,-0.036349036121824135,4.308502338470815,0.6210849999999999,-0.049615766803886886
554,2026-09-28,"fisk, steven",,Balanced,0.22977622511638002,-0.22754572855797284,-0.023158642418533954,0.053929271442027096,4.770730968238098,0.6199049999999999,0.05577556298105492
554,2026-09-28,"ford, david",,Short Accurate,0.5724789086209237,-0.23134280077547598,-0.2948987639653534,-0.354082800775476,1.0430879776284234,0.7096199999999999,-0.3078654568953818
554,2026-09-28,"garnett, brice",,Short Accurate,-0.23741694597297405,-0.2711587108554072,-0.09070536218108186,0.021671289144592775,-8.504477655465108,0.67931,-0.6709478206182701
554,2026-09-28,"ghim, doug",,Balanced,0.5119981125677481,0.2801146357367843,0.17319317879742363,-0.23460536426321568,3.5468056926159255,0.65371,0.8804942012577976
554,2026-09-28,"glover, lucas",,Short Accurate,0.0399766401720457,0.4081667062838754,-0.06022185187956802,-0.5772082937161247,-7.525877362429021,0.69606,-0.3264667776867976
554,2026-09-28,"gordon, will",,Low Skill,-0.01574321770595976,0.00238794078516644,-0.33721875239417176,-0.3525620592148335,2.308945112954506,0.60807,-0.6806213491206732
554,2026-09-28,"greyserman, max",,Long Wild,0.17089864643729408,-0.21746223337846476,0.07587405250610589,0.23954776662153524,8.178252766923073,0.553095,0.23885624967193586
554,2026-09-28,"grillo, emiliano",,Short Accurate,0.17333534107847687,0.1325053127794868,-0.06801426124506618,-0.018959687220513197,-5.203280612692808,0.69915,0.12801321782876351
554,2026-09-28,"hall, harry",,ARG_PUTT,-0.29620449732983123,0.1451385794057785,0.3722798518691182,0.5313735794057786,-1.3148363279196542,0.5599249999999999,0.4724504785021454
554,2026-09-28,"higgo, garrick",,Low Skill,0.011799158092928853,-0.5591151391466673,-0.16489308933494978,0.04913486085333259,4.180943478197863,0.57873,-0.900365487715851
554,2026-09-28,"highsmith, joe",,Low Skill,-0.3363310711657771,-0.18549076742353227,-0.054372749816043994,-0.30571576742353224,-0.8839308981528581,0.58586,-0.8187918122813822
554,2026-09-28,"hirata, kensei",,Short Accurate,-0.11304827423697289,-0.7526166524910053,-0.018659791965881,-0.3566166524910052,-8.099601718215622,0.68478,-1.2408613711848646
554,2026-09-28,"hodges, lee",,Short Accurate,0.20458211343300747,0.19286173716446234,-0.20577502059689473,-0.024123262835537618,-4.069656411356184,0.66635,0.15333312776642327
554,2026-09-28,"hoey, rico",,Long Accurate,0.41644547221414696,0.1776452791533424,-0.07717366945009715,-0.3880997208466576,7.066447927291149,0.63261,0.17072397118973082
554,2026-09-28,"hoge, tom",,Low Skill,-0.4709779476234689,0.3749923864212763,-0.1353365633364282,-0.18495261357872364,-5.334613519954074,0.6040399999999999,-0.16226106725841824
554,2026-09-28,"hojgaard, rasmus",,Long Wild,0.15593628055053743,-0.08474413709161321,-0.16810160361462378,0.2274608629083868,10.980298884149175,0.506405,-0.07818209160360777
554,2026-09-28,"homa, max",,Elite Putter,0.10159854099044874,0.004409592634240393,-0.021515021306685905,0.3883845926342404,3.4107910134493746,0.563705,0.4737147067745019
554,2026-09-28,"horschel, billy",,Balanced,-0.02585908531648227,0.34781400922780425,-0.2920543597215375,0.07172900922780427,-0.6759364781208314,0.60016,-0.008310114412326364
554,2026-09-28,"hossler, beau",,Short Game Specialist,0.08585449818040838,-0.27418032800232617,0.20014364872628587,0.34040967199767386,1.277345856691437,0.607845,0.4939597404438678
554,2026-09-28,"hubbard, mark",,Balanced,-0.07766385504554801,0.19396313917484578,0.039203301468116375,-0.4672068608251543,-3.0961819168173994,0.612725,-0.371690824045783
554,2026-09-28,"hughes, mackenzie",,Short Game Specialist,-0.17614186370882448,-0.4052060751195603,0.37781469540382284,0.38049392488043965,3.353013586270185,0.572515,0.17578940882453511
554,2026-09-28,"jaeger, stephan",,Short Game Specialist,-0.3717573918868883,-0.00699419661336587,0.24485882567917813,0.20867580338663416,4.583520796542196,0.526275,0.07341042475041856
554,2026-09-28,"james, ben",,Ball Striker,0.3474162895966917,0.5196758778345412,0.005973402717684156,-0.13432412216545883,0.0035428843621502894,0.71226,0.7378414479834583
554,2026-09-28,"johnson, zach j.",,Low Skill,-1.4700000000000002,-2.8126125,-0.7265250000000001,-0.7031125,-15.934130479735344,0.518,-5.712250000000001
554,2026-09-28,"kanaya, takumi",,Short Accurate,-0.0470434750882611,-0.6719284838956309,0.31871306743821726,0.23908651610436918,-8.135750517819254,0.6773600000000001,-0.3006655422744011
554,2026-09-28,"kang, jeffrey",,Low Skill,-0.42832343251365823,-0.3051566636475361,0.017679597240439195,-0.6411966636475361,-0.9594503757025836,0.55864,-1.356097162568291
554,2026-09-28,"keefer, johnny",,Ball Striker,0.33595676210136965,0.39433865746725993,-0.23539026652904124,0.035238657467260015,8.219952524166104,0.6002200000000001,0.5295038105068485
554,2026-09-28,"kirk, chris",,Balanced,0.08467672681018143,0.5135868492367994,0.214203208767127,-0.36055815076320064,-0.6806131620612041,0.624595,0.3555407158416368
554,2026-09-28,"kizzire, patton",,Low Skill,-0.8220685961474581,-0.1979876836433057,0.2520259826967794,-0.19969268364330575,-4.992524037018867,0.5639399999999999,-1.0185975093654143
554,2026-09-28,"kohles, ben",,Short Accurate,0.170491951551982,0.6581147200607704,0.02760836608638742,-0.1894002799392296,-9.212472859917732,0.77715,0.879970603492946
554,2026-09-28,"koivun, jackson",,APP_PUTT,0.4213854573905078,0.5872460046943379,0.06268982017335548,0.5028060046943379,0.22742630573791303,0.7036,1.5731472869525387
554,2026-09-28,"lamprecht, christo",,Long Wild,-0.0729294200454633,-1.6913475430750142,-0.08818259403182431,-0.31384754307501445,13.459127726794796,0.50256,-2.166307100227316
554,2026-09-28,"lebioda, hank",,Low Skill,-0.3000115469925797,-1.3552537756436611e-05,-0.08117408289480574,-0.3996435525377564,-2.5920375407420533,0.5835250000000001,-0.5828679289429355
554,2026-09-28,"li, haotong",,Long Wild,0.19002053791548457,0.026946637560549606,-0.5360211234591608,0.07011663756054962,6.051473519490253,0.5656699999999999,-0.4512554118405465
554,2026-09-28,"lingmerth, david",,Short Accurate,-0.34859333892843586,-0.1928700092319191,-0.11164833724990508,0.07666499076808093,-14.040907663191255,0.672185,-0.5453407008583513
554,2026-09-28,"lipsky, david",,Balanced,-0.35428359385386465,-0.12366642985887676,0.18382348430229467,0.013718570141123258,-7.929524496485003,0.629455,-0.23086362974598099
554,2026-09-28,"lower, justin",,Short Accurate,-0.14905033179538643,-0.3223762974623876,-0.09827373225677055,-0.27500129746238766,-7.4633683504245845,0.68058,-0.8614112610136719
554,2026-09-28,"malnati, peter",,Short Game Specialist,-0.7690990291866471,-0.5120196481579677,0.16753317956934705,0.2105303518420324,-2.1960969786504236,0.5424699999999999,-0.8445119324207632
554,2026-09-28,"martin, ben",,Low Skill,-0.211922268570019,0.021963256859468733,-0.06003058799901328,-0.3380317431405312,-3.5988246237650987,0.6223799999999999,-0.6952355356027248
554,2026-09-28,"mauss, bowen",,Low Skill,0.1395,-1.5496,-0.8663000000000001,-2.2086,0.2721674580753586,0.786,-4.484999999999999
554,2026-09-28,"mccarthy, denny",,Short Game Specialist,-0.40575781016857426,0.09929761322185253,0.04640353288199803,0.6903276132218525,-8.130074660302267,0.576945,0.41534991199345833
554,2026-09-28,"mccarty, matt",,Short Game Specialist,-0.1419705835981367,0.0846000370630745,-0.13838740851869566,0.6527000370630747,-3.9916368870948276,0.61561,0.4575586343517062
554,2026-09-28,"mcgreevy, max",,Short Accurate,0.12312806977417404,0.23204281512738711,0.004761648841921819,-0.3675921848726129,-4.453501263050809,0.6817749999999999,-0.08749682246436978
554,2026-09-28,"mcnealy, maverick",,ARG_PUTT,0.1526099681007607,-0.04916030263374485,0.3570304776705325,0.8524946973662552,4.9438668187511325,0.569935,1.2956177576733592
554,2026-09-28,"meissner, mac",,Balanced,0.034604757878585156,0.1349938504996655,0.2631113305150096,0.23823885049966542,-1.4624984546428492,0.6062000000000001,0.6510503482074391
554,2026-09-28,"moore, taylor",,Long Wild,0.2467245387214737,-0.42632826110956845,0.14252467710503153,0.09349673889043153,6.615998103028197,0.54598,0.08856475921662074
554,2026-09-28,"mouw, william",,Balanced,0.15558078136481118,0.32935003925193845,-0.12111195304463217,-0.29710496074806153,0.9459475804038757,0.628695,0.09618364021763232
554,2026-09-28,"neergaard-petersen, rasmus",,Ball Striker,0.5682993436640733,-0.09222608295427903,-0.0897504594351487,-0.05510608295427908,1.9320961603766262,0.6430199999999999,0.33131671832036647
554,2026-09-28,"nyholm, pontus",,Long Wild,0.16366770600918126,-0.36475028508485097,-0.1671686057935731,-0.017470285084850944,10.928517551185312,0.5639799999999999,-0.38572146995409357
554,2026-09-28,"pan, c.t.",,Short Accurate,0.020163692650981536,0.03707584287411954,0.333838084855687,-0.19152915712588048,-5.591183061179709,0.6522950000000001,0.23654018170673932
554,2026-09-28,"parry, john",,Short Accurate,-0.2087176539509119,0.4020038709809954,0.22206164223436164,-0.18409612901900463,-4.559402774082103,0.64244,0.23063173024544045
554,2026-09-28,"pavon, matthieu",,Balanced,0.16376977690066408,-0.5341566181139042,-0.15355265616953515,0.021503381886095782,0.14327503822079424,0.60331,-0.40589232499925665
554,2026-09-28,"penge, marco",,Long Wild,0.5852213018920651,-0.1452748518780927,-0.08164508867555446,-0.06485485187809266,14.637010884564452,0.5456,0.29344650946032524
554,2026-09-28,"peterson, paul",,Short Accurate,-0.5849069077699346,0.13078160217960771,0.16438916456104574,-0.02247839782039232,-15.825844304420093,0.7538999999999999,-0.3122145388496735
554,2026-09-28,"phillips, chandler",,Short Accurate,-0.07863794780840246,-0.502474113883864,0.3241414365341183,0.15773088611613595,-2.8064644213697,0.638145,-0.13018248322498954
554,2026-09-28,"potgieter, aldrich",,Long Wild,0.4610906329213448,-0.14913770567978116,-0.4532670569550586,0.011002294320218785,15.343037355396142,0.514025,-0.20475619944726042
554,2026-09-28,"power, seamus",,Short Accurate,-0.21084055000532773,-0.1804144075087908,0.1644816149962706,0.25214559249120927,-2.990346279971786,0.6335850000000001,0.07245402408598078
554,2026-09-28,"putnam, andrew",,Short Accurate,-0.6813573483676751,0.2827046251933359,0.36270635614262736,0.3980046251933359,-18.943213688784375,0.68422,0.3586914397748615
554,2026-09-28,"ramey, chad",,Balanced,-0.12244058793052301,-0.35898247008536294,0.07546758844863388,0.18900752991463704,-1.1217457752890903,0.622035,-0.28887409408538833
554,2026-09-28,"riley, davis",,Low Skill,-0.801480215001866,-0.5168348547530786,-0.09094115050130606,0.18358514524692143,2.417947951915992,0.51922,-1.53912830228893
554,2026-09-28,"rodgers, patrick",,Low Skill,-0.06010124336918096,-0.27102555155914865,-0.07034887035842664,0.25465444844085144,2.9405463701933225,0.5538299999999999,-0.44025101118830406
554,2026-09-28,"roy, kevin",,Balanced,0.16255502296133453,-0.10412721211379797,0.1342945160729342,0.02343278788620204,0.686987579355021,0.63908,0.12080805056043042
554,2026-09-28,"rozo, marcelo",,Short Accurate,-0.07083199734975247,-0.39141143199072803,-0.4842323981448269,-0.9533887047180005,-4.983956918085056,0.6772045454545453,-1.9005690776578532
554,2026-09-28,"salinda, isaiah",,Long Accurate,0.40461621553346727,-0.20160974436977896,-0.26007064912657285,-0.702299744369779,8.398845252091247,0.6023749999999999,-0.964633841582602
554,2026-09-28,"sargent, gordon",,Long Wild,0.35433925981147896,-1.3094412213110598,0.18925948186803523,-0.22048122131105977,12.108870326478927,0.5774999999999999,-0.9864837009426053
554,2026-09-28,"schenk, adam",,Low Skill,-0.34177220004027303,-0.3896551300664506,-0.14984854002819115,-0.24907013006645062,0.1561592576834377,0.5597300000000001,-1.326214529990617
554,2026-09-28,"shelley, tyson",,Low Skill,,,,,,,
554,2026-09-28,"shipley, neal",,Long Accurate,0.8226020045776794,-0.27669869244682876,-0.3679345967956243,-0.2836186924468288,6.073701458477695,0.6957599999999999,-0.10640997711160229
554,2026-09-28,"silverman, ben",,Short Accurate,-0.08255352273370771,-0.25500631251061767,-0.014191465913595392,0.10574868748938229,-4.849597540354108,0.6595499999999999,-0.1722252985910959
554,2026-09-28,"skinns, david",,Balanced,-0.24720947683317795,0.06018186322525639,0.061038366216775455,-0.28622813677474357,-1.4067978381433832,0.5938999999999999,-0.3329485888273675
554,2026-09-28,"smith, jordan",,Ball Striker,0.5536945682666731,0.3921197876400106,-0.21884130221332884,-0.16245521235998944,0.5317880371744264,0.6545049999999999,0.5361721656429956
554,2026-09-28,"smotherman, austin",,Short Accurate,0.23730476221211877,0.5297096076499959,-0.42610516645151686,-0.507615392350004,-2.823527265018834,0.67094,-0.24564472924494887
554,2026-09-28,"springer, hayden",,Low Skill,-0.02473094191115128,-0.3036833041533996,-0.1429271593378059,0.2695816958466004,4.54715519054203,0.596555,-0.2568354092151861
554,2026-09-28,"stanger, jimmy",,Long Wild,0.33785571613676096,-1.1324420683743444,-0.1600929987042673,-0.22330206837434435,7.078099940959129,0.5864,-1.1786214193161948
554,2026-09-28,"streelman, kevin",,Low Skill,-0.04464938910649464,-0.13374599202571616,-0.17861557237454623,-0.023085992025716175,-4.603848441096461,0.629985,-0.4122470291842761
554,2026-09-28,"suber, jackson",,Balanced,0.13571048975935407,0.4321350581029342,0.10511684283154785,-0.14917494189706576,3.8460704350041546,0.6165949999999999,0.9664841554726961
554,2026-09-28,"svensson, adam",,Short Accurate,-0.4485623428420621,0.04120063431059759,0.04964436001055653,-0.5072493656894024,-7.835850264948114,0.6348550000000001,-0.9010894483900502
554,2026-09-28,"svensson, jesper",,Long Wild,0.5682560205734737,-0.36879356605376845,0.04414621440143155,-0.49483856605376847,14.471640559512053,0.57179,-0.47109543451047914
554,2026-09-28,"taylor, nick",,Short Accurate,-0.15252585296034316,0.012991842615433888,0.23323290292775983,0.5048618426154339,-5.8811668741958245,0.6332099999999999,0.5409934612812792
554,2026-09-28,"thompson, davis",,Ball Striker,0.28008208625988684,0.4977144423288133,-0.10000053961807923,-0.2714155576711867,2.7677865882861132,0.6242599999999999,0.41891109472409643
554,2026-09-28,"thompson, michael",,Short Accurate,-0.05109091536038241,-0.258434260344631,0.07811985924773229,0.16760573965536904,-8.496744951614744,0.6530149999999999,0.045138297778409574
554,2026-09-28,"todd, brendon",,Short Game Specialist,-0.6588956182139637,-1.38333552005304,0.16437356725022548,0.44995447994696003,-14.65292738551427,0.630165,-1.9573668616557882
554,2026-09-28,"tosti, alejandro",,Long Wild,0.304791827382907,-0.7340327348182034,-0.11019222083196509,-0.7972977348182033,8.047284557278173,0.5637650000000001,-1.744439334596789
554,2026-09-28,"van rooyen, erik",,Low Skill,-0.07121179386281504,-0.38766445987364473,-0.020808255703970536,0.11875554012635517,0.6412163679580359,0.5742399999999999,-0.401818533823702
554,2026-09-28,"vanderlaan, john",,Low Skill,0.0755749364107493,-0.5761403549222637,-0.001119544512475492,-0.22252035492226369,2.2715856784202195,0.6298199999999999,-0.7242653179462536
554,2026-09-28,"ventura, kristoffer",,Long Accurate,0.40237991042152615,-0.21874164780448174,-0.23694706270493165,0.06102835219551825,6.0099077612183835,0.63255,0.12953989476347785
554,2026-09-28,"walker, danny",,Low Skill,-0.277242215413235,-0.20099190543183762,-0.06382505078926447,-0.3856069054318376,5.317902913961499,0.51874,-1.171948166614014
554,2026-09-28,"wallace, matt",,Balanced ARG,0.04305882064249368,0.4161840540601146,0.32615717444974557,0.10070405406011462,-0.7236605341167717,0.56902,0.9954370932269968
554,2026-09-28,"whaley, vince",,Short Game Specialist,-0.5769714673166619,-0.5483589210724923,0.07033697287833661,0.47052107892750766,0.04724751028513996,0.528905,-0.9959687409832363
554,2026-09-28,"wise, aaron",,Low Skill,-0.14262256794599595,-0.3559297371108933,0.13162920243780285,-0.2664847371108933,0.8871768521443332,0.5875549999999999,-1.104417513630913
554,2026-09-28,"wu, dylan",,Low Skill,-0.4522969679260259,-0.12065724707794283,-0.09551337754821818,-0.3347072470779428,-4.796754675441599,0.6155349999999999,-0.9568361899130139
554,2026-09-28,"yellamaraju, sudarshan",,Balanced,0.33642038247769457,0.24411063108819606,0.1821802677343862,0.012970631088195992,2.7468998554091852,0.6000800000000001,0.7751019123884728
554,2026-09-28,"yu, kevin",,Long Accurate,0.4016173094479214,0.12318731058907029,0.09444461661354497,0.09160731058907023,5.669697434486935,0.62335,0.8702794886981577
