tab,sheet_row,event,event_id,run_ts,player,market,book,imp,p_fair,edge,my_pred,kelly_stake,cur_result,actual_finish,cur_units_won,side,confidence,basis,corrected_market,corrected_result,units_wagered,corrected_units_won,units_delta,side_r1,src,bid,ask,gt_side,d_yes,d_no,final_side,dec,corr_result,corr_units,delta
finish_positions,3718,cjcup,19,2026-05-22 21:57:44,"finau, tony",top_20,novig,0.3704,0.4065,3.6,0.06,,win,T6,1.7,yes,CONFIRMED,mixed dual-side run (stake+odds null),,,,,,yes,snap,0.61,0.74,no,0.305,0.045,no,2.699784017278618,loss,-1.0,-2.7
finish_positions,3721,cjcup,19,2026-05-22 22:00:57,"finau, tony",top_20,kalshi,0.3401,0.4065,6.6,0.06,,win,T6,1.94,yes,CONFIRMED,mixed dual-side run (stake+odds null),,,,,,yes,snap,0.61,0.74,no,0.39,0.04,no,2.9403116730373418,loss,-1.0,-2.94
finish_positions,3722,cjcup,19,2026-05-22 22:00:57,"hirata, kensei",top_5,kalshi,0.859,0.9025,4.4,-0.72,,loss,T19,-1.0,no,CONFIRMED,mixed dual-side run (stake+odds null),top_5_no,win,1.0,0.1642,1.1642,no,snap,0.14,0.22,no,0.639,0.001,no,1.1641443538998837,win,0.1641443538998837,1.1641443538998837
finish_positions,3723,cjcup,19,2026-05-22 22:00:57,"villegas, camilo",top_20,kalshi,0.7917,0.8355,4.4,-1.25,,loss,T40,-1.0,no,CONFIRMED,mixed dual-side run (stake+odds null),top_20_no,win,1.0,0.2632,1.2632,no,snap,0.17,0.28,no,0.512,0.028,no,1.2631047113805736,win,0.26310471138057356,1.2631047113805736
finish_positions,3724,cjcup,19,2026-05-22 22:00:57,"hirata, kensei",top_10,kalshi,0.7135,0.7396,2.6,-0.72,,loss,T19,-1.0,no,CONFIRMED,mixed dual-side run (stake+odds null),top_10_no,win,1.0,0.4016,1.4016,no,snap,0.37,0.39,no,0.324,0.084,no,1.4015416958654519,win,0.40154169586545185,1.4015416958654519
finish_positions,3725,cjcup,19,2026-05-22 22:00:57,"kim, chan",top_10,kalshi,0.8113,0.8347,2.3,-0.72,,loss,T38,-1.0,no,CONFIRMED,mixed dual-side run (stake+odds null),top_10_no,win,1.0,0.2326,1.2326,no,snap,0.13,0.28,no,0.531,0.049,no,1.2325896708985578,win,0.23258967089855775,1.2325896708985578
finish_positions,3726,cjcup,19,2026-05-22 22:00:57,"list, luke",top_20,kalshi,0.8113,0.8336,2.2,-1.08,,loss,T40,-1.0,no,CONFIRMED,mixed dual-side run (stake+odds null),top_20_no,win,1.0,0.2326,1.2326,no,snap,0.15,0.27,no,0.541,0.029,no,1.2325896708985578,win,0.23258967089855775,1.2325896708985578
finish_positions,3728,cjcup,19,2026-05-22 22:00:57,"kim, tom",top_20,kalshi,0.7727,0.7886,1.6,0.55,,loss,T54,-1.0,no,CONFIRMED,mixed dual-side run (stake+odds null),top_20_no,win,1.0,0.2941,1.2941,no,snap,0.17,0.29,no,0.483,0.047,no,1.2941633234114145,win,0.2941633234114145,1.2941633234114145
finish_positions,3729,cjcup,19,2026-05-22 22:00:57,"kim, chan",top_20,kalshi,0.5968,0.6124,1.6,-0.72,,loss,T38,-1.0,yes,PLAUSIBLE,mixed dual-side run (stake+odds null),,,,,,no,snap,0.38,0.44,no,0.157,0.013,no,1.675603217158177,win,0.675603217158177,1.675603217158177
finish_positions,3731,cjcup,19,2026-05-22 22:00:57,"moore, taylor",top_5,kalshi,0.8779,0.8886,1.1,0.12,,loss,T14,-1.0,no,CONFIRMED,mixed dual-side run (stake+odds null),top_5_no,win,1.0,0.1391,1.1391,no,snap,0.11,0.14,no,0.738,0.002,no,1.1390818999886092,win,0.1390818999886092,1.1390818999886092
finish_positions,3732,cjcup,19,2026-05-22 22:00:57,"duncan, tyler",top_20,kalshi,0.6032,0.6139,1.0,-1.08,,loss,T40,-1.0,yes,PLAUSIBLE,mixed dual-side run (stake+odds null),,,,,,no,snap,0.42,0.46,no,0.143,0.023,no,1.6578249336870028,win,0.6578249336870028,1.6578249336870028
finish_positions,3734,cjcup,19,2026-05-22 22:00:57,"cole, eric",top_20,kalshi,0.8047,0.8141,0.9,0.42,,loss,T31,-1.0,no,CONFIRMED,mixed dual-side run (stake+odds null),top_20_no,win,1.0,0.2427,1.2427,no,snap,0.01,0.4,no,0.405,0.175,no,1.2426991425375917,win,0.24269914253759173,1.2426991425375917
finish_positions,3737,cjcup,19,2026-05-22 22:00:57,"meissner, mac",top_5,kalshi,0.9158,0.9214,0.6,0.29,,loss,T31,-1.0,no,CONFIRMED,mixed dual-side run (stake+odds null),top_5_no,win,1.0,0.092,1.092,no,snap,0.08,0.18,no,0.736,0.004,no,1.0919414719371043,win,0.09194147193710434,1.0919414719371043
finish_positions,3738,cjcup,19,2026-05-22 22:00:57,"hirata, kensei",winner,kalshi,0.9916,0.9974,0.6,-0.72,,loss,T19,-1.0,no,CONFIRMED,mixed dual-side run (stake+odds null),winner_no,win,1.0,0.0084,1.0084,no,snap,0.008,0.009,no,0.983,0.0,no,1.008471157724889,win,0.008471157724889045,1.008471157724889
finish_positions,3739,cjcup,19,2026-05-22 22:00:57,"clanton, luke",top_20,kalshi,0.7436,0.7455,0.2,-0.99,,loss,T31,-1.0,no,PLAUSIBLE,mixed dual-side run (stake+odds null),top_20_no,win,1.0,0.3448,1.3448,no,snap,0.27,0.34,no,0.404,0.014,no,1.3448090371167294,win,0.3448090371167294,1.3448090371167294
finish_positions,3740,cjcup,19,2026-05-22 22:00:57,"clark, wyndham",winner,kalshi,0.9674,0.9694,0.2,0.69,,win,1.000,0.034,no,CONFIRMED,mixed dual-side run (stake+odds null),winner_no,loss,1.0,-1.0,-1.034,no,snap,0.033,0.036,no,0.931,0.0,no,1.0336985734959685,loss,-1.0,-1.034
finish_positions,3741,cjcup,19,2026-05-22 22:00:57,"cole, eric",top_10,kalshi,0.9439,0.9454,0.1,0.42,,loss,T31,-1.0,no,CONFIRMED,mixed dual-side run (stake+odds null),top_10_no,win,1.0,0.0594,1.0594,no,snap,0.0,0.26,no,0.684,0.046,no,1.0594342621040365,win,0.05943426210403646,1.0594342621040365
finish_positions,3743,cjcup,19,2026-05-22 22:00:57,"im, sungjae",top_20,kalshi,0.2415,0.2387,-0.3,0.27,,win,T9,3.14,yes,CONFIRMED,mixed dual-side run (stake+odds null),,,,,,yes,snap,0.75,0.79,no,0.538,0.002,no,4.140786749482402,loss,-1.0,-4.140000000000001
finish_positions,3744,cjcup,19,2026-05-22 22:00:57,"fisk, steven",top_10,kalshi,0.9038,0.8991,-0.5,0.03,,loss,T19,-1.0,no,CONFIRMED,mixed dual-side run (stake+odds null),top_10_no,win,1.0,0.1065,1.1065,no,snap,0.1,0.18,no,0.724,0.004,no,1.1064394777605664,win,0.10643947776056639,1.1064394777605664
finish_positions,3745,cjcup,19,2026-05-22 22:00:57,"greyserman, max",top_5,kalshi,0.9399,0.935,-0.5,0.25,,loss,T9,-1.0,no,CONFIRMED,mixed dual-side run (stake+odds null),top_5_no,win,1.0,0.0639,1.0639,no,snap,0.06,0.16,no,0.78,0.0,no,1.0639429726566656,win,0.0639429726566656,1.0639429726566656
finish_positions,3746,cjcup,19,2026-05-22 22:00:57,"hirata, kensei",top_20,kalshi,0.4762,0.4717,-0.5,-0.72,,win,T19,1.1,yes,CONFIRMED,mixed dual-side run (stake+odds null),,,,,,no,snap,0.64,0.66,no,0.174,0.116,no,2.099958000839983,loss,-1.0,-2.1
finish_positions,3747,cjcup,19,2026-05-22 22:00:57,"spieth, jordan",top_20,kalshi,0.2217,0.2151,-0.7,0.99,,win,T19,3.51,yes,CONFIRMED,mixed dual-side run (stake+odds null),,,,,,yes,snap,0.76,0.79,no,0.558,0.008,no,4.510599909788001,loss,-1.0,-4.51
finish_positions,3749,cjcup,19,2026-05-22 22:00:57,"greyserman, max",top_20,kalshi,0.6429,0.6226,-2.0,0.25,,win,T9,0.556,yes,PLAUSIBLE,mixed dual-side run (stake+odds null),,,,,,no,snap,0.36,0.46,no,0.183,0.003,no,1.555451858764971,loss,-1.0,-1.556
finish_positions,3750,cjcup,19,2026-05-22 22:00:57,"hisatsune, ryo",top_10,kalshi,0.942,0.9201,-2.2,0.75,,loss,T19,-1.0,no,CONFIRMED,mixed dual-side run (stake+odds null),top_10_no,win,1.0,0.0616,1.0616,no,snap,0.1,0.17,no,0.772,0.042,no,1.0615711252653928,win,0.06157112526539277,1.0615711252653928
finish_positions,3751,cjcup,19,2026-05-22 22:00:57,"greyserman, max",top_10,kalshi,0.8492,0.8249,-2.4,0.25,,win,T9,0.178,no,CONFIRMED,mixed dual-side run (stake+odds null),top_10_no,loss,1.0,-1.0,-1.178,no,snap,0.21,0.24,no,0.609,0.059,no,1.1775788977861517,loss,-1.0,-1.178
finish_positions,3752,cjcup,19,2026-05-22 22:00:57,"meissner, mac",top_20,kalshi,0.5556,0.5305,-2.6,0.29,,loss,T31,-1.0,yes,PLAUSIBLE,mixed dual-side run (stake+odds null),,,,,,no,snap,0.43,0.51,ambig,0.046,0.004,no,1.7998560115190785,win,0.7998560115190785,1.7998560115190785
finish_positions,4795,rbc_canada,32,2026-06-12 21:59:07,"ghim, doug",top_5,kalshi,0.9063,0.919,1.3,0.61,,loss,T15,-1.0,no,CONFIRMED,mixed dual-side run (stake+odds null),top_5_no,win,1.0,0.1034,1.1034,no,candle,0.1,0.12,no,0.786,0.006,no,1.1033873993158998,win,0.1033873993158998,1.1033873993158998
finish_positions,4797,rbc_canada,32,2026-06-12 21:59:07,"fitzpatrick, matt",top_10,kalshi,0.705,0.7159,1.1,1.43,,win,2.000,0.418,no,PLAUSIBLE,mixed dual-side run (stake+odds null),top_10_no,loss,1.0,-1.0,-1.418,no,candle,0.31,0.33,no,0.375,0.015,no,1.4184397163120568,loss,-1.0,-1.418
finish_positions,4799,rbc_canada,32,2026-06-12 21:59:07,"mouw, william",top_10,kalshi,0.8494,0.8597,1.0,-0.14,,loss,T20,-1.0,no,CONFIRMED,mixed dual-side run (stake+odds null),top_10_no,win,1.0,0.1773,1.1773,no,candle,0.16,0.18,no,0.669,0.009,no,1.177301624676242,win,0.177301624676242,1.177301624676242
finish_positions,4800,rbc_canada,32,2026-06-12 21:59:07,"potgieter, aldrich",top_10,kalshi,0.7333,0.7429,1.0,0.03,,win,T8,0.364,no,CONFIRMED,mixed dual-side run (stake+odds null),top_10_no,loss,1.0,-1.0,-1.364,no,candle,0.3,0.31,no,0.423,0.033,no,1.3636983499249966,loss,-1.0,-1.3639999999999999
finish_positions,4801,rbc_canada,32,2026-06-12 21:59:07,"yu, kevin",top_5,kalshi,0.9533,0.9613,0.8,0.18,,loss,T29,-1.0,no,CONFIRMED,mixed dual-side run (stake+odds null),top_5_no,win,1.0,0.049,1.049,no,candle,0.05,0.07,no,0.883,0.003,no,1.0489877268435959,win,0.04898772684359587,1.0489877268435959
finish_positions,4802,rbc_canada,32,2026-06-12 21:59:07,"mcgreevy, max",top_10,kalshi,0.8302,0.8387,0.8,0.26,,loss,T51,-1.0,no,CONFIRMED,mixed dual-side run (stake+odds null),top_10_no,win,1.0,0.2045,1.2045,no,candle,0.18,0.22,no,0.61,0.01,no,1.2045290291496025,win,0.20452902914960247,1.2045290291496025
finish_positions,4803,rbc_canada,32,2026-06-12 21:59:07,"yellamaraju, sudarshan",top_5,kalshi,0.9439,0.9501,0.6,0.27,,loss,T8,-1.0,no,CONFIRMED,mixed dual-side run (stake+odds null),top_5_no,win,1.0,0.0594,1.0594,no,candle,0.06,0.09,no,0.854,0.004,no,1.0594342621040365,win,0.05943426210403646,1.0594342621040365
finish_positions,4804,rbc_canada,32,2026-06-12 21:59:07,"fitzpatrick, matt",top_5,kalshi,0.859,0.8626,0.4,1.43,,win,2.000,0.164,no,CONFIRMED,mixed dual-side run (stake+odds null),top_5_no,loss,1.0,-1.0,-1.164,no,candle,0.15,0.18,no,0.679,0.009,no,1.1641443538998837,loss,-1.0,-1.164
finish_positions,4806,rbc_canada,32,2026-06-12 21:59:07,"anderson, matthew",top_5,kalshi,0.9809,0.9813,0.0,-1.57,,loss,T11,-1.0,no,CONFIRMED,mixed dual-side run (stake+odds null),top_5_no,win,1.0,0.0195,1.0195,no,candle,0.04,0.08,no,0.901,0.021,no,1.0194719135487817,win,0.01947191354878175,1.0194719135487817
finish_positions,4807,rbc_canada,32,2026-06-12 21:59:07,"potgieter, aldrich",top_5,kalshi,0.8679,0.867,-0.1,0.03,,loss,T8,-1.0,no,CONFIRMED,mixed dual-side run (stake+odds null),top_5_no,win,1.0,0.1522,1.1522,no,candle,0.15,0.17,no,0.698,0.018,no,1.1522064754003918,win,0.15220647540039178,1.1522064754003918
finish_positions,4808,rbc_canada,32,2026-06-12 21:59:07,"suber, jackson",top_5,kalshi,0.7625,0.7596,-0.3,-0.06,,win,T4,0.312,no,CONFIRMED,mixed dual-side run (stake+odds null),top_5_no,loss,1.0,-1.0,-1.312,no,candle,0.26,0.28,no,0.482,0.022,no,1.3114754098360657,loss,-1.0,-1.312
finish_positions,4811,rbc_canada,32,2026-06-12 21:59:07,"yellamaraju, sudarshan",top_10,kalshi,0.8753,0.8686,-0.7,0.27,,win,T8,0.142,no,CONFIRMED,mixed dual-side run (stake+odds null),top_10_no,loss,1.0,-1.0,-1.142,no,candle,0.14,0.18,no,0.695,0.015,no,1.1424654404204273,loss,-1.0,-1.142
finish_positions,4819,rbc_canada,32,2026-06-12 21:59:07,"anderson, matthew",top_10,novig,0.925,0.9409,1.6,-1.57,,loss,T11,-1.0,no,CONFIRMED,mixed dual-side run (stake+odds null),top_10_no,win,1.0,0.0811,1.0811,no,candle,0.06,0.1,no,0.845,0.005,no,1.081081081081081,win,0.08108108108108092,1.081081081081081
finish_positions,4820,rbc_canada,32,2026-06-12 21:59:07,"tosti, alejandro",top_10,novig,0.945,0.9595,1.5,-0.99,,loss,T40,-1.0,no,CONFIRMED,mixed dual-side run (stake+odds null),top_10_no,win,1.0,0.0582,1.0582,no,candle,0.0,0.08,no,0.905,0.015,no,1.0582010582010584,win,0.058201058201058364,1.0582010582010584
finish_positions,4821,rbc_canada,32,2026-06-12 21:59:07,"svensson, jesper",top_10,novig,0.6454,0.6587,1.4,-0.52,,win,T4,0.549,no,CONFIRMED,mixed dual-side run (stake+odds null),top_10_no,loss,1.0,-1.0,-1.549,no,candle,0.35,0.36,no,0.29,0.0,no,1.549426712116517,loss,-1.0,-1.549
finish_positions,4822,rbc_canada,32,2026-06-12 21:59:07,"tosti, alejandro",top_5,novig,0.976,0.9868,1.1,-0.99,,loss,T40,-1.0,no,CONFIRMED,mixed dual-side run (stake+odds null),top_5_no,win,1.0,0.0246,1.0246,no,candle,0.0,0.07,no,0.941,0.011,no,1.0245901639344261,win,0.024590163934426146,1.0245901639344261
finish_positions,4824,rbc_canada,32,2026-06-12 21:59:07,"anderson, matthew",top_5,novig,0.971,0.9813,1.0,-1.57,,loss,T11,-1.0,no,CONFIRMED,mixed dual-side run (stake+odds null),top_5_no,win,1.0,0.0299,1.0299,no,candle,0.04,0.08,no,0.911,0.031,no,1.0298661174047374,win,0.029866117404737436,1.0298661174047374
finish_positions,4827,rbc_canada,32,2026-06-12 21:59:07,"svensson, jesper",top_5,novig,0.8,0.8081,0.8,-0.52,,win,T4,0.25,no,CONFIRMED,mixed dual-side run (stake+odds null),top_5_no,loss,1.0,-1.0,-1.25,no,candle,0.19,0.22,no,0.595,0.005,no,1.25,loss,-1.0,-1.25
finish_positions,4828,rbc_canada,32,2026-06-12 21:59:07,"neergaard-petersen, rasmus",top_10,novig,0.974,0.9806,0.7,0.3,,loss,39.000,-1.0,no,CONFIRMED,mixed dual-side run (stake+odds null),top_10_no,win,1.0,0.0267,1.0267,no,candle,0.0,0.06,no,0.944,0.004,no,1.026694045174538,win,0.026694045174538106,1.026694045174538
finish_positions,4829,rbc_canada,32,2026-06-12 21:59:07,"mouw, william",top_5,novig,0.94,0.9458,0.6,-0.14,,loss,T20,-1.0,no,CONFIRMED,mixed dual-side run (stake+odds null),top_5_no,win,1.0,0.0638,1.0638,no,candle,0.0,0.11,no,0.885,0.005,no,1.0638297872340425,win,0.06382978723404253,1.0638297872340425
finish_positions,4830,rbc_canada,32,2026-06-12 21:59:07,"svensson, adam",top_10,novig,0.978,0.9844,0.6,-0.39,,loss,T60,-1.0,no,CONFIRMED,mixed dual-side run (stake+odds null),top_10_no,win,1.0,0.0225,1.0225,no,candle,0.0,0.07,no,0.943,0.013,no,1.0224948875255624,win,0.02249488752556239,1.0224948875255624
finish_positions,4832,rbc_canada,32,2026-06-12 21:59:07,"matthews, justin",top_10,novig,0.99,0.9951,0.5,-1.38,,loss,T29,-1.0,no,CONFIRMED,mixed dual-side run (stake+odds null),top_10_no,win,1.0,0.0101,1.0101,no,candle,0.0,0.11,no,0.935,0.045,no,1.0101010101010102,win,0.010101010101010166,1.0101010101010102
finish_positions,4837,rbc_canada,32,2026-06-12 21:59:07,"savoie, joey",top_10,novig,0.996,0.9999,0.4,-2.67,,loss,T67,-1.0,no,CONFIRMED,mixed dual-side run (stake+odds null),top_10_no,win,1.0,0.004,1.004,no,candle,0.0,0.11,no,0.941,0.051,no,1.0040160642570282,win,0.004016064257028162,1.0040160642570282
finish_positions,4839,rbc_canada,32,2026-06-12 21:59:07,"mcgreevy, max",top_10,novig,0.835,0.8387,0.4,0.26,,loss,T51,-1.0,no,CONFIRMED,mixed dual-side run (stake+odds null),top_10_no,win,1.0,0.1976,1.1976,no,candle,0.18,0.22,no,0.635,0.035,no,1.1976047904191618,win,0.1976047904191618,1.1976047904191618
finish_positions,4842,rbc_canada,32,2026-06-12 21:59:07,"whaley, vince",top_10,novig,0.99,0.9928,0.3,-0.32,,loss,T65,-1.0,no,CONFIRMED,mixed dual-side run (stake+odds null),top_10_no,win,1.0,0.0101,1.0101,no,candle,0.0,0.05,no,0.965,0.015,no,1.0101010101010102,win,0.010101010101010166,1.0101010101010102
finish_positions,4848,rbc_canada,32,2026-06-12 21:59:07,"svensson, adam",top_5,novig,0.994,0.9963,0.2,-0.39,,loss,T60,-1.0,no,CONFIRMED,mixed dual-side run (stake+odds null),top_5_no,win,1.0,0.006,1.006,no,candle,0.0,0.11,no,0.939,0.049,no,1.0060362173038229,win,0.006036217303822866,1.0060362173038229
finish_positions,4849,rbc_canada,32,2026-06-12 21:59:07,"hirata, kensei",top_10,novig,0.984,0.9859,0.2,-0.35,,loss,T71,-1.0,no,CONFIRMED,mixed dual-side run (stake+odds null),top_10_no,win,1.0,0.0163,1.0163,no,candle,0.0,0.03,no,0.969,0.001,no,1.016260162601626,win,0.016260162601626105,1.016260162601626
finish_positions,4851,rbc_canada,32,2026-06-12 21:59:07,"matthews, justin",top_5,novig,0.997,0.9988,0.2,-1.38,,loss,T29,-1.0,no,CONFIRMED,mixed dual-side run (stake+odds null),top_5_no,win,1.0,0.003,1.003,no,candle,0.0,0.11,no,0.942,0.052,no,1.0030090270812437,win,0.0030090270812437314,1.0030090270812437
finish_positions,4854,rbc_canada,32,2026-06-12 21:59:07,"hirata, kensei",top_5,novig,0.996,0.9969,0.1,-0.35,,loss,T71,-1.0,no,CONFIRMED,mixed dual-side run (stake+odds null),top_5_no,win,1.0,0.004,1.004,no,candle,0.0,0.02,no,0.986,0.006,no,1.0040160642570282,win,0.004016064257028162,1.0040160642570282
finish_positions,4857,rbc_canada,32,2026-06-12 21:59:07,"neergaard-petersen, rasmus",top_5,novig,0.994,0.9954,0.1,0.3,,loss,39.000,-1.0,no,CONFIRMED,mixed dual-side run (stake+odds null),top_5_no,win,1.0,0.006,1.006,no,candle,0.0,0.01,no,0.989,0.001,no,1.0060362173038229,win,0.006036217303822866,1.0060362173038229
finish_positions,4858,rbc_canada,32,2026-06-12 21:59:07,"whaley, vince",top_5,novig,0.998,0.9985,0.1,-0.32,,loss,T65,-1.0,no,CONFIRMED,mixed dual-side run (stake+odds null),top_5_no,win,1.0,0.002,1.002,no,candle,0.0,0.11,no,0.943,0.053,no,1.002004008016032,win,0.002004008016031955,1.002004008016032
finish_positions,4860,rbc_canada,32,2026-06-12 21:59:07,"suber, jackson",winner,novig,0.956,0.9573,0.1,-0.06,,loss,T4,-1.0,no,CONFIRMED,mixed dual-side run (stake+odds null),winner_no,win,1.0,0.046,1.046,no,candle,0.04,0.054,no,0.909,0.003,no,1.0460251046025104,win,0.046025104602510414,1.0460251046025104
finish_positions,4862,rbc_canada,32,2026-06-12 21:59:07,"koepka, brooks",winner,novig,0.95,0.9507,0.1,0.64,,loss,WD,-1.0,no,CONFIRMED,mixed dual-side run (stake+odds null),winner_no,win,1.0,0.0526,1.0526,no,candle,0.06,0.073,no,0.883,0.016,no,1.0526315789473684,win,0.05263157894736836,1.0526315789473684
finish_positions,4864,rbc_canada,32,2026-06-12 21:59:07,"mouw, william",winner,novig,0.995,0.9958,0.1,-0.14,,loss,T20,-1.0,no,CONFIRMED,mixed dual-side run (stake+odds null),winner_no,win,1.0,0.005,1.005,no,candle,0.0,0.007,no,0.992,0.002,no,1.0050251256281406,win,0.005025125628140614,1.0050251256281406
finish_positions,4893,rbc_canada,32,2026-06-12 22:19:03,"mcgreevy, max",top_5,novig,0.935,0.9397,0.5,0.26,,loss,T51,-1.0,no,CONFIRMED,mixed dual-side run (stake+odds null),top_5_no,win,1.0,0.0695,1.0695,no,candle,0.0,0.07,no,0.9,0.03,no,1.06951871657754,win,0.06951871657753994,1.06951871657754
finish_positions,4895,rbc_canada,32,2026-06-12 22:19:03,"yellamaraju, sudarshan",top_5,novig,0.945,0.9501,0.5,0.27,,loss,T8,-1.0,no,CONFIRMED,mixed dual-side run (stake+odds null),top_5_no,win,1.0,0.0582,1.0582,no,candle,0.06,0.09,no,0.87,0.02,no,1.0582010582010584,win,0.058201058201058364,1.0582010582010584
finish_positions,4900,rbc_canada,32,2026-06-12 22:19:03,"clanton, luke",top_10,novig,0.94,0.9427,0.3,-0.75,,loss,T54,-1.0,no,CONFIRMED,mixed dual-side run (stake+odds null),top_10_no,win,1.0,0.0638,1.0638,no,candle,0.04,0.09,no,0.875,0.005,no,1.0638297872340425,win,0.06382978723404253,1.0638297872340425
finish_positions,4902,rbc_canada,32,2026-06-12 22:19:03,"kim, tom",top_5,novig,0.97,0.9732,0.3,0.3,,loss,T15,-1.0,no,CONFIRMED,mixed dual-side run (stake+odds null),top_5_no,win,1.0,0.0309,1.0309,no,candle,0.0,0.03,no,0.955,0.015,no,1.0309278350515465,win,0.030927835051546504,1.0309278350515465
finish_positions,4910,rbc_canada,32,2026-06-12 22:19:03,"moore, taylor",top_5,novig,0.99,0.9922,0.2,0.22,,loss,T40,-1.0,no,CONFIRMED,mixed dual-side run (stake+odds null),top_5_no,win,1.0,0.0101,1.0101,no,candle,0.0,0.03,no,0.975,0.005,no,1.0101010101010102,win,0.010101010101010166,1.0101010101010102
finish_positions,4912,rbc_canada,32,2026-06-12 22:19:03,"kim, tom",top_10,novig,0.92,0.9222,0.2,0.3,,loss,T15,-1.0,no,CONFIRMED,mixed dual-side run (stake+odds null),top_10_no,win,1.0,0.087,1.087,no,candle,0.0,0.09,no,0.875,0.035,no,1.0869565217391304,win,0.08695652173913038,1.0869565217391304
finish_positions,4917,rbc_canada,32,2026-06-12 22:19:03,"kanaya, takumi",top_10,novig,0.985,0.9858,0.1,-0.35,,loss,T29,-1.0,no,CONFIRMED,mixed dual-side run (stake+odds null),top_10_no,win,1.0,0.0152,1.0152,no,candle,0.0,0.02,no,0.975,0.005,no,1.015228426395939,win,0.015228426395939021,1.015228426395939
finish_positions,4918,rbc_canada,32,2026-06-12 22:19:03,"moore, taylor",top_10,novig,0.967,0.9683,0.1,0.22,,loss,T40,-1.0,no,CONFIRMED,mixed dual-side run (stake+odds null),top_10_no,win,1.0,0.0341,1.0341,no,candle,0.0,0.06,no,0.937,0.003,no,1.0341261633919339,win,0.03412616339193386,1.0341261633919339
finish_positions,4919,rbc_canada,32,2026-06-12 22:19:03,"savoie, joey",top_5,novig,0.999,0.9999,0.1,-2.67,,loss,T67,-1.0,no,CONFIRMED,mixed dual-side run (stake+odds null),top_5_no,win,1.0,0.001,1.001,no,candle,0.0,0.02,no,0.989,0.009,no,1.001001001001001,win,0.0010010010010010895,1.001001001001001
finish_positions,4920,rbc_canada,32,2026-06-12 22:19:03,"mcgreevy, max",winner,novig,0.995,0.996,0.1,0.26,,loss,T51,-1.0,no,CONFIRMED,mixed dual-side run (stake+odds null),winner_no,win,1.0,0.005,1.005,no,candle,0.005,0.007,no,0.989,0.001,no,1.0050251256281406,win,0.005025125628140614,1.0050251256281406
finish_positions,4922,rbc_canada,32,2026-06-12 22:19:03,"clanton, luke",top_5,novig,0.979,0.9802,0.1,-0.75,,loss,T54,-1.0,no,CONFIRMED,mixed dual-side run (stake+odds null),top_5_no,win,1.0,0.0215,1.0215,no,candle,0.0,0.03,no,0.964,0.006,no,1.0214504596527068,win,0.021450459652706755,1.0214504596527068
finish_positions,4925,rbc_canada,32,2026-06-12 22:19:03,"hossler, beau",top_5,novig,0.99,0.9909,0.1,0.16,,loss,T45,-1.0,no,CONFIRMED,mixed dual-side run (stake+odds null),top_5_no,win,1.0,0.0101,1.0101,no,candle,0.0,0.1,no,0.94,0.04,no,1.0101010101010102,win,0.010101010101010166,1.0101010101010102
finish_positions,4927,rbc_canada,32,2026-06-12 22:23:03,"potgieter, aldrich",top_20,kalshi,0.5074,0.5305,2.3,0.03,,win,T8,0.971,yes,CONFIRMED,mixed dual-side run (stake+odds null),,,,,,no,candle,0.51,0.54,ambig,0.023,0.017,no,1.970831690973591,loss,-1.0,-1.971
finish_positions,4931,rbc_canada,32,2026-06-12 22:23:03,"mouw, william",top_20,kalshi,0.6466,0.6599,1.3,-0.14,,win,T20,0.546,no,PLAUSIBLE,mixed dual-side run (stake+odds null),top_20_no,loss,1.0,-1.0,-1.546,no,candle,0.37,0.39,no,0.257,0.017,no,1.5465511908444172,loss,-1.0,-1.546
finish_positions,4932,rbc_canada,32,2026-06-12 22:23:03,"koepka, brooks",winner,kalshi,0.9419,0.9507,0.9,0.64,,loss,WD,-1.0,no,CONFIRMED,mixed dual-side run (stake+odds null),winner_no,win,1.0,0.0617,1.0617,no,candle,0.058,0.07,no,0.872,0.0,no,1.0616838305552607,win,0.06168383055526072,1.0616838305552607
finish_positions,4935,rbc_canada,32,2026-06-12 22:23:03,"suber, jackson",winner,kalshi,0.9505,0.9573,0.7,-0.06,,loss,T4,-1.0,no,CONFIRMED,mixed dual-side run (stake+odds null),winner_no,win,1.0,0.0521,1.0521,no,candle,0.053,0.055,no,0.895,0.004,no,1.0520778537611783,win,0.05207785376117835,1.0520778537611783
finish_positions,4936,rbc_canada,32,2026-06-12 22:23:03,"potgieter, aldrich",winner,kalshi,0.9758,0.9813,0.6,0.03,,loss,T8,-1.0,no,CONFIRMED,mixed dual-side run (stake+odds null),winner_no,win,1.0,0.0248,1.0248,no,candle,0.01,0.025,no,0.951,0.004,no,1.0248001639680262,win,0.0248001639680262,1.0248001639680262
finish_positions,4938,rbc_canada,32,2026-06-12 22:23:03,"tosti, alejandro",top_20,kalshi,0.8652,0.8703,0.5,-0.99,,loss,T40,-1.0,no,CONFIRMED,mixed dual-side run (stake+odds null),top_20_no,win,1.0,0.1558,1.1558,no,candle,0.17,0.19,no,0.675,0.035,no,1.155802126675913,win,0.1558021266759131,1.155802126675913
finish_positions,4939,rbc_canada,32,2026-06-12 22:23:03,"fox, ryan",winner,kalshi,0.9627,0.968,0.5,0.46,,loss,T8,-1.0,no,CONFIRMED,mixed dual-side run (stake+odds null),winner_no,win,1.0,0.0388,1.0388,no,candle,0.04,0.041,no,0.922,0.003,no,1.0387451958034695,win,0.03874519580346947,1.0387451958034695
finish_positions,4941,rbc_canada,32,2026-06-12 22:23:03,"svensson, jesper",winner,kalshi,0.9636,0.9661,0.3,-0.52,,loss,T4,-1.0,no,CONFIRMED,mixed dual-side run (stake+odds null),winner_no,win,1.0,0.0378,1.0378,no,candle,0.038,0.044,no,0.92,0.002,no,1.03777501037775,win,0.03777501037775011,1.03777501037775
finish_positions,4942,rbc_canada,32,2026-06-12 22:23:03,"cauley, bud",winner,kalshi,0.9505,0.9527,0.2,0.8,,win,1.000,0.052,no,CONFIRMED,mixed dual-side run (stake+odds null),winner_no,loss,1.0,-1.0,-1.052,no,candle,0.053,0.054,no,0.896,0.004,no,1.0520778537611783,loss,-1.0,-1.052
finish_positions,4943,rbc_canada,32,2026-06-12 22:23:03,"svensson, adam",top_20,kalshi,0.9251,0.9263,0.1,-0.39,,loss,T60,-1.0,no,CONFIRMED,mixed dual-side run (stake+odds null),top_20_no,win,1.0,0.0809,1.0809,no,candle,0.08,0.13,no,0.795,0.005,no,1.0809642200843153,win,0.08096422008431525,1.0809642200843153
finish_positions,4945,rbc_canada,32,2026-06-12 22:23:03,"garnett, brice",winner,kalshi,0.995,0.9943,-0.1,-0.81,,loss,T4,-1.0,no,CONFIRMED,mixed dual-side run (stake+odds null),winner_no,win,1.0,0.0051,1.0051,no,candle,0.002,0.011,no,0.984,0.003,no,1.0050251256281406,win,0.005025125628140614,1.0050251256281406
finish_positions,4950,rbc_canada,32,2026-06-12 22:23:03,"garnett, brice",top_20,kalshi,0.6212,0.6139,-0.8,-0.81,,win,T4,0.61,yes,PLAUSIBLE,mixed dual-side run (stake+odds null),,,,,,no,candle,0.45,0.46,no,0.161,0.071,no,1.6097875080489377,loss,-1.0,-1.6099999999999999
finish_positions,4953,rbc_canada,32,2026-06-12 22:23:03,"anderson, matthew",top_20,kalshi,0.8369,0.8211,-1.6,-1.57,,win,T11,0.195,no,CONFIRMED,mixed dual-side run (stake+odds null),top_20_no,loss,1.0,-1.0,-1.195,no,candle,0.2,0.26,no,0.577,0.037,no,1.194885888397658,loss,-1.0,-1.195
finish_positions,4954,rbc_canada,32,2026-06-12 22:23:03,"suber, jackson",top_20,kalshi,0.361,0.3436,-1.7,-0.06,,win,T4,1.77,yes,CONFIRMED,mixed dual-side run (stake+odds null),,,,,,yes,candle,0.68,0.69,no,0.319,0.041,no,2.770083102493075,loss,-1.0,-2.77
finish_positions,4956,rbc_canada,32,2026-06-12 22:23:03,"yellamaraju, sudarshan",top_20,kalshi,0.7143,0.6774,-3.7,0.27,,win,T8,0.4,no,PLAUSIBLE,mixed dual-side run (stake+odds null),top_20_no,loss,1.0,-1.0,-1.4,no,candle,0.34,0.39,no,0.324,0.054,no,1.3999720005599887,loss,-1.0,-1.4
finish_positions,4957,rbc_canada,32,2026-06-12 22:23:03,"stanger, jimmy",top_20,kalshi,0.6109,0.569,-4.0,-0.64,,win,T4,0.637,yes,PLAUSIBLE,mixed dual-side run (stake+odds null),,,,,,no,candle,0.47,0.48,no,0.131,0.081,no,1.636929120969062,loss,-1.0,-1.637
