player_name,raw_american,implied_prob,devigged_prob,devigged_american,simulated_win_prob,model_fair_american,edge_vs_devig,my_pred,sample
"bridgeman, jacob",300,0.25,0.20790098293374226,381,0.19555982142857145,411,-1.2341161505170812,1.5200571879542335,63.0
"matsuyama, hideki",1400,0.06666666666666667,0.0554402621156646,1704,0.045526273809523815,2097,-0.9913988306140785,1.212063028089866,61.0
"morikawa, collin",1200,0.07692307692307693,0.06396953321038223,1463,0.057223249999999996,1648,-0.6746283210382238,1.4101653331354578,45.0
"lee, min woo",1800,0.05263157894736842,0.043768627986051,2185,0.037471214285714274,2569,-0.6297413700336728,0.9838924933244269,47.0
"schauffele, xander",3500,0.027777777777777776,0.023100109214860248,4229,0.01711209523809524,5744,-0.598801397676501,1.4901227649743225,51.0
"clark, wyndham",5000,0.0196078431372549,0.016305959445783707,6033,0.010518428571428571,9407,-0.5787530874355136,1.0346924316322117,51.0
"bezuidenhout, christiaan",10000,0.009900990099009901,0.008233702294405634,12045,0.003350666666666666,29745,-0.48830356277389686,-0.0501691959540068,49.0
"echavarria, nicolas",7000,0.014084507042253521,0.011712731432886888,8438,0.006855285714285714,14487,-0.48574457186011744,-0.2046890012790476,57.0
"gerard, ryan",2800,0.034482758620689655,0.028675997646033416,3387,0.02408967857142857,4051,-0.4586319074604845,1.1008712882886404,73.0
"putnam, andrew",8000,0.012345679012345678,0.010266715206604556,9640,0.006017166666666667,16519,-0.42495485399378885,-0.2213084607200043,49.0
"scott, adam",5000,0.0196078431372549,0.016305959445783707,6033,0.012573619047619047,7853,-0.37323403981646597,0.925908349239304,49.0
"lipsky, david",8000,0.012345679012345678,0.010266715206604556,9640,0.0069148333333333345,14362,-0.33518818732712213,-0.2288761799154848,41.0
"nakajima, keita",8000,0.012345679012345678,0.010266715206604556,9640,0.00712902380952381,13927,-0.3137691397080746,0.5644709690805528,43.0
"bauchou, zach",10000,0.009900990099009901,0.008233702294405634,12045,0.0054467738095238085,18259,-0.2786928484881826,0.5441821849942602,43.0
"harman, brian",12500,0.007936507936507936,0.006600031204245785,15051,0.003814261904761904,26117,-0.2785769299483881,0.2529850290256509,51.0
"homa, max",1600,0.058823529411764705,0.04891787833735112,1944,0.047069261904761905,2025,-0.18486164325892118,0.748990926145447,49.0
"mccarthy, denny",15000,0.006622516556291391,0.005507310806191848,18058,0.0036734999999999992,27122,-0.1833810806191849,0.1908333505034757,49.0
"jaeger, stephan",17500,0.005681818181818182,0.0047250223394032335,21064,0.0035107619047619045,28384,-0.1214260434641329,0.0629934840751354,40.0
"kitayama, kurt",20000,0.004975124378109453,0.004137332993706314,24070,0.002957357142857143,33714,-0.11799758508491709,0.7044547305497352,53.0
"thomas, justin",5000,0.0196078431372549,0.016305959445783707,6033,0.015398166666666666,6394,-0.09077927791170409,1.0465482780435322,57.0
"im, sungjae",6000,0.01639344262295082,0.013632851339917526,7235,0.012990119047619049,7598,-0.06427322922984771,0.9275929359125384,65.0
"keefer, johnny",4500,0.021739130434782608,0.018078346342064545,5431,0.017518928571428567,5608,-0.05594177706359782,0.6647257458723664,57.0
"greyserman, max",17500,0.005681818181818182,0.0047250223394032335,21064,0.004236761904761905,23503,-0.04882604346413289,0.5563469569399286,53.0
"hossler, beau",30000,0.0033222591362126247,0.0027628037599168407,36095,0.0025459999999999992,39177,-0.021680375991684146,0.3496376331190873,43.0
"smalley, alex",30000,0.0033222591362126247,0.0027628037599168407,36095,0.002681,37200,-0.008180375991684091,0.5657227366969905,51.0
"parry, john",12500,0.007936507936507936,0.006600031204245785,15051,0.006574833333333334,15110,-0.002519787091245177,0.2815823953939965,47.0
"ghim, doug",6000,0.01639344262295082,0.013632851339917526,7235,0.013640999999999999,7231,0.0008148660082472545,0.9985779440720514,41.0
"hodges, lee",20000,0.004975124378109453,0.004137332993706314,24070,0.004322452380952381,23035,0.01851193872460669,0.5105335703737223,33.0
"hisatsune, ryo",4000,0.024390243902439025,0.020283022725243148,4830,0.02085142857142857,4696,0.056840584618542134,0.6386185317116082,61.0
"kim, michael",8000,0.012345679012345678,0.010266715206604556,9640,0.011506261904761905,8591,0.1239546698157349,0.6527529347220566,65.0
"wallace, matt",15000,0.006622516556291391,0.005507310806191848,18058,0.007189285714285716,13810,0.16819749080938676,0.8326755488610488,59.0
"thorbjornsen, michael",1500,0.0625,0.051975245733435566,1824,0.05381969047619047,1758,0.18444447427549068,1.0048702114472192,43.0
"mitchell, keith",2500,0.038461538461538464,0.03198476660519112,3026,0.03506711904761905,2752,0.30823524424279314,0.540891233188276,45.0
"ventura, kristoffer",3300,0.029411764705882353,0.02445893916867556,3988,0.029086940476190468,3338,0.4628001307514909,0.7519257961346412,37.0
"coody, pierceson",2500,0.038461538461538464,0.03198476660519112,3026,0.03680144047619049,2617,0.48166738709993706,0.4168248883814354,54.0
"brennan, michael",4000,0.024390243902439025,0.020283022725243148,4830,0.026965428571428574,3608,0.6682405846185426,0.937704022842294,61.0
"castillo, ricky",2200,0.043478260869565216,0.03615669268412909,2666,0.04499104761904763,2123,0.8834354934918541,0.6176271522729555,47.0
"meissner, mac",2200,0.043478260869565216,0.03615669268412909,2666,0.05268385714285715,1798,1.6527164458728059,0.749913151240504,43.0
"smith, jordan",1200,0.07692307692307693,0.06396953321038223,1463,0.08232697619047619,1115,1.8357442980093952,0.792233635357561,55.0
