Player,Pred,66.5,67.5,68.5,69.5,70.5,71.5,72.5
"koivun, jackson",1.38,163,-111,-197,-354,-640,-1209,-2384
"brennan, michael",1.09,211,123,-138,-232,-389,-672,-1181
"suber, jackson",0.8,281,156,-111,-188,-323,-565,-1015
"ghim, doug",0.75,329,178,-100,-177,-312,-562,-1027
"james, ben",0.68,379,194,105,-174,-319,-590,-1133
"yu, kevin",0.68,249,138,-127,-222,-386,-697,-1279
"thompson, davis",0.64,255,144,-120,-205,-355,-627,-1117
"hall, harry",0.58,299,167,-104,-175,-298,-514,-915
"penge, marco",0.51,252,144,-117,-196,-331,-569,-1010
"keefer, johnny",0.5,343,191,112,-150,-252,-431,-747
"smith, jordan",0.49,321,175,-101,-176,-306,-543,-979
"bauchou, zach",0.46,351,191,109,-159,-276,-486,-872
"hoey, rico",0.45,351,196,113,-150,-255,-436,-767
"ventura, kristoffer",0.42,391,210,117,-151,-263,-461,-831
"roy, kevin",0.42,395,208,115,-155,-274,-491,-908
"kohles, ben",0.41,415,215,117,-153,-274,-499,-931
"shipley, neal",0.41,384,206,117,-150,-260,-453,-820
"cole, eric",0.4,276,156,-110,-187,-317,-553,-976
"grillo, emiliano",0.38,330,179,101,-173,-303,-538,-990
"kirk, chris",0.32,410,219,123,-141,-244,-424,-759
"hossler, beau",0.3,336,181,101,-173,-303,-544,-1014
"homa, max",0.3,378,208,119,-143,-244,-420,-736
"mccarty, matt",0.29,327,184,107,-160,-269,-458,-795
"dou, zecheng",0.25,341,185,104,-167,-291,-517,-936
"taylor, nick",0.24,330,184,105,-165,-284,-494,-880
"hodges, lee",0.23,392,209,116,-153,-269,-484,-890
"fisk, steven",0.23,440,234,132,-132,-228,-400,-716
"mcgreevy, max",0.22,384,209,118,-146,-251,-434,-769
"blair, zac",0.21,416,218,119,-151,-269,-483,-892
"bezuidenhout, christiaan",0.19,439,229,124,-144,-256,-460,-845
"horschel, billy",0.17,402,219,126,-137,-235,-407,-724
"parry, john",0.16,327,179,102,-169,-293,-522,-943
"yellamaraju, sudarshan",0.08,412,230,134,-127,-213,-357,-611
"dahmen, joel",0.05,376,202,113,-155,-271,-484,-882
"power, seamus",0.01,443,242,138,-125,-212,-364,-627
"li, haotong",0.0,333,190,111,-152,-256,-430,-730
"moore, taylor",-0.06,405,221,127,-134,-224,-383,-667
"ford, david",-0.07,524,275,154,-113,-195,-336,-592
"mouw, william",-0.07,381,206,115,-151,-264,-463,-836
"fishburn, patrick",-0.08,418,226,128,-136,-235,-410,-735
"kanaya, takumi",-0.13,592,292,156,-115,-205,-368,-683
"smotherman, austin",-0.28,632,325,177,-100,-174,-299,-524
"ramey, chad",-0.29,545,281,156,-112,-193,-335,-589
"sargent, gordon",-0.29,564,302,169,-102,-173,-292,-504
"crowe, trace",-0.31,568,305,172,101,-167,-280,-477
"pavon, matthieu",-0.31,400,221,127,-131,-221,-374,-646
"svensson, jesper",-0.32,393,224,133,-125,-206,-339,-571
"jaeger, stephan",-0.32,568,305,174,102,-165,-275,-464
"blanchet, chandler",-0.33,582,301,165,-107,-185,-322,-570
"clanton, luke",-0.4,585,303,167,-105,-183,-319,-561
"ewart, a.j.",-0.42,674,348,189,107,-161,-279,-486
"vanderlaan, john",-0.45,655,335,185,105,-163,-280,-487
"hubbard, mark",-0.46,587,303,168,-105,-183,-319,-561
"van rooyen, erik",-0.48,514,277,158,-108,-183,-310,-533
"lower, justin",-0.49,651,336,183,103,-169,-292,-518
