player_name,simulated_win_prob,top_5,top_10,top_20,simulated_win_prob_a,top_5_a,top_10_a,top_20_a
"akina, kihei",0.00127,0.010106944444444443,0.02646445523920524,0.06959518273393273,78640.0,9794.0,3679,1337
"an, seonghyeon",0.0,4.0428571428571426e-05,0.00012996428571428572,0.001394599261849262,,2473398.0,769342,71605
"bauchou, zach",0.01339,0.06995328174603173,0.1370188282828283,0.26172534398934394,7368.0,1330.0,630,282
"bezuidenhout, christiaan",0.01097,0.061901801948051956,0.12829975549450548,0.257319010961261,9016.0,1515.0,679,289
"blair, zac",0.00497,0.03571372222222222,0.08500157731157731,0.1917112857975358,20021.0,2700.0,1076,422
"blanchet, chandler",0.00326,0.02528120634920635,0.06069994660894661,0.14321435175935174,30575.0,3856.0,1547,598
"bracken, boston",7e-05,0.0020041309523809525,0.007098071428571428,0.026840066350316348,1428471.0,49797.0,13988,3626
"brennan, michael",0.04879,0.16387271464646466,0.2629474532134532,0.4070734032356532,1950.0,510.0,280,146
"campos, rafael",0.00054,0.00600740873015873,0.017841642135642138,0.055641131701631714,185085.0,16546.0,5505,1697
"chatfield, davis",0.00373,0.026913270202020202,0.06553687576312577,0.15588206136918636,26710.0,3616.0,1426,542
"clanton, luke",0.00238,0.019808396825396826,0.04924623146298147,0.12132393026418026,41917.0,4948.0,1931,724
"cole, eric",0.0166,0.07770982142857143,0.14728108344433347,0.2707042803585304,5924.0,1187.0,579,269
"coody, pierceson",0.0141,0.06928434163059162,0.1311918641081141,0.24950859884559884,6992.0,1343.0,662,301
"crowe, trace",0.00823,0.04477369841269841,0.09366451454101454,0.19044733984071485,12051.0,2133.0,968,425
"dahmen, joel",0.00512,0.03517155988455988,0.08056350141525141,0.1791601416083916,19431.0,2743.0,1141,458
"davis, cameron",0.00082,0.007397321428571429,0.01918848917748918,0.05081139013764014,121851.0,13418.0,5111,1868
"dou, zecheng",0.00742,0.04773222258297259,0.10246035833610832,0.21320825699300697,13377.0,1995.0,876,369
"dumont de chassart, adrien",0.00327,0.02173377380952381,0.05019225577200578,0.11860228593628595,30481.0,4501.0,1892,743
"duncan, tyler",0.00329,0.0244908373015873,0.058782504800754795,0.1374424733877234,30295.0,3983.0,1601,628
"dunlap, nick",0.00058,0.004455595238095238,0.013401080919080918,0.040698915750915755,172314.0,22344.0,7362,2357
"ewart, a.j.",0.00352,0.024940273809523805,0.05900118192918193,0.1407212552863803,28309.0,3910.0,1595,611
"finau, tony",0.00609,0.03357849639249639,0.07106643795093795,0.14885807836607837,16320.0,2878.0,1307,572
"fishburn, patrick",0.00617,0.03826801190476191,0.08391000274725274,0.18026573515373515,16107.0,2513.0,1092,455
"fisk, steven",0.00871,0.05020107142857143,0.10593158427683427,0.21616751717726718,11381.0,1892.0,844,363
"ford, david",0.00602,0.03777858766233766,0.08259090487290487,0.1791795120990121,16511.0,2547.0,1111,458
"garnett, brice",0.00091,0.009916984126984128,0.027541762487512486,0.07965769910644911,109790.0,9984.0,3531,1155
"ghim, doug",0.03379,0.1374899126984127,0.23911953968253968,0.39663805877455877,2859.0,627.0,318,152
"glover, lucas",0.00349,0.0253777702020202,0.060723319375069376,0.14241097402597402,28553.0,3840.0,1547,602
"gordon, will",0.001,0.009961488095238094,0.027293424686424688,0.07694311227661227,99900.0,9939.0,3564,1200
"greyserman, max",0.01433,0.07031533766233766,0.133845009018759,0.25110235599123104,6878.0,1322.0,647,298
"grillo, emiliano",0.01176,0.06449232142857143,0.12945831385281384,0.2548759003080253,8403.0,1451.0,672,292
"hall, harry",0.01848,0.08475181782106782,0.1588776004828505,0.28864354864579866,5311.0,1080.0,529,246
"higgo, garrick",0.00205,0.01638258766233766,0.04154101307026307,0.10462762246087247,48680.0,6004.0,2307,856
"higgs, harry",0.00108,0.010769869047619047,0.029032963536463535,0.07723135372960373,92493.0,9185.0,3344,1195
"highsmith, joe",0.00117,0.012342952380952378,0.03342162049062049,0.08893292352092354,85370.0,8002.0,2892,1024
"hirata, kensei",0.00012,0.0025040238095238097,0.00953073470973471,0.03434320732045732,833233.0,39836.0,10392,2812
"hodges, lee",0.00773,0.04941520238095238,0.10720931948606947,0.2217075883977134,12837.0,1924.0,833,351
"hoey, rico",0.0161,0.07671932142857142,0.14394589460539461,0.2669273337912088,6111.0,1203.0,595,275
"hoge, tom",0.00384,0.02655348809523809,0.06073238214563215,0.13952400169275167,25942.0,3666.0,1547,617
"hojgaard, rasmus",0.01933,0.0851666865079365,0.1538150317182817,0.27458997974247973,5073.0,1074.0,550,264
"homa, max",0.01332,0.06536736507936508,0.1278499946997447,0.2428448853091353,7408.0,1430.0,682,312
"horschel, billy",0.01308,0.06791874206349206,0.13300963575313576,0.25353896667221665,7545.0,1372.0,652,294
"hossler, beau",0.01505,0.07633590223665224,0.1484369289321789,0.2807365253357753,6545.0,1210.0,574,256
"hubbard, mark",0.00262,0.021171362193362193,0.05267545177045176,0.1298379038739039,38068.0,4623.0,1798,670
"hughes, mackenzie",0.00915,0.054288916666666666,0.11362457958707958,0.2300981113331113,10829.0,1742.0,780,335
"jaeger, stephan",0.00821,0.042857452741702745,0.08844420779220778,0.1839939223831724,12080.0,2233.0,1031,443
"james, ben",0.03802,0.15626730952380952,0.2673824517704518,0.4386562361943613,2530.0,540.0,274,128
"johnson, zach j.",0.0,0.0,7.5e-06,0.0001320793650793651,,,13333233,757021
"kanaya, takumi",0.0031,0.025117527777777777,0.06270172594072594,0.1533455848040848,32158.0,3881.0,1495,552
"kang, jeffrey",0.00099,0.009482269841269842,0.025935179625929623,0.0736594237984238,100910.0,10446.0,3756,1258
"keefer, johnny",0.01904,0.08295950396825395,0.15282466194916194,0.27617286124986123,5152.0,1105.0,554,262
"kirk, chris",0.01391,0.06859401623376624,0.1359014145021645,0.2596330856643357,7089.0,1358.0,636,285
"kizzire, patton",0.0004,0.00479397619047619,0.01447584163059163,0.04600599017649018,249900.0,20760.0,6808,2074
"kohles, ben",0.01447,0.07604383333333334,0.15209110112110114,0.2897959143911644,6811.0,1215.0,558,245
"koivun, jackson",0.0704,0.22835157611832613,0.3546729426129426,0.5263581326312576,1320.0,338.0,182,-111
"lamprecht, christo",0.00045,0.003925055555555556,0.010989979076479075,0.03420492266067266,222122.0,25377.0,8999,2824
"lebioda, hank",0.00205,0.016481210317460318,0.04209338924963925,0.10692900414862916,48680.0,5968.0,2276,835
"li, haotong",0.01285,0.06141144841269841,0.11970558380508381,0.2265600269175269,7682.0,1528.0,735,341
"lingmerth, david",5e-05,0.0004808333333333333,0.0017925753968253968,0.008512882006882007,1999900.0,207872.0,55686,11647
"lipsky, david",0.00171,0.015775333333333332,0.040150562049062054,0.1040710001942502,58380.0,6239.0,2391,861
"lower, justin",0.00181,0.01619606349206349,0.04247553102453103,0.10979972971472973,55149.0,6074.0,2254,811
"lundell, carson",0.00017,0.0017169087301587302,0.00478520634920635,0.01561506868131868,588135.0,58144.0,20798,6304
"malnati, peter",0.00139,0.010876432539682542,0.027525435536685537,0.0725728734876235,71842.0,9094.0,3533,1278
"martin, ben",0.00167,0.014334170634920634,0.03742821645021645,0.09926804001554002,59780.0,6876.0,2572,907
"mauss, bowen",0.0,1.375e-05,6.55952380952381e-05,0.0005805793650793651,,7272627.0,1524401,172142
"mccarthy, denny",0.00593,0.04178460714285714,0.09469284276834276,0.2030670526695527,16763.0,2293.0,956,392
"mccarty, matt",0.01098,0.05836644877344877,0.11495394708069707,0.22254118435730935,9007.0,1613.0,770,349
"mcgreevy, max",0.00812,0.04526794155844156,0.09695693525918526,0.20037569391719393,12215.0,2109.0,931,399
"mcnealy, maverick",0.03592,0.13506569841269842,0.2294265767010767,0.3743229038739039,2684.0,640.0,336,167
"meissner, mac",0.01963,0.08991561219336221,0.16697459665334666,0.30416230745643247,4994.0,1012.0,499,229
"moore, taylor",0.00669,0.039718837662337664,0.0851125444832945,0.17962086507936506,14848.0,2418.0,1075,457
"mouw, william",0.00714,0.04466908730158731,0.09675079376179375,0.20277480952380952,13906.0,2139.0,934,393
"neergaard-petersen, rasmus",0.01542,0.07698787842712843,0.15063764824064824,0.2802442733655234,6385.0,1199.0,564,257
"nyholm, pontus",0.00348,0.02440562337662338,0.056669066128316126,0.13072678996003997,28636.0,3997.0,1665,665
"pan, c.t.",0.00047,0.0068749960317460316,0.020498268953268953,0.060268289099789096,212666.0,14445.0,4778,1559
"parry, john",0.00941,0.05387317857142857,0.11144991353091355,0.22497165290265292,10527.0,1756.0,797,345
"pavon, matthieu",0.00913,0.049621342712842714,0.10081258680208681,0.20266282532745034,10853.0,1915.0,892,393
"penge, marco",0.02566,0.10397905952380952,0.18335671595071595,0.3139669997779998,3797.0,862.0,445,219
"peterson, paul",0.00154,0.01598151984126984,0.04249377439227439,0.11452424250749249,64835.0,6157.0,2253,773
"phillips, chandler",0.00722,0.04464044444444444,0.09612230794205792,0.20157359329559332,13750.0,2140.0,940,396
"potgieter, aldrich",0.00835,0.04073735317460317,0.0811915415972916,0.16077702518315018,11876.0,2355.0,1132,522
"power, seamus",0.00782,0.04479820779220779,0.09351124936174936,0.1959559215784216,12688.0,2132.0,969,410
"putnam, andrew",0.00278,0.022520861111111106,0.056812193001443,0.1392406524170274,35871.0,4340.0,1660,618
"ramey, chad",0.00396,0.027637912698412696,0.06641650047175048,0.15178889971139972,25153.0,3518.0,1406,559
"rasmussen, rhett",0.0,6.666666666666667e-06,5.266666666666667e-05,0.0005703232323232323,,14999900.0,1898634,175239
"riley, davis",0.00183,0.012783253968253966,0.03221090906315906,0.0806099668942169,54545.0,7723.0,3005,1141
"rodgers, patrick",0.00413,0.027459599567099566,0.06164990512265513,0.13974790906315906,24113.0,3542.0,1522,616
"roy, kevin",0.01277,0.068988670995671,0.13819976370851372,0.26706142562992563,7731.0,1350.0,624,274
"rozo, marcelo",0.00024,0.0035668095238095237,0.0120121790986791,0.03976499902874903,416567.0,27936.0,8225,2415
"salinda, isaiah",0.00625,0.03607224603174604,0.07548726104451105,0.15942526130813633,15900.0,2672.0,1225,527
"sargent, gordon",0.00441,0.02930665981240981,0.06707844153069152,0.14982115620490621,22576.0,3312.0,1391,567
"schenk, adam",0.00109,0.009498480158730158,0.025606342823842825,0.07066285790598291,91643.0,10428.0,3805,1315
"shelley, tyson",0.0,1.3333333333333333e-05,4.1500000000000006e-05,0.0006420595238095238,,7499900.0,2409539,155649
"shipley, neal",0.01207,0.06675561507936509,0.1339461344211344,0.25619270473970474,8185.0,1398.0,647,290
"silverman, ben",0.00196,0.017163015873015875,0.04627075407925407,0.11974321361971363,50920.0,5726.0,2061,735
"skinns, david",0.00207,0.015212535714285713,0.03812351443001443,0.09632446262071262,48209.0,6474.0,2523,938
"smith, jordan",0.02301,0.10200520634920635,0.1851781066156066,0.32349000498112995,4246.0,880.0,440,209
"smotherman, austin",0.00752,0.04622152777777777,0.0977921302031302,0.2038827296731047,13198.0,2063.0,923,390
"snyder, matt",0.0,6e-06,4.2803030303030305e-05,0.00042917063492063493,,16666567.0,2336183,232908
"springer, hayden",0.00628,0.03683165476190477,0.07914280336330337,0.16795275197025195,15824.0,2615.0,1164,495
"stanger, jimmy",0.0009,0.009671210678210678,0.02636024711399711,0.07126228402153402,111011.0,10240.0,3694,1303
"streelman, kevin",0.00197,0.016333444444444446,0.043186907287157295,0.11108835828060828,50661.0,6022.0,2216,800
"suber, jackson",0.02656,0.11328762337662338,0.19843471242646243,0.34044646495171493,3665.0,783.0,404,194
"svensson, adam",0.00133,0.01108393686868687,0.02951234412809413,0.08031778864191365,75088.0,8922.0,3288,1145
"svensson, jesper",0.0071,0.038165559523809525,0.07860134895659895,0.15988076413863914,13985.0,2520.0,1172,525
"taylor, nick",0.015,0.07444517893217893,0.14456645018870018,0.2710111021617272,6567.0,1243.0,592,269
"thompson, davis",0.02108,0.09494195743145743,0.17155202208902207,0.30397315694028193,4644.0,953.0,483,229
"thompson, michael",0.00026,0.00308322619047619,0.010825270923520923,0.0368514406981907,384515.0,32334.0,9138,2614
"todd, brendon",3e-05,0.00047200000000000003,0.002240234126984127,0.00990776615051615,3333233.0,211764.0,44538,9993
"tosti, alejandro",0.00136,0.010401766233766234,0.026111736402486405,0.06769851237651237,73429.0,9514.0,3730,1377
"van rooyen, erik",0.00217,0.018075358225108227,0.04483757836607837,0.109146726023976,45983.0,5432.0,2130,816
"vanderlaan, john",0.00323,0.02566736652236652,0.060712013070263075,0.14241402215839716,30860.0,3796.0,1547,602
"ventura, kristoffer",0.01624,0.07796158008658009,0.14992668095793096,0.28362549822399824,6058.0,1183.0,567,253
"walker, danny",0.00148,0.011317059523809523,0.02879628968253968,0.07399894579032079,67468.0,8736.0,3373,1251
"wallace, matt",0.03653,0.13820478174603174,0.23282337706737707,0.3790835768814519,2637.0,624.0,330,164
"whaley, vince",0.00103,0.009330928571428572,0.0253344020979021,0.07242564016539016,96987.0,10617.0,3847,1281
"wise, aaron",0.00172,0.013520595238095238,0.03410251800976801,0.0886428160728161,58040.0,7296.0,2832,1028
"wu, dylan",0.00086,0.009298710317460317,0.026047953574203576,0.07548043933843934,116179.0,10654.0,3739,1225
"yellamaraju, sudarshan",0.00812,0.04493906349206349,0.09167071475746477,0.18801765964590963,12215.0,2125.0,991,432
"yu, kevin",0.02135,0.09902112301587301,0.18403779376179377,0.32626449977799976,4584.0,910.0,443,206
