player_name,bookmaker,decimal_odds,top_20,implied_prob,american_odds,edge,stake,eg,market_type,my_pred,sample,my_fair,side,pricing,sim_prob,target,filled,depth_at_best,yes_bid,yes_ask
"grillo, emiliano",fanduel,14.0,0.09164921336996336,0.07142857142857142,1300,2.0220641941391935,54.440189842209044,0.02201631172041423,top_20,0.3756406510003007,39.0,991,,,,,,,,
"jaeger, stephan",kalshi,,,0.4168,140,4.1,,,top_10,-0.3230961293056922,40.0,118,no,taker,0.45811999999999997,1000.0,1000.0,3877.0,,
"akina, kihei",kalshi,,,0.557388,-126,3.7,,,top_20,-0.9241309963219424,6.0,-147,no,taker,0.59482,1000.0,1000.0,2199.0,,
"jaeger, stephan",kalshi,,,0.148428,574,3.7,,,top_20,-0.3230961293056922,40.0,440,no,taker,0.18516,1000.0,1000.0,9021.0,,
"streelman, kevin",kalshi,,,0.375668753,166,3.3,,,top_10,-0.9069522261614884,31.0,144,no,taker,0.40903999999999996,1000.0,1000.0,8.0,,
"streelman, kevin",kalshi,,,0.675208647,-208,2.0,,,top_5,-0.9069522261614884,31.0,-228,no,taker,0.69527,1000.0,1000.0,4.0,,
"crowe, trace",kalshi,,,0.09573299999999997,945,1.9,,,top_20,-0.3065599257246844,39.0,770,no,taker,0.11487999999999998,1000.0,1000.0,13160.0,,
"crowe, trace",kalshi,,,0.31467942600000004,218,1.9,,,top_10,-0.3065599257246844,39.0,200,no,taker,0.33330000000000004,1000.0,1000.0,2.0,,
"jaeger, stephan",kalshi,,,0.7145831079999998,-250,1.5,,,top_5,-0.3230961293056922,40.0,-270,no,taker,0.72977,1000.0,1000.0,4.0,,
"brennan, michael",kalshi,,,0.137917,625,1.3,,,top_10,1.088869174512555,57.0,562,yes,taker,0.15103,1000.0,1000.0,2501.0,,
"kirk, chris",kalshi,,,0.49745193,101,1.2,,,top_10,0.3211944017034781,39.0,-104,no,taker,0.50918,1000.0,1000.0,2.0,,
"keefer, johnny",kalshi,,,0.34545650999999994,189,1.1,,,top_10,0.497240791315966,55.0,181,no,taker,0.35626,1000.0,1000.0,2.0,,
"ewart, a.j.",kalshi,,,0.273468,266,0.9,,,top_20,-0.4204395300151802,41.0,253,no,taker,0.28295000000000003,1000.0,1000.0,1781.0,,
"keefer, johnny",kalshi,,,0.11653640999999999,758,0.8,,,top_20,0.497240791315966,55.0,705,no,taker,0.12427999999999995,1000.0,1000.0,30.0,,
"crowe, trace",kalshi,,,0.5970322100000001,-148,0.8,,,top_5,-0.3065599257246844,39.0,-153,no,taker,0.6047199999999999,1000.0,1000.0,2.0,,
"ford, david",kalshi,,,0.557368098,-126,0.7,,,top_10,-0.0713618113846017,7.0,-130,no,taker,0.56462,1000.0,1000.0,2.0,,
"grillo, emiliano",kalshi,,,0.11685299999999998,756,0.6,,,top_20,0.3756406510003007,39.0,712,yes,taker,0.12312,1000.0,1000.0,2700.0,,
"keefer, johnny",kalshi,,,0.018169770000000016,5404,0.5,,,winner,0.497240791315966,55.0,4144,yes,taker,0.023560666666666667,1000.0,1000.0,158251.0,,
"fisk, steven",kalshi,,,0.012829920000000012,7694,0.3,,,winner,0.2285116401706609,43.0,6201,yes,taker,0.01587,1000.0,1000.0,158892.0,,
"hoey, rico",kalshi,,,0.303248987,230,0.3,,,top_20,0.4490355992829282,49.0,227,no,taker,0.30576000000000003,1000.0,1000.0,113.0,,
"smotherman, austin",kalshi,,,0.07455699999999994,1241,0.1,,,top_5,-0.2751728557334429,45.0,1230,no,taker,0.07518999999999998,1000.0,1000.0,16901.0,,
"bauchou, zach",kalshi,,,0.15892500000000004,529,0.1,,,top_10,0.4599484837699574,43.0,526,yes,taker,0.15973,1000.0,1000.0,2718.0,,
"thompson, davis",kalshi,,,0.09361679999999997,968,-0.4,,,top_20,0.6369078659588803,41.0,1014,yes,taker,0.08976,1000.0,1000.0,200.0,,
"ghim, doug",kalshi,,,0.07448273699999995,1243,-0.5,,,top_5,0.7488458360714899,41.0,1344,no,taker,0.06923999999999997,1000.0,1000.0,7.0,,
"ewart, a.j.",kalshi,,,0.6167802659999999,-161,-0.7,,,top_10,-0.4204395300151802,41.0,-157,no,taker,0.61026,1000.0,1000.0,2.0,,
"kohles, ben",kalshi,,,0.4370418810000001,129,-0.8,,,top_20,0.4125983273412121,69.0,133,no,taker,0.42866000000000004,1000.0,1000.0,1.0,,
"lipsky, david",kalshi,,,0.596725437,-148,-1.2,,,top_20,-0.7736823407481865,37.0,-141,no,taker,0.58491,1000.0,1000.0,2.0,,
"vanderlaan, john",kalshi,,,0.557368084,-126,-1.2,,,top_20,-0.4517209363272225,35.0,-120,no,taker,0.54554,1000.0,1000.0,1.0,,
"streelman, kevin",kalshi,,,0.15859957900000002,531,-1.8,,,top_20,-0.9069522261614884,31.0,609,no,taker,0.14095000000000002,1000.0,1000.0,1.0,,
