player_name,my_pred4,r4_teetime,wind_r4,dew_r4,wind_adj4,dew_adj4,field_skill_mean,field_wind_cost,field_dew_cost,weather_sg_r4,scores_r4,centering_version,centering_group
"smotherman, austin",-0.2751728557334429,2026-10-04 13:30,8.178583333333336,32.85575000000002,1.022322916666667,0.109252981190476,-0.09537826671729706,0.8782718253968249,-6.97854472621527e-17,-0.2533040724603181,-0.433098661476464,field_relative_v1,field
"ghim, doug",0.7488458360714899,2026-10-04 13:30,8.178583333333336,32.85575000000002,1.022322916666667,0.109252981190476,-0.09537826671729706,0.8782718253968249,-6.97854472621527e-17,-0.2533040724603181,0.590920030328469,field_relative_v1,field
"crowe, trace",-0.3065599257246844,2026-10-04 13:20,8.195055555555557,33.22044444444446,1.0243819444444446,0.10119323396825386,-0.09537826671729706,0.8782718253968249,-6.97854472621527e-17,-0.24730335301587364,-0.458485012023261,field_relative_v1,field
"james, ben",0.6800764416413099,2026-10-04 13:20,8.195055555555557,33.22044444444446,1.0243819444444446,0.10119323396825386,-0.09537826671729706,0.8782718253968249,-6.97854472621527e-17,-0.24730335301587364,0.5281513553427333,field_relative_v1,field
"streelman, kevin",-0.9069522261614884,2026-10-04 13:10,8.202083333333334,33.584583333333356,1.0252604166666668,0.0931457645238093,-0.09537826671729706,0.8782718253968249,-6.97854472621527e-17,-0.24013435579365122,-1.0517083152378426,field_relative_v1,field
"keefer, johnny",0.497240791315966,2026-10-04 13:10,8.202083333333334,33.584583333333356,1.0252604166666668,0.0931457645238093,-0.09537826671729706,0.8782718253968249,-6.97854472621527e-17,-0.24013435579365122,0.35248470223961187,field_relative_v1,field
"jaeger, stephan",-0.3230961293056922,2026-10-04 13:00,8.199666666666669,33.948166666666694,1.0249583333333336,0.08511057285714252,-0.09537826671729706,0.8782718253968249,-6.97854472621527e-17,-0.2317970807936513,-0.45951494338204646,field_relative_v1,field
"fisk, steven",0.2285116401706609,2026-10-04 13:00,8.199666666666669,33.948166666666694,1.0249583333333336,0.08511057285714252,-0.09537826671729706,0.8782718253968249,-6.97854472621527e-17,-0.2317970807936513,0.09209282609430663,field_relative_v1,field
"ford, david",-0.0713618113846017,2026-10-04 12:50,8.18963888888889,34.30813888888891,1.0237048611111113,0.0771551867460315,-0.09537826671729706,0.8782718253968249,-6.97854472621527e-17,-0.2225882224603179,-0.19857176712762253,field_relative_v1,field
"ewart, a.j.",-0.4204395300151802,2026-10-04 12:50,8.18963888888889,34.30813888888891,1.0237048611111113,0.0771551867460315,-0.09537826671729706,0.8782718253968249,-6.97854472621527e-17,-0.2225882224603179,-0.547649485758201,field_relative_v1,field
"kirk, chris",0.3211944017034781,2026-10-04 12:40,8.1735,34.66200000000002,1.0216875,0.06933485619047597,-0.09537826671729706,0.8782718253968249,-6.97854472621527e-17,-0.2127505307936512,0.20382213762712398,field_relative_v1,field
"shipley, neal",0.4131952066862918,2026-10-04 12:40,8.1735,34.66200000000002,1.0216875,0.06933485619047597,-0.09537826671729706,0.8782718253968249,-6.97854472621527e-17,-0.2127505307936512,0.29582294260993763,field_relative_v1,field
"hoey, rico",0.4490355992829282,2026-10-04 12:30,8.15125,35.009750000000025,1.01890625,0.06164958119047592,-0.09537826671729706,0.8782718253968249,-6.97854472621527e-17,-0.20228400579365097,0.34212986020657427,field_relative_v1,field
"ventura, kristoffer",0.4152504679350667,2026-10-04 12:30,8.15125,35.009750000000025,1.01890625,0.06164958119047592,-0.09537826671729706,0.8782718253968249,-6.97854472621527e-17,-0.20228400579365097,0.30834472885871284,field_relative_v1,field
"sargent, gordon",-0.2910293962787414,2026-10-04 12:15,8.106416666666666,35.51991666666669,1.0133020833333333,0.050374897857142664,-0.09537826671729706,0.8782718253968249,-6.97854472621527e-17,-0.18540515579365108,-0.38105628535509545,field_relative_v1,field
"kohles, ben",0.4125983273412121,2026-10-04 12:15,8.106416666666666,35.51991666666669,1.0133020833333333,0.050374897857142664,-0.09537826671729706,0.8782718253968249,-6.97854472621527e-17,-0.18540515579365108,0.32257143826485807,field_relative_v1,field
"akina, kihei",-0.9241309963219424,2026-10-04 12:05,8.068888888888889,35.85238888888891,1.0086111111111111,0.04302726174603155,-0.09537826671729706,0.8782718253968249,-6.97854472621527e-17,-0.17336654746031782,-1.0021192770649632,field_relative_v1,field
"vanderlaan, john",-0.4517209363272225,2026-10-04 12:05,8.068888888888889,35.85238888888891,1.0086111111111111,0.04302726174603155,-0.09537826671729706,0.8782718253968249,-6.97854472621527e-17,-0.17336654746031782,-0.5297092170702433,field_relative_v1,field
"lipsky, david",-0.7736823407481865,2026-10-04 11:55,8.025166666666664,36.17841666666669,1.003145833333333,0.0358220478571426,-0.09537826671729706,0.8782718253968249,-6.97854472621527e-17,-0.1606960557936507,-0.8390001298245402,field_relative_v1,field
"roy, kevin",0.420800464389108,2026-10-04 11:55,8.025166666666664,36.17841666666669,1.003145833333333,0.0358220478571426,-0.09537826671729706,0.8782718253968249,-6.97854472621527e-17,-0.1606960557936507,0.3554826753127544,field_relative_v1,field
"homa, max",0.3002122243556738,2026-10-04 11:45,7.974833333333333,36.496333333333354,0.9968541666666666,0.0287960895238093,-0.09537826671729706,0.8782718253968249,-6.97854472621527e-17,-0.14737843079365104,0.2482120602793198,field_relative_v1,field
"yellamaraju, sudarshan",0.0785817400767558,2026-10-04 11:45,7.974833333333333,36.496333333333354,0.9968541666666666,0.0287960895238093,-0.09537826671729706,0.8782718253968249,-6.97854472621527e-17,-0.14737843079365104,0.026581576000401813,field_relative_v1,field
"suber, jackson",0.8043340434572498,2026-10-04 11:35,7.9178333333333315,36.80591666666668,0.9897291666666664,0.021954297857142757,-0.09537826671729706,0.8782718253968249,-6.97854472621527e-17,-0.13341163912698434,0.7663006710475626,field_relative_v1,field
"bauchou, zach",0.4599484837699574,2026-10-04 11:35,7.9178333333333315,36.80591666666668,0.9897291666666664,0.021954297857142757,-0.09537826671729706,0.8782718253968249,-6.97854472621527e-17,-0.13341163912698434,0.4219151113602701,field_relative_v1,field
"power, seamus",0.0089931670796591,2026-10-04 11:25,7.854166666666665,37.107166666666686,0.9817708333333331,0.015296672857142757,-0.09537826671729706,0.8782718253968249,-6.97854472621527e-17,-0.11879568079365106,-0.014424246996694909,field_relative_v1,field
"kanaya, takumi",-0.1259013850549043,2026-10-04 11:25,7.854166666666665,37.107166666666686,0.9817708333333331,0.015296672857142757,-0.09537826671729706,0.8782718253968249,-6.97854472621527e-17,-0.11879568079365106,-0.1493187991312583,field_relative_v1,field
"riley, davis",-0.9754112537744256,2026-10-04 11:15,7.783833333333332,37.40008333333335,0.9729791666666665,0.008823214523809408,-0.09537826671729706,0.8782718253968249,-6.97854472621527e-17,-0.10353055579365107,-0.9835635428507796,field_relative_v1,field
"horschel, billy",0.1741234180863944,2026-10-04 11:15,7.783833333333332,37.40008333333335,0.9729791666666665,0.008823214523809408,-0.09537826671729706,0.8782718253968249,-6.97854472621527e-17,-0.10353055579365107,0.1659711290100404,field_relative_v1,field
"walker, danny",-0.93874355650137,2026-10-04 11:00,7.665833333333332,37.82383333333335,0.9582291666666665,-0.0005416604761905308,-0.09537826671729706,0.8782718253968249,-6.97854472621527e-17,-0.07941568079365109,-0.922780970577724,field_relative_v1,field
"bezuidenhout, christiaan",0.1854452981984672,2026-10-04 11:00,7.665833333333332,37.82383333333335,0.9582291666666665,-0.0005416604761905308,-0.09537826671729706,0.8782718253968249,-6.97854472621527e-17,-0.07941568079365109,0.2014078841221132,field_relative_v1,field
"lower, justin",-0.4910944233308666,2026-10-04 10:50,7.5782222222222195,38.09775000000001,0.9472777777777774,-0.006595218809523851,-0.09537826671729706,0.8782718253968249,-6.97854472621527e-17,-0.06241073357142875,-0.4581268901849983,field_relative_v1,field
"blanchet, chandler",-0.3325520274697785,2026-10-04 10:50,7.5782222222222195,38.09775000000001,0.9472777777777774,-0.006595218809523851,-0.09537826671729706,0.8782718253968249,-6.97854472621527e-17,-0.06241073357142875,-0.2995844943239102,field_relative_v1,field
"hall, harry",0.5799275031808386,2026-10-04 10:40,7.482833333333328,38.36666666666668,0.935354166666666,-0.012538277142857157,-0.09537826671729706,0.8782718253968249,-6.97854472621527e-17,-0.04454406412698404,0.6307617057711516,field_relative_v1,field
"mcgreevy, max",0.2163574393125283,2026-10-04 10:40,7.482833333333328,38.36666666666668,0.935354166666666,-0.012538277142857157,-0.09537826671729706,0.8782718253968249,-6.97854472621527e-17,-0.04454406412698404,0.26719164190284134,field_relative_v1,field
"ramey, chad",-0.2905811435973387,2026-10-04 10:30,7.379666666666663,38.63058333333335,0.9224583333333328,-0.01837083547619056,-0.09537826671729706,0.8782718253968249,-6.97854472621527e-17,-0.02581567246031742,-0.22101854934035908,field_relative_v1,field
"clanton, luke",-0.3966926144322557,2026-10-04 10:30,7.379666666666663,38.63058333333335,0.9224583333333328,-0.01837083547619056,-0.09537826671729706,0.8782718253968249,-6.97854472621527e-17,-0.02581567246031742,-0.32713002017527604,field_relative_v1,field
"brennan, michael",1.088869174512555,2026-10-04 10:20,7.26872222222222,38.88950000000002,0.9085902777777775,-0.024092893809523952,-0.09537826671729706,0.8782718253968249,-6.97854472621527e-17,-0.00622555857142866,1.1780218826584234,field_relative_v1,field
"blair, zac",0.2072954843255512,2026-10-04 10:20,7.26872222222222,38.88950000000002,0.9085902777777775,-0.024092893809523952,-0.09537826671729706,0.8782718253968249,-6.97854472621527e-17,-0.00622555857142866,0.2964481924714196,field_relative_v1,field
"smith, jordan",0.4924810075454111,2026-10-04 10:10,7.149999999999995,39.14341666666669,0.8937499999999994,-0.02970445214285733,-0.09537826671729706,0.8782718253968249,-6.97854472621527e-17,0.014226277539682794,0.6020855518023909,field_relative_v1,field
"hodges, lee",0.2326776364913292,2026-10-04 10:10,7.149999999999995,39.14341666666669,0.8937499999999994,-0.02970445214285733,-0.09537826671729706,0.8782718253968249,-6.97854472621527e-17,0.014226277539682794,0.3422821807483091,field_relative_v1,field
"wu, dylan",-0.8467167387256895,2026-10-04 10:00,7.023499999999995,39.392333333333355,0.8779374999999994,-0.03520551047619069,-0.09537826671729706,0.8782718253968249,-6.97854472621527e-17,0.035539835873016165,-0.7157986361353763,field_relative_v1,field
"hubbard, mark",-0.4615330079890534,2026-10-04 10:00,7.023499999999995,39.392333333333355,0.8779374999999994,-0.03520551047619069,-0.09537826671729706,0.8782718253968249,-6.97854472621527e-17,0.035539835873016165,-0.33061490539874017,field_relative_v1,field
"tosti, alejandro",-1.1294930430202936,2026-10-04 09:45,6.823166666666661,39.71966666666668,0.8528958333333326,-0.04243957714285729,-0.09537826671729706,0.8782718253968249,-6.97854472621527e-17,0.0678155692063495,-0.9662992070966471,field_relative_v1,field
"mccarty, matt",0.2942381735177247,2026-10-04 09:45,6.823166666666661,39.71966666666668,0.8528958333333326,-0.04243957714285729,-0.09537826671729706,0.8782718253968249,-6.97854472621527e-17,0.0678155692063495,0.45743200944137125,field_relative_v1,field
"moore, taylor",-0.0624398564890468,2026-10-04 09:35,6.684055555555551,39.89344444444446,0.8355069444444438,-0.04628006603174617,-0.09537826671729706,0.8782718253968249,-6.97854472621527e-17,0.08904494698412717,0.12198335721237744,field_relative_v1,field
"grillo, emiliano",0.3756406510003007,2026-10-04 09:35,6.684055555555551,39.89344444444446,0.8355069444444438,-0.04628006603174617,-0.09537826671729706,0.8782718253968249,-6.97854472621527e-17,0.08904494698412717,0.5600638647017249,field_relative_v1,field
"garnett, brice",-0.6901477525011271,2026-10-04 09:25,6.5404999999999935,40.03166666666668,0.8175624999999992,-0.04933477714285717,-0.09537826671729706,0.8782718253968249,-6.97854472621527e-17,0.11004410253968282,-0.4847253832441472,field_relative_v1,field
"kizzire, patton",-1.382225514870333,2026-10-04 09:25,6.5404999999999935,40.03166666666668,0.8175624999999992,-0.04933477714285717,-0.09537826671729706,0.8782718253968249,-6.97854472621527e-17,0.11004410253968282,-1.1768031456133532,field_relative_v1,field
"fishburn, patrick",-0.0783144299405322,2026-10-04 09:15,6.392499999999994,40.13433333333335,0.7990624999999992,-0.05160371047619061,-0.09537826671729706,0.8782718253968249,-6.97854472621527e-17,0.13081303587301624,0.1478768726497811,field_relative_v1,field
"van rooyen, erik",-0.4819516587311803,2026-10-04 09:15,6.392499999999994,40.13433333333335,0.7990624999999992,-0.05160371047619061,-0.09537826671729706,0.8782718253968249,-6.97854472621527e-17,0.13081303587301624,-0.255760356140867,field_relative_v1,field
"dumont de chassart, adrien",-0.6821470163014032,2026-10-04 09:05,6.24005555555555,40.20144444444446,0.7800069444444437,-0.05308686603174617,-0.09537826671729706,0.8782718253968249,-6.97854472621527e-17,0.1513517469841273,-0.4354170025999788,field_relative_v1,field
"taylor, nick",0.2402862303801105,2026-10-04 09:05,6.24005555555555,40.20144444444446,0.7800069444444437,-0.05308686603174617,-0.09537826671729706,0.8782718253968249,-6.97854472621527e-17,0.1513517469841273,0.4870162440815348,field_relative_v1,field
"hossler, beau",0.2975162678228961,2026-10-04 08:55,6.083916666666658,40.23425000000001,0.7604895833333323,-0.05381186880952382,-0.09537826671729706,0.8782718253968249,-6.97854472621527e-17,0.1715941108730164,0.5644886454132095,field_relative_v1,field
"dou, zecheng",0.2455193385606837,2026-10-04 08:55,6.083916666666658,40.23425000000001,0.7604895833333323,-0.05381186880952382,-0.09537826671729706,0.8782718253968249,-6.97854472621527e-17,0.1715941108730164,0.5124917161509972,field_relative_v1,field
"rodgers, patrick",-0.5037654785842518,2026-10-04 08:45,5.927833333333327,40.23900000000001,0.7409791666666659,-0.05391684380952377,-0.09537826671729706,0.8782718253968249,-6.97854472621527e-17,0.19120950253968277,-0.21717770932727198,field_relative_v1,field
"thompson, davis",0.6369078659588803,2026-10-04 08:45,5.927833333333327,40.23900000000001,0.7409791666666659,-0.05391684380952377,-0.09537826671729706,0.8782718253968249,-6.97854472621527e-17,0.19120950253968277,0.9234956352158601,field_relative_v1,field
"dahmen, joel",0.0452065616708347,2026-10-04 08:30,5.694749999999991,40.195083333333336,0.7118437499999989,-0.05294628547619029,-0.09537826671729706,0.8782718253968249,-6.97854472621527e-17,0.21937436087301626,0.359959189261148,field_relative_v1,field
"higgs, harry",-1.000498,2026-10-04 08:30,5.694749999999991,40.195083333333336,0.7118437499999989,-0.05294628547619029,-0.09537826671729706,0.8782718253968249,-6.97854472621527e-17,0.21937436087301626,-0.6857453724096867,field_relative_v1,field
"yu, kevin",0.6750182898571516,2026-10-04 08:20,5.540055555555548,40.131777777777785,0.6925069444444435,-0.05154723269841255,-0.09537826671729706,0.8782718253968249,-6.97854472621527e-17,0.2373121136507939,1.0077086702252427,field_relative_v1,field
"svensson, jesper",-0.3163590158406895,2026-10-04 08:20,5.540055555555548,40.131777777777785,0.6925069444444435,-0.05154723269841255,-0.09537826671729706,0.8782718253968249,-6.97854472621527e-17,0.2373121136507939,0.01633136452740147,field_relative_v1,field
"cole, eric",0.4020681493254672,2026-10-04 08:10,5.385916666666659,40.04125,0.6732395833333323,-0.04954656880952346,-0.09537826671729706,0.8782718253968249,-6.97854472621527e-17,0.254578810873016,0.7520252269157802,field_relative_v1,field
"penge, marco",0.5135492518133199,2026-10-04 08:10,5.385916666666659,40.04125,0.6732395833333323,-0.04954656880952346,-0.09537826671729706,0.8782718253968249,-6.97854472621527e-17,0.254578810873016,0.8635063294036329,field_relative_v1,field
"svensson, adam",-0.8061936236643873,2026-10-04 08:00,5.232333333333323,39.923500000000004,0.6540416666666654,-0.046944293809523585,-0.09537826671729706,0.8782718253968249,-6.97854472621527e-17,0.27117445253968303,-0.43964090440740716,field_relative_v1,field
"koivun, jackson",1.381946904518781,2026-10-04 08:00,5.232333333333323,39.923500000000004,0.6540416666666654,-0.046944293809523585,-0.09537826671729706,0.8782718253968249,-6.97854472621527e-17,0.27117445253968303,1.7484996237757613,field_relative_v1,field
"mouw, william",-0.0692486957328644,2026-10-04 07:50,5.080833333333325,39.78952777777778,0.6351041666666656,-0.043983507698412416,-0.09537826671729706,0.8782718253968249,-6.97854472621527e-17,0.2871511664285717,0.31328073741300433,field_relative_v1,field
"parry, john",0.1591507795347273,2026-10-04 07:50,5.080833333333325,39.78952777777778,0.6351041666666656,-0.043983507698412416,-0.09537826671729706,0.8782718253968249,-6.97854472621527e-17,0.2871511664285717,0.5416802126805961,field_relative_v1,field
"li, haotong",7.104072629942476e-05,2026-10-04 07:40,4.932666666666659,39.64833333333333,0.6165833333333324,-0.04086311047619018,-0.09537826671729706,0.8782718253968249,-6.97854472621527e-17,0.30255160253968266,0.39800090998327914,field_relative_v1,field
"dunlap, nick",-1.6770768766424096,2026-10-04 07:40,4.932666666666659,39.64833333333333,0.6165833333333324,-0.04086311047619018,-0.09537826671729706,0.8782718253968249,-6.97854472621527e-17,0.30255160253968266,-1.2791470073854299,field_relative_v1,field
"todd, brendon",-2.565913164703328,2026-10-04 07:30,4.7878333333333245,39.49991666666667,0.5984791666666656,-0.03758310214285698,-0.09537826671729706,0.8782718253968249,-6.97854472621527e-17,0.3173757608730163,-2.1531591371130148,field_relative_v1,field
"pavon, matthieu",-0.3104475459291412,2026-10-04 07:30,4.7878333333333245,39.49991666666667,0.5984791666666656,-0.03758310214285698,-0.09537826671729706,0.8782718253968249,-6.97854472621527e-17,0.3173757608730163,0.10230648166117212,field_relative_v1,field
