player_name,bookmaker,american_odds,implied_prob,simulated_win_prob,my_fair,edge,kelly,my_pred,sample
"meissner, mac",pinnacle,2230,0.04291845493562232,0.05268385714285715,1798,0.9765402207234832,25.508281550288313,0.749913151240504,43.0
"castillo, ricky",pinnacle,2563,0.03755163349605708,0.04499104761904763,2123,0.7439414122990553,19.324190216078655,0.6176271522729555,47.0
"smith, jordan",fanduel,1200,0.07692307692307693,0.08232697619047619,1115,0.5403899267399259,14.635560515872992,0.792233635357561,55.0
"brennan, michael",pinnacle,4592,0.021312872975277068,0.026965428571428574,3608,0.5652555596151507,14.439128297660533,0.937704022842294,61.0
"ventura, kristoffer",bovada,3500,0.027777777777777776,0.029086940476190468,3338,0.13091626984126914,3.3664183673469203,0.7519257961346412,37.0
"ghim, doug",bovada,8000,0.012345679012345678,0.013640999999999999,7231,0.12953209876543204,3.2787812499999944,0.9985779440720514,41.0
"coody, pierceson",pinnacle,2708,0.03561253561253561,0.03680144047619049,2617,0.11889048636548744,3.0820207322220146,0.4168248883814354,54.0
"wallace, matt",pinnacle,15652,0.0063484002031488065,0.007189285714285716,13810,0.08408855111369093,2.115644737322481,0.8326755488610488,59.0
"phillips, chandler",draftkings,70000,0.0014265335235378032,0.001987333333333333,50219,0.056079980979552996,1.4040023809523803,0.1870775639333552,37.0
"spieth, jordan",fanduel,100000,0.000999000999000999,0.0014510952380952383,68813,0.04520942390942393,1.1313658333333338,0.378163091343762,53.0
"parry, john",pinnacle,16207,0.006132335806708775,0.006574833333333334,15110,0.04424975266245582,1.1130695327122007,0.2815823953939965,47.0
"thompson, davis",draftkings,180000,0.000555247084952804,0.000646,154699,0.009075291504719593,0.22700833333333345,0.3711253145502508,41.0
"mccarty, matt",draftkings,37000,0.0026954177897574125,0.0027358333333333336,36452,0.004041554357592106,0.10131193693693827,0.2688716106285768,55.0
