player_name,accuracy,course_x,dg_id,distance,gir,great_shots,poor_shots,position,prox_fw,prox_rgh,round,scrambling,sg_app,sg_arg,sg_bs,sg_ott,sg_putt,sg_t2g,sg_total,thru,total,course_name,event_name,last_updated,img_event_key,img_round_no,img_player_id,img_team_id,img_source_player_name,img_raw_model_id,img_round_strokes,img_total_strokes,img_valid_sg_strokes,img_complete,img_sg_ott_raw,img_sg_app_raw,img_sg_arg_raw,img_sg_putt_raw,img_sg_total_raw,img_sg_ott,img_sg_app,img_sg_arg,img_sg_putt,img_sg_bs,img_sg_t2g,img_sg_total,img_adjustment_method,img_course_id,img_signal_model_id,img_sg_ott_signal,img_sg_app_signal,img_sg_arg_signal,img_sg_putt_signal,img_sg_bs_signal,img_sg_t2g_signal,img_sg_total_signal,img_signal_status,course_y,starting_tee,updated_pred_r3,sg_app_avg,sg_ott_avg,sg_arg_avg,sg_putt_avg,great_shots_avg,tot_resid_adj,tot_sg_adj,base_pred,wind_adj3,dew_adj3,r3_teetime,teetime_numeric,pos_6_10,sg_total_adj,player_wind_benefit,player_dew_benefit,residual,residual2,weather_signal,residual_w_adj,sg_ott_avg_adj,sg_putt_avg_adj,sg_app_avg_adj,sg_arg_avg_adj,pos_6_10_adj,updated_pred_r4,prior_reset_adj,total_adjustment,Score
"smotherman, austin",0.86,BD,22985,312.3,0.89,6.0,2.0,1,32.17,,-6.0,0.83,-0.47,0.92,0.92,1.39,1.33,1.84,3.17,18.0,-23.0,Black Desert Resort,Bank of Utah Championship,2026-10-04 13:28:32 UTC,pga:R2026554,3.0,50095,,Austin Smotherman,1508c67ba217af67f3cdb061f1aa76ad450fa001da500a5b815c192230ec3d31,65.0,65.0,65.0,1.0,3.259944,1.875249,1.228958,0.949848,7.313999,1.247245,-0.214134,0.871634,1.266683,1.033111,1.904745,3.171428,field_mean_by_category_hole_v1,layout:c51bd2ded3edfb99ae69f96e,ee8f96fc405027d42ded5b81d0f2ef63034eabaa72d0e289d9b5d54584e97982,0.985311271428571,-0.3232617857142859,0.7380519599544253,1.039529345920443,0.6620494857142851,1.4001014456687104,2.4396307915891535,validated_pga_2020_2024_plus_2026,,1.0,-0.3806288936613135,1.3648000000000002,1.0765,0.4646,1.825,5.0,0.0,-0.19554499999999997,-0.079627855733443,0.5986840277777777,0.0110457904761904,2026-10-03 12:35:00,1791030900000000000,0.0,3.0378141144090804,0.014280059523809618,0.011045790476190323,3.4437688580703942,11.859543947815467,1.228190371386715,2.215578486683679,0.14425100000000002,-0.219,0.0,-0.120796,0.0,-0.27517285573344297,0.30100103792787053,0.10545603792787056,65.0
"ghim, doug",1.0,BD,24550,297.3,0.83,5.0,2.0,2,24.48,,-7.0,1.0,-1.81,1.4,-0.55,1.26,3.32,0.85,4.17,18.0,-22.0,Black Desert Resort,Bank of Utah Championship,2026-10-04 13:28:32 UTC,pga:R2026554,3.0,52375,,Doug Ghim,1508c67ba217af67f3cdb061f1aa76ad450fa001da500a5b815c192230ec3d31,64.0,64.0,64.0,1.0,3.111681,0.654548,1.544135,3.003635,8.313999,1.098982,-1.434835,1.186811,3.32047,-0.335853,0.850958,4.171428,field_mean_by_category_hole_v1,layout:c51bd2ded3edfb99ae69f96e,ee8f96fc405027d42ded5b81d0f2ef63034eabaa72d0e289d9b5d54584e97982,0.837048271428571,0.4400932142857146,1.1185883107015757,2.566969560140703,1.2771414857142855,2.3957297964158615,4.9626993565565645,validated_pga_2020_2024_plus_2026,,1.0,0.7291685006164706,0.43400000000000016,1.5801,0.6376999999999999,1.7590999999999997,5.0,0.0,-0.1651605999999999,0.9140064360714898,0.5978715277777777,0.0071340904761902,2026-10-03 12:23:00,1791030180000000000,0.0,4.0378141144090804,0.013467559523809625,0.007134090476190123,3.32924726379261,11.08388734347058,-0.011299851732606357,3.3405471155252164,0.21173340000000002,-0.21109199999999995,0.0,-0.16580199999999998,0.0,0.7488458360714899,0.18483793545501914,0.019677335455019263,64.0
"crowe, trace",0.86,BD,27780,297.3,0.89,6.0,2.0,3,16.69,,-7.0,1.0,2.62,0.49,2.83,0.21,0.85,3.32,4.17,18.0,-18.0,Black Desert Resort,Bank of Utah Championship,2026-10-04 13:28:32 UTC,pga:R2026554,3.0,52514,,Trace Crowe,1508c67ba217af67f3cdb061f1aa76ad450fa001da500a5b815c192230ec3d31,64.0,64.0,64.0,1.0,1.9045,4.984695,0.872932,0.551874,8.314001,-0.108199,2.895312,0.515608,0.868709,2.787113,3.302721,4.17143,field_mean_by_category_hole_v1,layout:c51bd2ded3edfb99ae69f96e,ee8f96fc405027d42ded5b81d0f2ef63034eabaa72d0e289d9b5d54584e97982,-0.37013272857142887,2.7861842142857145,0.2932451052686433,0.5725024460535705,2.4160514857142856,2.709296590982929,3.2817990370364996,validated_pga_2020_2024_plus_2026,,1.0,-0.297266205118491,2.3329,-0.30480000000000007,-0.008300000000000057,1.0776999999999999,3.5,0.0,-0.1680092,-0.1385507257246844,0.5896215277777777,-0.0028096817460316,2026-10-03 11:35:00,1791027300000000000,0.0,4.0378141144090804,0.005217559523809534,-0.002809681746031677,4.337488197305349,18.81380386176321,0.05357137003900942,4.28391682726634,-0.04084320000000001,-0.129324,0.0,0.002158000000000015,0.0,-0.3065599257246844,0.1587154793938066,-0.009293720606193379,64.0
"james, ben",1.0,BD,29827,297.2,0.83,3.0,2.0,3,22.63,,-7.0,1.0,2.38,1.53,3.05,0.67,-0.41,4.58,4.17,18.0,-18.0,Black Desert Resort,Bank of Utah Championship,2026-10-04 13:28:32 UTC,pga:R2026554,3.0,57869,,Ben James,1508c67ba217af67f3cdb061f1aa76ad450fa001da500a5b815c192230ec3d31,64.0,64.0,64.0,1.0,2.461333,4.687108,1.91718,-0.751622,8.313999,0.448634,2.597725,1.559856,-0.434787,3.046359,4.606215,4.171428,field_mean_by_category_hole_v1,layout:c51bd2ded3edfb99ae69f96e,ee8f96fc405027d42ded5b81d0f2ef63034eabaa72d0e289d9b5d54584e97982,0.1867002714285717,2.4885972142857145,1.4711121863636483,-0.05976701142549501,2.675297485714286,4.146409672077935,4.08664266065244,validated_pga_2020_2024_plus_2026,,1.0,0.9817756626400692,0.5617,0.40270000000000006,1.3188,0.8143000000000001,5.0,0.0,-0.38664220000000005,1.06671864164131,0.5924340277777776,-0.0013068817460319,2026-10-03 11:47:00,1791028020000000000,0.0,4.0378141144090804,0.00803005952380953,-0.0013068817460319773,3.062761629546789,9.380508799424103,-0.28999964422116736,3.3527612737679564,0.05396180000000001,-0.09771600000000001,0.0,-0.342888,0.0,0.6800764416413099,0.0849429790012407,-0.30169922099875934,64.0
"streelman, kevin",0.79,BD,8480,294.2,0.94,3.0,4.0,3,25.77,,-3.0,0.25,0.81,-0.01,-0.76,-1.57,0.94,-0.76,0.17,18.0,-18.0,Black Desert Resort,Bank of Utah Championship,2026-10-04 13:28:32 UTC,pga:R2026554,3.0,27214,,Kevin Streelman,1508c67ba217af67f3cdb061f1aa76ad450fa001da500a5b815c192230ec3d31,68.0,68.0,68.0,1.0,0.425083,2.914069,0.300494,0.674354,4.314,-1.587616,0.824686,-0.05683,0.991189,-0.76293,-0.81976,0.171429,field_mean_by_category_hole_v1,layout:c51bd2ded3edfb99ae69f96e,ee8f96fc405027d42ded5b81d0f2ef63034eabaa72d0e289d9b5d54584e97982,-0.8495497285714289,0.7155582142857142,0.048350866482156196,0.8105336724244128,-0.13399151428571465,-0.08564064780355846,0.7248930246208543,validated_pga_2020_2024_plus_2026,,1.0,-0.9180216972200208,1.1564999999999999,-0.2829999999999999,0.3926,1.7913999999999999,5.5,0.0,-0.35496599999999995,-0.5519862261614885,0.5986840277777777,0.0110457904761904,2026-10-03 12:35:00,1791030900000000000,0.0,0.03781411440908067,0.014280059523809618,0.011045790476190323,0.9811616616291015,0.9626782062507794,1.228190371386715,-0.2470287097576136,-0.03792199999999999,-0.21496799999999996,0.0,-0.102076,0.0,-0.9069522261614884,0.3660354710585323,0.011069471058532399,68.0
"keefer, johnny",0.86,BD,32457,310.3,0.89,6.0,1.0,6,25.16,,-9.0,1.0,2.02,-0.32,2.91,0.89,3.58,2.59,6.17,18.0,-17.0,Black Desert Resort,Bank of Utah Championship,2026-10-04 13:28:32 UTC,pga:R2026554,3.0,63454,,Johnny Keefer,1508c67ba217af67f3cdb061f1aa76ad450fa001da500a5b815c192230ec3d31,62.0,62.0,62.0,1.0,3.045037,4.105153,-0.074438,3.238248,10.314,1.032338,2.01577,-0.431762,3.555083,3.048108,2.616346,6.171429,field_mean_by_category_hole_v1,layout:c51bd2ded3edfb99ae69f96e,ee8f96fc405027d42ded5b81d0f2ef63034eabaa72d0e289d9b5d54584e97982,0.7704042714285708,1.9066422142857138,-0.2948955936510629,3.120387668570655,2.6770464857142846,2.3821508920632217,5.502538560633877,validated_pga_2020_2024_plus_2026,,1.0,0.4902264749725663,0.6406,1.5368000000000002,0.4126000000000001,0.19419999999999993,4.5,0.0,0.13513399999999998,0.362106791315966,0.5731187499999999,-0.0023075206349203,2026-10-03 10:47:00,1791024420000000000,1.0,6.0378141144090804,-0.011285218253968221,-0.002307520634920377,5.533994900547626,30.625099559287126,-0.2303336267074615,5.7643285272550875,0.23052,0.0,0.0,-0.04538600000000001,-0.05,0.497240791315966,-0.12811968365660026,0.007014316343399718,62.0
"jaeger, stephan",0.79,BD,16394,289.9,0.72,3.0,5.0,6,25.89,,-3.0,0.86,-1.28,3.26,-2.22,-0.94,-0.87,1.04,0.17,18.0,-17.0,Black Desert Resort,Bank of Utah Championship,2026-10-04 13:28:32 UTC,pga:R2026554,3.0,36799,,Stephan Jaeger,1508c67ba217af67f3cdb061f1aa76ad450fa001da500a5b815c192230ec3d31,68.0,68.0,68.0,1.0,1.1045,0.669263,3.749458,-1.209224,4.313997,-0.908199,-1.42012,3.392134,-0.892389,-2.328319,1.063815,0.171426,field_mean_by_category_hole_v1,layout:c51bd2ded3edfb99ae69f96e,ee8f96fc405027d42ded5b81d0f2ef63034eabaa72d0e289d9b5d54584e97982,-1.170132728571429,-0.4902197857142858,2.5240173870890903,-0.5548330018257788,-1.6603525142857147,0.8636648728033756,0.3088318709775968,validated_pga_2020_2024_plus_2026,,1.0,-0.292277039900128,1.7130999999999998,-0.40539999999999987,1.2767,0.14310000000000012,5.0,0.0,-0.251247,-0.0718491293056922,0.5978715277777777,0.0071340904761902,2026-10-03 12:23:00,1791030180000000000,1.0,0.03781411440908067,0.013467559523809625,0.007134090476190123,0.3506928043092084,0.12298544299425675,-0.011299851732606357,0.36199265604181474,-0.060809999999999975,0.0,0.0,-0.140437,-0.05,-0.3230961293056922,0.22042791059443578,-0.030819089405564215,68.0
"fisk, steven",0.79,BD,26657,302.7,0.94,4.0,2.0,6,19.64,,-4.0,1.0,1.36,-0.21,2.12,0.76,-0.74,1.91,1.17,18.0,-17.0,Black Desert Resort,Bank of Utah Championship,2026-10-04 13:28:32 UTC,pga:R2026554,3.0,57123,,Steven Fisk,1508c67ba217af67f3cdb061f1aa76ad450fa001da500a5b815c192230ec3d31,67.0,67.0,67.0,1.0,2.592924,3.697495,0.073667,-1.050085,5.314001,0.580225,1.608112,-0.283657,-0.73325,2.188337,1.90468,1.17143,field_mean_by_category_hole_v1,layout:c51bd2ded3edfb99ae69f96e,ee8f96fc405027d42ded5b81d0f2ef63034eabaa72d0e289d9b5d54584e97982,0.31829127142857105,1.4989842142857137,-0.1364996316137648,-0.7280704602612038,1.8172754857142848,1.68077585410052,0.9527053938393162,validated_pga_2020_2024_plus_2026,,1.0,0.1253841771222458,0.8023,1.1626,0.04080000000000002,0.7318,3.5,0.0,0.11990200000000002,0.1086096401706609,0.5978715277777777,0.0071340904761902,2026-10-03 12:23:00,1791030180000000000,1.0,1.0378141144090807,0.013467559523809625,0.007134090476190123,0.9330315872868346,0.8705479428749899,-0.011299851732606357,0.9443314390194409,0.17439000000000002,0.0,0.0,-0.0044880000000000015,-0.05,0.22851164017066092,-0.016774536951584915,0.10312746304841511,67.0
"ford, david",0.86,BD,31343,303.2,0.83,5.0,2.0,9,24.3,13.67,-6.0,0.71,1.38,-0.79,2.59,1.21,1.36,1.81,3.17,18.0,-16.0,Black Desert Resort,Bank of Utah Championship,2026-10-04 13:28:32 UTC,pga:R2026554,3.0,65256,,David Ford,1508c67ba217af67f3cdb061f1aa76ad450fa001da500a5b815c192230ec3d31,65.0,65.0,65.0,1.0,2.88275,3.806386,-0.314997,0.939859,7.313998,0.870051,1.717003,-0.672321,1.256694,2.587054,1.914733,3.171427,field_mean_by_category_hole_v1,layout:c51bd2ded3edfb99ae69f96e,ee8f96fc405027d42ded5b81d0f2ef63034eabaa72d0e289d9b5d54584e97982,0.6081172714285716,1.6078752142857136,-0.5566017006554607,1.1681900083090881,2.215992485714285,1.6593907850588245,2.827580793367913,validated_pga_2020_2024_plus_2026,,1.0,-0.1541325919747455,0.9642,0.8602,-0.017799999999999983,0.6208,4.0,0.0,0.08098799999999996,-0.1523498113846017,0.5824965277777776,-0.0036936817460315,2026-10-03 11:11:00,1791025860000000000,1.0,3.0378141144090804,-0.001907440476190514,-0.003693681746031577,3.1863455841616033,10.15279818170615,0.1853683615435433,3.0009772226180598,0.12902999999999998,0.0,0.0,0.001957999999999998,-0.05,-0.07136181138460175,0.0017827805901437788,0.08277078059014374,65.0
"ewart, a.j.",0.86,BD,21883,287.9,0.89,3.0,1.0,9,25.77,,-6.0,0.75,0.85,0.53,0.9,0.05,1.74,1.43,3.17,18.0,-16.0,Black Desert Resort,Bank of Utah Championship,2026-10-04 13:28:32 UTC,pga:R2026554,3.0,50286,,A.J. Ewart,1508c67ba217af67f3cdb061f1aa76ad450fa001da500a5b815c192230ec3d31,65.0,65.0,65.0,1.0,1.563541,3.645453,0.799704,1.3053,7.313998,-0.449158,1.55607,0.44238,1.622135,1.106912,1.549292,3.171427,field_mean_by_category_hole_v1,layout:c51bd2ded3edfb99ae69f96e,ee8f96fc405027d42ded5b81d0f2ef63034eabaa72d0e289d9b5d54584e97982,-0.7110917285714289,1.4469422142857145,0.4221671143684304,1.3146998628662625,0.7358504857142856,1.158017600082716,2.4727174629489785,validated_pga_2020_2024_plus_2026,,1.0,-0.3745327091677504,0.09759999999999999,-0.21730000000000002,0.27259999999999995,2.2779,3.5,0.0,-0.112581,-0.3078585300151802,0.5863090277777777,-0.0036052817460316,2026-10-03 11:23:00,1791026580000000000,1.0,3.0378141144090804,0.0019050595238095935,-0.003605281746031677,3.410646601354609,11.632510239331745,0.2603181832439829,3.150328418110626,-0.032595,0.0,0.0,-0.029985999999999995,-0.05,-0.4204395300151802,0.06667417915257018,-0.04590682084742981,65.0
"kirk, chris",0.93,BD,12423,299.1,0.89,1.0,2.0,9,23.09,45.92,-5.0,0.8,0.5,0.18,1.44,0.94,0.55,1.62,2.17,18.0,-16.0,Black Desert Resort,Bank of Utah Championship,2026-10-04 13:28:32 UTC,pga:R2026554,3.0,30926,,Chris Kirk,1508c67ba217af67f3cdb061f1aa76ad450fa001da500a5b815c192230ec3d31,66.0,66.0,66.0,1.0,2.669,2.866566,0.610537,0.167894,6.313997,0.656301,0.777183,0.253213,0.484729,1.433484,1.686697,2.171426,field_mean_by_category_hole_v1,layout:c51bd2ded3edfb99ae69f96e,ee8f96fc405027d42ded5b81d0f2ef63034eabaa72d0e289d9b5d54584e97982,0.3943672714285711,0.6680552142857143,0.36791811932390545,0.5140569722573866,1.0624224857142854,1.4303406050381908,1.9443975772955775,validated_pga_2020_2024_plus_2026,,1.0,0.1516054161122405,1.5659,0.3064,-0.1335,0.6787000000000001,3.5,0.0,0.010645000000000002,0.3105494017034781,0.5947465277777777,0.000903118253968,2026-10-03 11:59:00,1791028740000000000,1.0,2.0378141144090804,0.01034255952380958,0.0009031182539679228,1.8974543760746174,3.6003331092847155,-0.557359055376516,2.454813431451133,0.04596,0.0,0.0,0.014685,-0.05,0.3211944017034781,0.15894398559123762,0.16958898559123764,66.0
"shipley, neal",0.93,BD,32055,307.6,0.67,3.0,2.0,9,29.06,,-4.0,0.56,-0.32,-0.71,1.38,1.69,0.5,0.67,1.17,18.0,-16.0,Black Desert Resort,Bank of Utah Championship,2026-10-04 13:28:32 UTC,pga:R2026554,3.0,63807,,Neal Shipley,1508c67ba217af67f3cdb061f1aa76ad450fa001da500a5b815c192230ec3d31,67.0,67.0,67.0,1.0,3.576534,1.605309,-0.112969,0.245125,5.313999,1.563835,-0.484074,-0.470293,0.56196,1.079761,0.609468,1.171428,field_mean_by_category_hole_v1,layout:c51bd2ded3edfb99ae69f96e,ee8f96fc405027d42ded5b81d0f2ef63034eabaa72d0e289d9b5d54584e97982,1.3019012714285716,-0.593201785714286,-0.3733708690567582,0.6297036888939361,0.7086994857142856,0.33532861665752745,0.9650323055514636,validated_pga_2020_2024_plus_2026,,1.0,0.1255324393838006,1.9834,1.2279999999999998,-0.3040999999999999,-0.5065,5.0,0.0,0.16765099999999994,0.2455442066862919,0.5965590277777776,0.0037527904761904,2026-10-03 12:11:00,1791029460000000000,1.0,1.0378141144090807,0.012155059523809464,0.0037527904761903226,0.9281895250252798,0.8615357943666546,-0.5354710592670061,1.463660584292286,0.18419999999999995,-0.0,0.0,0.033450999999999995,-0.05,0.41319520668629184,0.1200117673024913,0.28766276730249124,67.0
"hoey, rico",0.93,BD,23504,301.2,0.83,5.0,3.0,13,17.6,,-6.0,0.71,2.28,0.38,3.12,0.84,-0.32,3.49,3.17,18.0,-15.0,Black Desert Resort,Bank of Utah Championship,2026-10-04 13:28:32 UTC,pga:R2026554,3.0,51696,,Rico Hoey,1508c67ba217af67f3cdb061f1aa76ad450fa001da500a5b815c192230ec3d31,65.0,65.0,65.0,1.0,2.597194,4.412346,0.919765,-0.615304,7.314001,0.584495,2.322963,0.562441,-0.298469,2.907458,3.469899,3.17143,field_mean_by_category_hole_v1,layout:c51bd2ded3edfb99ae69f96e,ee8f96fc405027d42ded5b81d0f2ef63034eabaa72d0e289d9b5d54584e97982,0.32256127142857105,2.2138352142857145,0.582540417840385,-0.47764203657515014,2.5363964857142856,3.118936903554671,2.6412948669795204,validated_pga_2020_2024_plus_2026,,1.0,0.3412248230433137,0.6893999999999999,1.1106,-0.012700000000000017,0.3103,3.5,0.0,0.167987,0.2810485992829282,0.5602937499999999,-0.0012909206349205,2026-10-03 10:23:00,1791022980000000000,0.0,3.0378141144090804,-0.024110218253968196,-0.0012909206349205771,2.6711881524768777,7.135246145932835,0.3058573765673298,2.365330775909548,0.16659,0.0,0.0,0.0013970000000000018,-0.0,0.4490355992829282,-0.060176223760385505,0.10781077623961449,65.0
"ventura, kristoffer",0.93,BD,15651,295.8,0.83,3.0,1.0,13,29.75,,-6.0,0.6,-0.45,0.51,0.03,0.48,2.63,0.54,3.17,18.0,-15.0,Black Desert Resort,Bank of Utah Championship,2026-10-04 13:28:32 UTC,pga:R2026554,3.0,35658,,Kristoffer Ventura,1508c67ba217af67f3cdb061f1aa76ad450fa001da500a5b815c192230ec3d31,65.0,65.0,65.0,1.0,2.204,1.952414,0.841562,2.316023,7.313999,0.191301,-0.136969,0.484238,2.632858,0.054332,0.53857,3.171428,field_mean_by_category_hole_v1,layout:c51bd2ded3edfb99ae69f96e,ee8f96fc405027d42ded5b81d0f2ef63034eabaa72d0e289d9b5d54584e97982,-0.07063272857142877,-0.24609678571428573,0.5055469047853915,2.220128874827033,-0.3167295142857145,0.18881739049967705,2.40894626532671,validated_pga_2020_2024_plus_2026,,1.0,0.3518043463719395,0.7050000000000001,0.7869,0.675,-0.07270000000000021,3.0,0.0,0.04378499999999999,0.3714654679350667,0.5671562499999999,-0.0017108206349203,2026-10-03 10:35:00,1791023700000000000,0.0,3.0378141144090804,-0.017247718253968203,-0.0017108206349203772,2.667051229148252,7.113162258901203,-0.17919695786023754,2.8462481870084897,0.118035,-0.0,0.0,-0.07425000000000001,-0.0,0.4152504679350667,0.01966112156312716,0.06344612156312718,65.0
"sargent, gordon",0.93,BD,30814,297.8,0.89,2.0,2.0,13,27.84,12.96,-5.0,0.75,1.61,-0.17,2.37,0.76,-0.03,2.21,2.17,18.0,-15.0,Black Desert Resort,Bank of Utah Championship,2026-10-04 13:28:32 UTC,pga:R2026554,3.0,64442,,Gordon Sargent,1508c67ba217af67f3cdb061f1aa76ad450fa001da500a5b815c192230ec3d31,66.0,66.0,66.0,1.0,2.573611,4.097046,0.139114,-0.495773,6.313998,0.560912,2.007663,-0.21821,-0.178938,2.568575,2.350365,2.171427,field_mean_by_category_hole_v1,layout:c51bd2ded3edfb99ae69f96e,ee8f96fc405027d42ded5b81d0f2ef63034eabaa72d0e289d9b5d54584e97982,0.2989782714285716,1.898535214285714,-0.13455414809563362,-0.2539725177711294,2.1975134857142855,2.062959337618652,1.8089868198475225,validated_pga_2020_2024_plus_2026,,1.0,-0.4958687943734793,1.0622,0.3772,-0.0974,0.7488,5.0,0.0,0.06729399999999999,-0.3583233962787415,0.5863090277777777,-0.0036052817460316,2026-10-03 11:23:00,1791026580000000000,0.0,2.0378141144090804,0.0019050595238095935,-0.003605281746031677,2.5319826865603376,6.410936325041305,0.2603181832439829,2.2716645033163547,0.05657999999999999,0.0,0.0,0.010714,-0.0,-0.29102939627874147,0.13754539809473781,0.20483939809473783,66.0
"kohles, ben",0.93,BD,16395,289.0,0.83,2.0,3.0,16,24.94,117.09,-5.0,0.83,1.56,-0.69,1.94,0.38,0.92,1.25,2.17,18.0,-14.0,Black Desert Resort,Bank of Utah Championship,2026-10-04 13:28:32 UTC,pga:R2026554,3.0,36884,,Ben Kohles,1508c67ba217af67f3cdb061f1aa76ad450fa001da500a5b815c192230ec3d31,66.0,66.0,66.0,1.0,2.180424,3.772634,-0.165579,0.526518,6.313997,0.167725,1.683251,-0.522903,0.843353,1.850976,1.328073,2.171426,field_mean_by_category_hole_v1,layout:c51bd2ded3edfb99ae69f96e,ee8f96fc405027d42ded5b81d0f2ef63034eabaa72d0e289d9b5d54584e97982,-0.09420872857142903,1.5741232142857142,-0.41552436106559865,0.8043575533853634,1.4799144857142852,1.0643901246486864,1.8687476780340497,validated_pga_2020_2024_plus_2026,,1.0,0.4273247113456454,0.6426,0.11600000000000005,0.7422000000000001,0.25339999999999996,3.5,0.0,-0.064242,0.4768403273412122,0.5671562499999999,-0.0017108206349203,2026-10-03 10:35:00,1791023700000000000,0.0,2.0378141144090804,-0.017247718253968203,-0.0017108206349203772,1.5915308641745465,2.5329704916201785,-0.17919695786023754,1.770727822034784,0.017400000000000006,0.0,0.0,-0.081642,-0.0,0.41259832734121216,0.04951561599556675,-0.014726384004433268,66.0
"akina, kihei",0.93,BD,32652,300.8,0.83,1.0,1.0,16,23.3,36.14,-6.0,1.0,0.94,0.07,2.18,1.24,0.92,2.25,3.17,18.0,-14.0,Black Desert Resort,Bank of Utah Championship,2026-10-04 13:28:32 UTC,pga:R2026554,3.0,67118,,Kihei Akina,1508c67ba217af67f3cdb061f1aa76ad450fa001da500a5b815c192230ec3d31,65.0,65.0,65.0,1.0,3.099581,3.348557,0.418521,0.447338,7.313997,1.086882,1.259174,0.061197,0.764173,2.346056,2.407253,3.171426,field_mean_by_category_hole_v1,layout:c51bd2ded3edfb99ae69f96e,ee8f96fc405027d42ded5b81d0f2ef63034eabaa72d0e289d9b5d54584e97982,0.8249482714285712,1.1500462142857142,0.1693733363080026,0.8367296534101474,1.9749944857142854,2.144367822022288,2.9810974754324353,validated_pga_2020_2024_plus_2026,,1.0,-1.0694144596667632,0.09849999999999998,1.1311,0.007300000000000067,0.5306,2.5,0.0,0.16886199999999998,-1.0929929963219422,0.57818125,-0.0030810206349203,2026-10-03 10:59:00,1791025140000000000,0.0,3.0378141144090804,-0.00622271825396814,-0.0030810206349203774,4.097924835186955,16.792987954842033,-0.04349704767323648,4.141421882860191,0.16966499999999998,0.0,0.0,-0.0008030000000000074,-0.0,-0.9241309963219423,-0.02357853665517906,0.1452834633448209,65.0
"vanderlaan, john",1.0,BD,25319,293.5,0.89,5.0,3.0,16,20.58,,-3.0,0.33,2.75,-0.16,3.37,0.62,-3.04,3.21,0.17,18.0,-14.0,Black Desert Resort,Bank of Utah Championship,2026-10-04 13:28:32 UTC,pga:R2026554,3.0,55573,,John VanDerLaan,1508c67ba217af67f3cdb061f1aa76ad450fa001da500a5b815c192230ec3d31,68.0,68.0,68.0,1.0,2.4005,4.933333,0.204764,-3.224597,4.314,0.387801,2.84395,-0.15256,-2.907762,3.231751,3.079191,0.171429,field_mean_by_category_hole_v1,layout:c51bd2ded3edfb99ae69f96e,ee8f96fc405027d42ded5b81d0f2ef63034eabaa72d0e289d9b5d54584e97982,0.12586727142857113,2.7348222142857144,-0.053410275180931444,-2.733100673949255,2.8606894857142855,2.807279210533354,0.07417853658409923,validated_pga_2020_2024_plus_2026,,1.0,-0.5053633232628405,1.5686,-0.20500000000000002,0.4538,-0.07989999999999986,3.5,0.0,-0.08066799999999999,-0.3710529363272226,0.5896215277777777,-0.0028096817460316,2026-10-03 11:35:00,1791027300000000000,0.0,0.03781411440908067,0.005217559523809534,-0.002809681746031677,0.545585315449699,0.29766333643434756,0.05357137003900942,0.4920139454106896,-0.03075,-0.0,0.0,-0.049918,-0.0,-0.45172093632722254,0.13431038693561792,0.05364238693561796,68.0
"lipsky, david",0.93,BD,15980,289.6,0.72,4.0,6.0,16,25.52,,-3.0,0.6,1.37,1.43,0.51,-0.86,-1.76,1.93,0.17,18.0,-14.0,Black Desert Resort,Bank of Utah Championship,2026-10-04 13:28:32 UTC,pga:R2026554,3.0,36326,,David Lipsky,1508c67ba217af67f3cdb061f1aa76ad450fa001da500a5b815c192230ec3d31,68.0,68.0,68.0,1.0,0.9095,3.625987,1.803666,-2.025152,4.314001,-1.103199,1.536604,1.446342,-1.708317,0.433405,1.879747,0.17143,field_mean_by_category_hole_v1,layout:c51bd2ded3edfb99ae69f96e,ee8f96fc405027d42ded5b81d0f2ef63034eabaa72d0e289d9b5d54584e97982,-0.4181327285714287,1.427476214285714,1.1031289813366876,-1.4533911343557808,1.0093434857142853,2.112472467050973,0.6590813326951921,validated_pga_2020_2024_plus_2026,,1.0,-0.660885688446344,1.2083,-0.5498000000000001,1.2386,-0.1561999999999999,3.5,0.0,-0.21871600000000002,-0.5549663407481865,0.5924340277777776,-0.0013068817460319,2026-10-03 11:47:00,1791028020000000000,0.0,0.03781411440908067,0.00803005952380953,-0.0013068817460319773,0.7054229806332022,0.49762158160543113,-0.28999964422116736,0.9954226248543696,-0.08247,-0.0,0.0,-0.136246,-0.0,-0.7736823407481865,0.10591934769815747,-0.11279665230184255,68.0
"roy, kevin",0.86,BD,18424,296.0,0.56,0.0,3.0,16,27.48,87.27,2.0,0.78,-4.3,0.22,-4.07,0.23,-0.97,-3.86,-4.83,18.0,-14.0,Black Desert Resort,Bank of Utah Championship,2026-10-04 13:28:32 UTC,pga:R2026554,3.0,39335,,Kevin Roy,1508c67ba217af67f3cdb061f1aa76ad450fa001da500a5b815c192230ec3d31,73.0,73.0,73.0,1.0,1.851,-2.039876,0.669856,-1.166978,-0.685998,-0.161699,-4.129259,0.312532,-0.850143,-4.290958,-3.978426,-4.828569,field_mean_by_category_hole_v1,layout:c51bd2ded3edfb99ae69f96e,ee8f96fc405027d42ded5b81d0f2ef63034eabaa72d0e289d9b5d54584e97982,-0.423632728571429,-3.238386785714286,0.21810443303645688,-0.3836981803972239,-3.662019514285715,-3.443915081249258,-3.8276132616464817,validated_pga_2020_2024_plus_2026,,1.0,0.2268942002483656,-0.30369999999999986,0.7546999999999999,0.45760000000000006,0.7790000000000002,5.5,0.0,0.06286899999999998,0.357931464389108,0.5986840277777777,0.0110457904761904,2026-10-03 12:35:00,1791030900000000000,0.0,-4.9621858855909196,0.014280059523809618,0.011045790476190323,-5.163754235839285,26.664357808148157,1.228190371386715,-6.391944607226,0.11320499999999999,0.0,-0.0,-0.050336000000000006,-0.0,0.420800464389108,0.1310372641407424,0.1939062641407424,73.0
"homa, max",0.79,BD,17538,296.1,0.78,3.0,0.0,21,23.66,104.06,-4.0,0.71,0.07,-0.19,0.19,0.12,1.17,-0.0,1.17,18.0,-13.0,Black Desert Resort,Bank of Utah Championship,2026-10-04 13:28:32 UTC,pga:R2026554,3.0,39977,,Max Homa,1508c67ba217af67f3cdb061f1aa76ad450fa001da500a5b815c192230ec3d31,67.0,67.0,67.0,1.0,1.841222,2.339804,0.271961,0.861014,5.314001,-0.171477,0.250421,-0.085363,1.177849,0.078944,-0.006419,1.17143,field_mean_by_category_hole_v1,layout:c51bd2ded3edfb99ae69f96e,ee8f96fc405027d42ded5b81d0f2ef63034eabaa72d0e289d9b5d54584e97982,-0.43341072857142904,0.14129321428571417,0.0021087416769074996,0.9053613699415854,-0.29211751428571486,-0.29000877260880736,0.615352597332778,validated_pga_2020_2024_plus_2026,,1.0,0.2374641893539235,0.5452,0.49950000000000006,-0.1636,0.5330999999999999,5.0,0.0,0.10382100000000001,0.1963912243556738,0.5731187499999999,-0.0023075206349203,2026-10-03 10:47:00,1791024420000000000,0.0,1.0378141144090807,-0.011285218253968221,-0.002307520634920377,0.7867571861662686,0.6189868699842646,-0.2303336267074615,1.0170908128737302,0.074925,0.0,0.027260000000000003,0.001636,0.0,0.3002122243556738,-0.041072964998249695,0.0627480350017503,67.0
"yellamaraju, sudarshan",1.0,BD,29925,317.1,0.78,4.0,2.0,21,26.32,,-3.0,0.57,-0.88,-0.3,1.47,2.35,-1.0,1.17,0.17,18.0,-13.0,Black Desert Resort,Bank of Utah Championship,2026-10-04 13:28:32 UTC,pga:R2026554,3.0,60386,,Sudarshan Yellamaraju,1508c67ba217af67f3cdb061f1aa76ad450fa001da500a5b815c192230ec3d31,68.0,68.0,68.0,1.0,4.217709,1.225724,0.122981,-1.252415,4.313999,2.20501,-0.863659,-0.234343,-0.93558,1.341351,1.107008,0.171428,field_mean_by_category_hole_v1,layout:c51bd2ded3edfb99ae69f96e,ee8f96fc405027d42ded5b81d0f2ef63034eabaa72d0e289d9b5d54584e97982,1.9430762714285712,-0.9727867857142858,-0.19485164833589652,-0.719971587331558,0.9702894857142854,0.7754378373783889,0.05546625004683092,validated_pga_2020_2024_plus_2026,,1.0,-0.1063610733242902,0.05060000000000009,1.3303,0.14880000000000004,-0.12219999999999995,5.0,0.0,0.20058700000000002,-0.1220052599232442,0.5824965277777776,-0.0036936817460315,2026-10-03 11:11:00,1791025860000000000,0.0,0.03781411440908067,-0.001907440476190514,-0.003693681746031577,0.1385740655111488,0.019202771632288156,0.1853683615435433,-0.04679429603239452,0.199545,-0.0,0.0025300000000000045,-0.0014880000000000004,0.0,0.07858174007675582,-0.015644186598953988,0.184942813401046,68.0
"suber, jackson",0.86,BD,29279,296.4,0.72,2.0,7.0,21,28.37,29.35,-2.0,0.57,0.93,0.06,1.28,0.36,-2.17,1.34,-0.83,18.0,-13.0,Black Desert Resort,Bank of Utah Championship,2026-10-04 13:28:32 UTC,pga:R2026554,3.0,60019,,Jackson Suber,1508c67ba217af67f3cdb061f1aa76ad450fa001da500a5b815c192230ec3d31,69.0,69.0,69.0,1.0,2.578556,3.21935,-0.036352,-2.447553,3.314001,0.565857,1.129967,-0.393676,-2.130718,1.695824,1.302148,-0.82857,field_mean_by_category_hole_v1,layout:c51bd2ded3edfb99ae69f96e,ee8f96fc405027d42ded5b81d0f2ef63034eabaa72d0e289d9b5d54584e97982,0.3039232714285709,1.0208392142857141,-0.41120906387206335,-1.951358296927743,1.324762485714285,0.9135534218422217,-1.0378048750855213,validated_pga_2020_2024_plus_2026,,1.0,0.5804041104971048,1.2567000000000002,0.42600000000000005,0.10949999999999994,-0.3945999999999999,3.0,0.0,0.12564,0.6786940434572498,0.5947465277777777,0.000903118253968,2026-10-03 11:59:00,1791028740000000000,0.0,-0.9621858855909193,0.01034255952380958,0.0009031182539679228,-1.5313443183102466,2.345015421221074,-0.557359055376516,-0.9739852629337307,0.0639,-0.0,0.06283500000000002,-0.0010949999999999994,0.0,0.8043340434572498,0.09828993296014499,0.22392993296014496,69.0
"bauchou, zach",1.0,BD,19846,301.7,0.78,3.0,3.0,21,25.51,,-2.0,0.5,0.33,-1.55,1.54,1.22,-0.82,-0.0,-0.83,18.0,-13.0,Black Desert Resort,Bank of Utah Championship,2026-10-04 13:28:32 UTC,pga:R2026554,3.0,48001,,Zach Bauchou,1508c67ba217af67f3cdb061f1aa76ad450fa001da500a5b815c192230ec3d31,69.0,69.0,69.0,1.0,3.025886,2.580075,-1.097622,-1.19434,3.313999,1.013187,0.490692,-1.454946,-0.877505,1.503879,0.048933,-0.828572,field_mean_by_category_hole_v1,layout:c51bd2ded3edfb99ae69f96e,ee8f96fc405027d42ded5b81d0f2ef63034eabaa72d0e289d9b5d54584e97982,0.7512532714285709,0.3815642142857145,-1.3405514264716174,-0.8122372888267095,1.1328174857142854,-0.20773394075733198,-1.0199712295840415,validated_pga_2020_2024_plus_2026,,1.0,0.2549962650574721,0.6732,0.6226999999999999,-0.1738999999999999,0.27890000000000004,3.0,0.0,0.12880399999999997,0.3311444837699574,0.5965590277777776,0.0037527904761904,2026-10-03 12:11:00,1791029460000000000,0.0,-0.9621858855909193,0.012155059523809464,0.0037527904761903226,-1.2012743006483917,1.4430599453982826,-0.5354710592670061,-0.6658032413813856,0.09340499999999999,0.0,0.03366,0.001738999999999999,0.0,0.4599484837699574,0.07614821871248534,0.2049522187124853,69.0
"power, seamus",1.0,BD,10104,293.5,0.78,3.0,2.0,21,35.28,4.29,-7.0,1.0,-0.49,0.6,0.26,0.75,3.31,0.86,4.17,18.0,-13.0,Black Desert Resort,Bank of Utah Championship,2026-10-04 13:28:32 UTC,pga:R2026554,3.0,28252,,Seamus Power,1508c67ba217af67f3cdb061f1aa76ad450fa001da500a5b815c192230ec3d31,64.0,64.0,64.0,1.0,2.487924,1.790566,0.965137,3.070375,8.314002,0.475225,-0.298817,0.607813,3.38721,0.176408,0.784221,4.171431,field_mean_by_category_hole_v1,layout:c51bd2ded3edfb99ae69f96e,ee8f96fc405027d42ded5b81d0f2ef63034eabaa72d0e289d9b5d54584e97982,0.21329127142857107,-0.4079447857142857,0.564289403832982,3.070596833285177,-0.19465351428571465,0.36963588954726734,3.4402327228324445,validated_pga_2020_2024_plus_2026,,1.0,0.017158348567664,-1.8001,0.6576,0.7551,1.8316,4.5,0.0,0.0010839999999999895,0.0079091670796592,0.5986840277777777,0.0110457904761904,2026-10-03 12:35:00,1791030900000000000,0.0,4.0378141144090804,0.014280059523809618,0.011045790476190323,4.045981615841416,16.36996723572672,1.228190371386715,2.8177912444547015,0.09863999999999999,0.0,-0.090005,-0.007551,0.0,0.008993167079659189,-0.0092491814880048,-0.00816518148800481,64.0
"kanaya, takumi",0.86,BD,19729,285.5,0.83,3.0,1.0,26,33.52,33.91,-4.0,0.83,-0.86,1.44,-1.36,-0.5,1.1,0.07,1.17,18.0,-12.0,Black Desert Resort,Bank of Utah Championship,2026-10-04 13:28:32 UTC,pga:R2026554,3.0,47917,,Takumi Kanaya,1508c67ba217af67f3cdb061f1aa76ad450fa001da500a5b815c192230ec3d31,67.0,67.0,67.0,1.0,1.3655,1.369932,1.821847,0.75672,5.313999,-0.647199,-0.719451,1.464523,1.073555,-1.36665,0.097873,1.171428,field_mean_by_category_hole_v1,layout:c51bd2ded3edfb99ae69f96e,ee8f96fc405027d42ded5b81d0f2ef63034eabaa72d0e289d9b5d54584e97982,-0.9091327285714288,-0.8285787857142861,1.3193749672498614,1.0616168644385495,-1.737711514285715,-0.41833654703585355,0.643280317402696,validated_pga_2020_2024_plus_2026,,1.0,-0.2546738860671526,0.33130000000000004,0.061,0.40379999999999994,0.2948,3.0,0.0,0.021677000000000002,-0.1475783850549043,0.5602937499999999,-0.0012909206349205,2026-10-03 10:23:00,1791022980000000000,0.0,1.0378141144090807,-0.024110218253968196,-0.0012909206349205771,1.2670868615873447,1.6055091148072669,0.3058573765673298,0.9612294850200149,0.00915,0.0,0.016565000000000003,-0.004037999999999999,0.0,-0.1259013850549043,0.10709550101224827,0.12877250101224827,67.0
"riley, davis",0.93,BD,19872,292.2,0.78,4.0,2.0,26,30.1,,-3.0,0.57,-0.9,-0.57,-0.83,0.07,1.56,-1.39,0.17,18.0,-12.0,Black Desert Resort,Bank of Utah Championship,2026-10-04 13:28:32 UTC,pga:R2026554,3.0,47995,,Davis Riley,1508c67ba217af67f3cdb061f1aa76ad450fa001da500a5b815c192230ec3d31,68.0,68.0,68.0,1.0,1.879,1.225422,-0.141013,1.350589,4.313998,-0.133699,-0.863961,-0.498337,1.667424,-0.99766,-1.495997,0.171427,field_mean_by_category_hole_v1,layout:c51bd2ded3edfb99ae69f96e,ee8f96fc405027d42ded5b81d0f2ef63034eabaa72d0e289d9b5d54584e97982,-0.39563272857142917,-0.9730887857142858,-0.3978171210891776,1.0583256961911505,-1.368721514285715,-1.7665386353748926,-0.7082129391837422,validated_pga_2020_2024_plus_2026,,1.0,-1.0546152614424658,0.4167,-0.5207,-0.8571,2.0319000000000003,4.0,0.0,-0.048699,-0.9267122537744256,0.5671562499999999,-0.0017108206349203,2026-10-03 10:35:00,1791023700000000000,0.0,0.03781411440908067,-0.017247718253968203,-0.0017108206349203772,1.073470836962658,1.1523396378093094,-0.17919695786023754,1.2526677948228955,-0.07810500000000001,0.0,0.020835000000000003,0.008571,0.0,-0.9754112537744256,0.1279030076680402,0.07920400766804014,68.0
"horschel, billy",0.93,BD,11276,291.9,0.78,1.0,2.0,26,23.65,,-3.0,0.71,0.64,-0.45,0.88,0.24,-0.25,0.42,0.17,18.0,-12.0,Black Desert Resort,Bank of Utah Championship,2026-10-04 13:28:32 UTC,pga:R2026554,3.0,29420,,Billy Horschel,1508c67ba217af67f3cdb061f1aa76ad450fa001da500a5b815c192230ec3d31,68.0,68.0,68.0,1.0,2.065,2.792947,0.231562,-0.775511,4.313998,0.052301,0.703564,-0.125762,-0.458676,0.755865,0.630103,0.171427,field_mean_by_category_hole_v1,layout:c51bd2ded3edfb99ae69f96e,ee8f96fc405027d42ded5b81d0f2ef63034eabaa72d0e289d9b5d54584e97982,-0.20963272857142856,0.5944362142857136,0.002682503540020642,-0.35674294938055495,0.384803485714285,0.38748598925430566,0.03074303987375071,validated_pga_2020_2024_plus_2026,,1.0,0.1214657423754526,0.17800000000000005,-0.5223000000000001,0.6852,0.7400000000000001,4.0,0.0,-0.076297,0.2504204180863945,0.5731187499999999,-0.0023075206349203,2026-10-03 10:47:00,1791024420000000000,0.0,0.03781411440908067,-0.011285218253968221,-0.002307520634920377,-0.09724436685526053,0.009456466885080492,-0.2303336267074615,0.13308925985220096,-0.07834500000000001,0.0,0.008900000000000003,-0.0068520000000000005,0.0,0.17412341808639448,0.12895467571094188,0.052657675710941876,68.0
"walker, danny",0.79,BD,25003,301.3,0.83,3.0,1.0,26,27.28,31.8,-3.0,0.5,-0.37,-0.13,0.17,0.54,0.13,0.04,0.17,18.0,-12.0,Black Desert Resort,Bank of Utah Championship,2026-10-04 13:28:32 UTC,pga:R2026554,3.0,54607,,Danny Walker,1508c67ba217af67f3cdb061f1aa76ad450fa001da500a5b815c192230ec3d31,68.0,68.0,68.0,1.0,2.24143,1.998511,0.194426,-0.120369,4.313998,0.228731,-0.090872,-0.162898,0.196466,0.137859,-0.025039,0.171427,field_mean_by_category_hole_v1,layout:c51bd2ded3edfb99ae69f96e,ee8f96fc405027d42ded5b81d0f2ef63034eabaa72d0e289d9b5d54584e97982,-0.0332027285714287,-0.19999978571428567,-0.0943413318109213,-0.062596271054712,-0.23320251428571437,-0.32754384609663567,-0.39014011715134767,validated_pga_2020_2024_plus_2026,,1.0,-1.1034892646504346,-0.12250000000000007,0.8172,0.18019999999999997,0.20260000000000014,3.0,0.0,0.11465299999999999,-1.05339655650137,0.57818125,-0.0030810206349203,2026-10-03 10:59:00,1791025140000000000,0.0,0.03781411440908067,-0.00622271825396814,-0.0030810206349203774,1.1319996401706267,1.2814231853464284,-0.04349704767323648,1.175496687843863,0.12258,0.0,-0.006125000000000004,-0.0018019999999999998,0.0,-0.9387435565013701,0.050092708149064524,0.16474570814906453,68.0
"bezuidenhout, christiaan",0.86,BD,18103,278.4,0.83,4.0,4.0,26,27.33,,-3.0,0.33,0.58,0.23,-0.82,-1.4,0.76,-0.59,0.17,18.0,-12.0,Black Desert Resort,Bank of Utah Championship,2026-10-04 13:28:32 UTC,pga:R2026554,3.0,45522,,Christiaan Bezuidenhout,1508c67ba217af67f3cdb061f1aa76ad450fa001da500a5b815c192230ec3d31,68.0,68.0,68.0,1.0,1.3155,2.134952,0.512488,0.35106,4.314,-0.697199,0.045569,0.155164,0.667895,-0.65163,-0.496466,0.171429,field_mean_by_category_hole_v1,layout:c51bd2ded3edfb99ae69f96e,ee8f96fc405027d42ded5b81d0f2ef63034eabaa72d0e289d9b5d54584e97982,-0.9591327285714293,-0.06355878571428608,0.2091850922469603,0.23686860967353207,-1.0226915142857154,-0.8135064220387551,-0.576637812365223,validated_pga_2020_2024_plus_2026,,1.0,0.1992297106580804,0.7021000000000001,-1.4429,0.5831,1.2319,3.5,0.0,-0.18716100000000002,0.3726062981984673,0.57818125,-0.0030810206349203,2026-10-03 10:59:00,1791025140000000000,0.0,0.03781411440908067,-0.00622271825396814,-0.0030810206349203774,-0.17071933513788826,0.02914509138992261,-0.04349704767323648,-0.12722228746465178,-0.21643500000000002,0.0,0.035105000000000004,-0.005830999999999999,0.0,0.18544529819846728,0.1733765875403869,-0.013784412459613121,68.0
"lower, justin",0.93,BD,17723,296.6,0.67,4.0,1.0,26,40.92,29.48,-5.0,0.78,-1.81,0.66,-0.82,1.0,2.33,-0.16,2.17,18.0,-12.0,Black Desert Resort,Bank of Utah Championship,2026-10-04 13:28:32 UTC,pga:R2026554,3.0,40162,,Justin Lower,1508c67ba217af67f3cdb061f1aa76ad450fa001da500a5b815c192230ec3d31,66.0,66.0,66.0,1.0,2.800757,0.27071,1.207425,2.035104,6.313996,0.788058,-1.818673,0.850101,2.351939,-1.030615,-0.180514,2.171425,field_mean_by_category_hole_v1,layout:c51bd2ded3edfb99ae69f96e,ee8f96fc405027d42ded5b81d0f2ef63034eabaa72d0e289d9b5d54584e97982,0.5261242714285714,-1.927800785714286,0.8697349293399808,2.0931889442185,-1.4016765142857146,-0.5319415849457338,1.561247359272766,validated_pga_2020_2024_plus_2026,,1.0,-0.6262972650664236,-0.1699,0.22449999999999998,0.11880000000000006,0.9307999999999998,5.0,0.0,0.023991999999999992,-0.5150864233308666,0.5824965277777776,-0.0036936817460315,2026-10-03 11:11:00,1791025860000000000,0.0,2.0378141144090804,-0.001907440476190514,-0.003693681746031577,2.658510257253282,7.067676787920911,0.1853683615435433,2.4731418957097384,0.033675,0.0,-0.008495,-0.0011880000000000007,0.0,-0.4910944233308666,0.11121084173555695,0.13520284173555697,66.0
"blanchet, chandler",0.71,BD,24956,292.2,0.83,4.0,4.0,26,27.82,8.77,-2.0,0.25,0.38,-0.23,-0.43,-0.81,-0.16,-0.67,-0.83,18.0,-12.0,Black Desert Resort,Bank of Utah Championship,2026-10-04 13:28:32 UTC,pga:R2026554,3.0,54788,,Chandler Blanchet,1508c67ba217af67f3cdb061f1aa76ad450fa001da500a5b815c192230ec3d31,69.0,69.0,69.0,1.0,1.2645,2.4294,0.153631,-0.53353,3.314001,-0.748199,0.340017,-0.203693,-0.216695,-0.408182,-0.611875,-0.82857,field_mean_by_category_hole_v1,layout:c51bd2ded3edfb99ae69f96e,ee8f96fc405027d42ded5b81d0f2ef63034eabaa72d0e289d9b5d54584e97982,-1.010132728571429,0.23088921428571396,-0.06597674927790556,-0.22130320210376198,-0.779243514285715,-0.8452202635636206,-1.0665234656673825,validated_pga_2020_2024_plus_2026,,1.0,-0.3988830038990749,0.5846,-0.2259,-0.1112,0.8200999999999997,4.5,0.0,-0.003542999999999996,-0.3290090274697785,0.5863090277777777,-0.0036052817460316,2026-10-03 11:23:00,1791026580000000000,0.0,-0.9621858855909193,0.0019050595238095935,-0.003605281746031677,-0.5650031039140665,0.3192285074325294,0.2603181832439829,-0.8253212871580494,-0.033885,0.0,0.029230000000000003,0.001112,0.0,-0.3325520274697785,0.06987397642929638,0.06633097642929636,69.0
"hall, harry",0.93,BD,27194,298.3,0.78,3.0,1.0,26,25.42,,-5.0,0.83,0.99,-0.04,1.86,0.87,0.35,1.82,2.17,18.0,-12.0,Black Desert Resort,Bank of Utah Championship,2026-10-04 13:28:32 UTC,pga:R2026554,3.0,57975,,Harry Hall,1508c67ba217af67f3cdb061f1aa76ad450fa001da500a5b815c192230ec3d31,66.0,66.0,66.0,1.0,2.61795,3.193708,0.339073,0.163271,6.314002,0.605251,1.104325,-0.018251,0.480106,1.709576,1.691325,2.171431,field_mean_by_category_hole_v1,layout:c51bd2ded3edfb99ae69f96e,ee8f96fc405027d42ded5b81d0f2ef63034eabaa72d0e289d9b5d54584e97982,0.34331727142857105,0.9951972142857142,0.021887189965133114,0.9380131503164576,1.3385144857142852,1.3604016756794184,2.298414825995876,validated_pga_2020_2024_plus_2026,,1.0,0.5274937020992803,0.09239999999999995,0.6158999999999999,0.44839999999999997,-0.05919999999999996,2.5,0.0,0.09252099999999998,0.4874065031808386,0.5896215277777777,-0.0028096817460316,2026-10-03 11:35:00,1791027300000000000,0.0,2.0378141144090804,0.005217559523809534,-0.002809681746031677,1.512728290087578,2.2883468796312876,0.05357137003900942,1.4591569200485686,0.09238499999999998,-0.0,0.004619999999999998,-0.004484,0.0,0.5799275031808386,-0.04008719891844165,0.05243380108155837,66.0
"mcgreevy, max",0.86,BD,23505,295.5,0.83,6.0,6.0,26,23.7,51.35,-1.0,0.4,1.87,-0.99,2.61,0.74,-3.45,1.62,-1.83,18.0,-12.0,Black Desert Resort,Bank of Utah Championship,2026-10-04 13:28:32 UTC,pga:R2026554,3.0,51950,,Max McGreevy,1508c67ba217af67f3cdb061f1aa76ad450fa001da500a5b815c192230ec3d31,70.0,70.0,70.0,1.0,2.838256,4.0951,-0.661759,-3.957599,2.313998,0.825557,2.005717,-1.019083,-3.640764,2.831274,1.812191,-1.828573,field_mean_by_category_hole_v1,layout:c51bd2ded3edfb99ae69f96e,ee8f96fc405027d42ded5b81d0f2ef63034eabaa72d0e289d9b5d54584e97982,0.5636232714285714,1.8965892142857128,-0.9288606180667769,-3.181598085344824,2.460212485714284,1.5313518676475073,-1.6502462176973165,validated_pga_2020_2024_plus_2026,,1.0,0.0293686158911574,0.7876,1.1195,-0.40259999999999996,-0.44699999999999995,3.5,0.0,0.211331,0.0050264393125284,0.5924340277777776,-0.0013068817460319,2026-10-03 11:47:00,1791028020000000000,0.0,-1.9621858855909193,0.00803005952380953,-0.0013068817460319773,-1.9848313237042994,3.9395553835577615,-0.28999964422116736,-1.694831679483132,0.167925,-0.0,0.03938,0.004026,0.0,0.21635743931252838,-0.024342176578629,0.18698882342137096,70.0
"ramey, chad",0.93,BD,19840,296.4,0.67,3.0,4.0,26,26.72,,-1.0,0.75,-1.05,-0.02,-1.24,-0.19,-0.57,-1.26,-1.83,18.0,-12.0,Black Desert Resort,Bank of Utah Championship,2026-10-04 13:28:32 UTC,pga:R2026554,3.0,47983,,Chad Ramey,1508c67ba217af67f3cdb061f1aa76ad450fa001da500a5b815c192230ec3d31,70.0,70.0,70.0,1.0,1.657,0.907548,0.546596,-0.797146,2.313998,-0.355699,-1.181835,0.189272,-0.480311,-1.537534,-1.348262,-1.828573,field_mean_by_category_hole_v1,layout:c51bd2ded3edfb99ae69f96e,ee8f96fc405027d42ded5b81d0f2ef63034eabaa72d0e289d9b5d54584e97982,0.20086727142857042,-1.290962785714286,0.21531039275776842,-0.5195479971713921,-1.0900955142857156,-0.8747851215279472,-1.3943331186993393,validated_pga_2020_2024_plus_2026,,1.0,-0.424090143262436,-0.19199999999999998,-0.20649999999999993,0.4948000000000001,0.9612,3.5,0.0,-0.04552299999999999,-0.2450581435973387,0.5947465277777777,0.000903118253968,2026-10-03 11:59:00,1791028740000000000,0.0,-1.9621858855909193,0.01034255952380958,0.0009031182539679228,-1.526850064550706,2.3312711196184948,-0.557359055376516,-0.96949100917419,-0.03097499999999999,0.0,-0.0096,-0.004948000000000001,0.0,-0.2905811435973387,0.17903199966509728,0.13350899966509727,70.0
"clanton, luke",0.93,BD,32330,291.9,0.89,4.0,0.0,26,25.78,,-6.0,0.6,1.95,-0.28,2.38,0.43,1.07,2.1,3.17,18.0,-12.0,Black Desert Resort,Bank of Utah Championship,2026-10-04 13:28:32 UTC,pga:R2026554,3.0,66743,,Luke Clanton,1508c67ba217af67f3cdb061f1aa76ad450fa001da500a5b815c192230ec3d31,65.0,65.0,65.0,1.0,2.148,4.345627,-0.013543,0.833913,7.313997,0.135301,2.256244,-0.370867,1.150748,2.391545,2.020678,3.171426,field_mean_by_category_hole_v1,layout:c51bd2ded3edfb99ae69f96e,ee8f96fc405027d42ded5b81d0f2ef63034eabaa72d0e289d9b5d54584e97982,-0.12663272857142882,2.1471162142857136,-0.3424778548767233,1.2991230836488428,2.020483485714285,1.6780056308375615,2.9771287144864043,validated_pga_2020_2024_plus_2026,,1.0,-0.5091640849369858,1.7223000000000002,-0.2729,-0.44170000000000004,0.10310000000000008,4.0,0.0,0.049597000000000016,-0.4462896144322557,0.5947465277777777,0.000903118253968,2026-10-03 11:59:00,1791028740000000000,0.0,3.0378141144090804,0.01034255952380958,0.0009031182539679228,3.5582238771238437,12.660957159734238,-0.557359055376516,4.1155829325003594,-0.04093499999999999,0.0,0.08611500000000001,0.004417000000000001,0.0,-0.3966926144322557,0.06287447050473016,0.11247147050473016,65.0
"brennan, michael",0.86,BD,29197,298.8,0.56,2.0,4.0,26,26.62,,0.0,0.62,-2.34,-0.69,-2.04,0.3,-0.1,-2.73,-2.83,18.0,-12.0,Black Desert Resort,Bank of Utah Championship,2026-10-04 13:28:32 UTC,pga:R2026554,3.0,61522,,Michael Brennan,1508c67ba217af67f3cdb061f1aa76ad450fa001da500a5b815c192230ec3d31,71.0,71.0,71.0,1.0,2.441667,-0.545105,-0.039024,-0.543538,1.314,0.428968,-2.634488,-0.396348,-0.226703,-2.20552,-2.601868,-2.828571,field_mean_by_category_hole_v1,layout:c51bd2ded3edfb99ae69f96e,ee8f96fc405027d42ded5b81d0f2ef63034eabaa72d0e289d9b5d54584e97982,0.16703427142857086,-2.7436157857142858,-0.28976192293495484,-0.2573718935648477,-2.576581514285715,-2.86634343722067,-3.123715330785518,validated_pga_2020_2024_plus_2026,,1.0,0.9759551869457352,0.1482000000000001,1.0788,-1.0365,0.8570000000000001,5.5,0.0,0.179595,0.909274174512555,0.5965590277777776,0.0037527904761904,2026-10-03 12:11:00,1791029460000000000,0.0,-2.9621858855909196,0.012155059523809464,0.0037527904761903226,-3.922233222536655,15.383913451970274,-0.5354710592670061,-3.386762163269649,0.16182,0.0,0.007410000000000006,0.010365,0.0,1.088869174512555,-0.06668101243318025,0.1129139875668197,71.0
"blair, zac",0.93,BD,17639,289.8,0.78,5.0,0.0,26,20.67,,-6.0,1.0,0.8,-0.09,1.41,0.61,1.85,1.32,3.17,18.0,-12.0,Black Desert Resort,Bank of Utah Championship,2026-10-04 13:28:32 UTC,pga:R2026554,3.0,40058,,Zac Blair,1508c67ba217af67f3cdb061f1aa76ad450fa001da500a5b815c192230ec3d31,65.0,65.0,65.0,1.0,2.527514,3.132956,0.278813,1.374717,7.314,0.514815,1.043573,-0.078511,1.691552,1.558388,1.479877,3.171429,field_mean_by_category_hole_v1,layout:c51bd2ded3edfb99ae69f96e,ee8f96fc405027d42ded5b81d0f2ef63034eabaa72d0e289d9b5d54584e97982,0.25288127142857064,0.9344452142857143,0.052611893177670566,1.4384674135119837,1.187326485714285,1.2399383788919556,2.6784057924039395,validated_pga_2020_2024_plus_2026,,1.0,0.0247075000063427,0.9716,0.44499999999999995,-0.3078,-0.0012999999999999678,3.5,0.0,0.11840799999999999,0.0888874843255513,0.5978715277777777,0.0071340904761902,2026-10-03 12:23:00,1791030180000000000,0.0,3.0378141144090804,0.013467559523809625,0.007134090476190123,3.0337082644027373,9.203385833505468,-0.011299851732606357,3.0450081161353437,0.06674999999999999,-0.0,0.048580000000000005,0.0030780000000000004,0.0,0.20729548432555128,0.0641799843192086,0.18258798431920858,65.0
"smith, jordan",0.86,BD,18586,297.3,0.61,5.0,2.0,39,30.93,18.58,-3.0,0.75,-1.3,0.67,-2.95,-1.66,2.45,-2.28,0.17,18.0,-11.0,Black Desert Resort,Bank of Utah Championship,2026-10-04 13:28:32 UTC,pga:R2026554,3.0,46464,,Jordan Smith,1508c67ba217af67f3cdb061f1aa76ad450fa001da500a5b815c192230ec3d31,68.0,68.0,68.0,1.0,0.7405,0.451923,1.046248,2.075329,4.314,-1.272199,-1.63746,0.688924,2.392164,-2.909659,-2.220735,0.171429,field_mean_by_category_hole_v1,layout:c51bd2ded3edfb99ae69f96e,ee8f96fc405027d42ded5b81d0f2ef63034eabaa72d0e289d9b5d54584e97982,-0.5341327285714286,-1.7465877857142857,0.3229201567098598,1.8751048891088204,-2.280720514285714,-1.9578003575758542,-0.0826954684670338,validated_pga_2020_2024_plus_2026,,1.0,0.3243295392297767,-0.11859999999999993,-0.31689999999999996,0.1288,1.0508,5.5,0.0,-0.05475299999999999,0.5472340075454111,0.5602937499999999,-0.0012909206349205,2026-10-03 10:23:00,1791022980000000000,0.0,0.03781411440908067,-0.024110218253968196,-0.0012909206349205771,-0.3119165637095848,0.09729194271639548,0.3058573765673298,-0.6177739402769147,-0.047534999999999994,0.0,-0.005929999999999997,-0.001288,0.0,0.4924810075454111,0.22290446831563437,0.16815146831563438,68.0
"hodges, lee",0.79,BD,25157,289.9,0.78,3.0,2.0,39,22.19,8.13,-4.0,0.67,2.13,0.59,1.95,-0.17,-1.37,2.54,1.17,18.0,-11.0,Black Desert Resort,Bank of Utah Championship,2026-10-04 13:28:32 UTC,pga:R2026554,3.0,54628,,Lee Hodges,1508c67ba217af67f3cdb061f1aa76ad450fa001da500a5b815c192230ec3d31,67.0,67.0,67.0,1.0,1.743972,4.501325,0.680637,-1.611938,5.313996,-0.268727,2.411942,0.323313,-1.295103,2.143215,2.466528,1.171425,field_mean_by_category_hole_v1,layout:c51bd2ded3edfb99ae69f96e,ee8f96fc405027d42ded5b81d0f2ef63034eabaa72d0e289d9b5d54584e97982,-0.5306607285714289,2.3028142142857138,0.3062240098620496,-0.9891843338359596,1.7721534857142849,2.0783774955763343,1.0891931617403747,validated_pga_2020_2024_plus_2026,,1.0,0.2234852432843326,0.7241999999999998,0.49989999999999996,-0.23170000000000004,-0.23149999999999998,1.5,0.0,0.11351199999999999,0.1191656364913293,0.5824965277777776,-0.0036936817460315,2026-10-03 11:11:00,1791025860000000000,0.0,1.0378141144090807,-0.001907440476190514,-0.003693681746031577,0.808727748902526,0.6540405718449471,0.1853683615435433,0.6233593873589827,0.074985,-0.0,0.03620999999999999,0.0023170000000000005,0.0,0.23267763649132928,-0.10431960679300331,0.009192393206996663,67.0
"wu, dylan",0.71,BD,25002,296.2,0.78,2.0,2.0,39,27.48,60.87,-4.0,0.67,0.05,0.45,-1.18,-1.23,1.9,-0.73,1.17,18.0,-11.0,Black Desert Resort,Bank of Utah Championship,2026-10-04 13:28:32 UTC,pga:R2026554,3.0,54783,,Dylan Wu,1508c67ba217af67f3cdb061f1aa76ad450fa001da500a5b815c192230ec3d31,67.0,67.0,67.0,1.0,0.981083,2.238639,0.584637,1.509642,5.314001,-1.031616,0.149256,0.227313,1.826477,-0.88236,-0.655047,1.17143,field_mean_by_category_hole_v1,layout:c51bd2ded3edfb99ae69f96e,ee8f96fc405027d42ded5b81d0f2ef63034eabaa72d0e289d9b5d54584e97982,-0.2931887285714292,0.040128214285714225,-0.07465474509572351,1.704658970755261,-0.25306051428571497,-0.3277152593814385,1.3769437113738225,validated_pga_2020_2024_plus_2026,,1.0,-0.7335916516923134,-0.5671,0.010800000000000087,0.5061,0.8076999999999999,4.0,0.0,-0.03179599999999999,-0.8149207387256895,0.5863090277777777,-0.0036052817460316,2026-10-03 11:23:00,1791026580000000000,0.0,1.0378141144090807,0.0019050595238095935,-0.003605281746031677,1.769705543879172,3.131857712036676,0.2603181832439829,1.509387360635189,0.0016200000000000131,0.0,-0.028355000000000005,-0.005061,0.0,-0.8467167387256895,-0.08132908703337605,-0.11312508703337609,67.0
"hubbard, mark",0.79,BD,16333,284.6,0.72,5.0,5.0,39,23.82,43.31,-4.0,0.75,1.07,-0.24,-0.49,-1.56,1.9,-0.73,1.17,18.0,-11.0,Black Desert Resort,Bank of Utah Championship,2026-10-04 13:28:32 UTC,pga:R2026554,3.0,36801,,Mark Hubbard,1508c67ba217af67f3cdb061f1aa76ad450fa001da500a5b815c192230ec3d31,67.0,67.0,67.0,1.0,0.625,2.684211,0.332373,1.672414,5.313998,-1.387699,0.594828,-0.024951,1.989249,-0.792871,-0.817822,1.171427,field_mean_by_category_hole_v1,layout:c51bd2ded3edfb99ae69f96e,ee8f96fc405027d42ded5b81d0f2ef63034eabaa72d0e289d9b5d54584e97982,-1.649632728571429,0.4857002142857141,0.02892310549267954,1.3590910832962286,-1.1639325142857149,-1.1350094087930354,0.22408167450319327,validated_pga_2020_2024_plus_2026,,1.0,-0.2819148073950789,0.4628,-0.7547999999999999,-0.5733,1.6227999999999998,4.0,0.0,-0.08434699999999999,-0.3771860079890534,0.5863090277777777,-0.0036052817460316,2026-10-03 11:23:00,1791026580000000000,0.0,1.0378141144090807,0.0019050595238095935,-0.003605281746031677,1.3180286995819377,1.7371996529216538,0.2603181832439829,1.0577105163379548,-0.11321999999999999,0.0,0.02314,0.005733,0.0,-0.4615330079890534,-0.09527120059397448,-0.1796182005939745,67.0
"tosti, alejandro",0.93,BD,17032,306.4,0.78,6.0,3.0,39,36.04,53.0,-4.0,0.75,-1.02,-0.8,1.23,2.25,0.75,0.42,1.17,18.0,-11.0,Black Desert Resort,Bank of Utah Championship,2026-10-04 13:28:32 UTC,pga:R2026554,3.0,38991,,Alejandro Tosti,1508c67ba217af67f3cdb061f1aa76ad450fa001da500a5b815c192230ec3d31,67.0,67.0,67.0,1.0,3.979878,1.203683,-0.380474,0.510911,5.313998,1.967179,-0.8857,-0.737798,0.827746,1.081479,0.343681,1.171427,field_mean_by_category_hole_v1,layout:c51bd2ded3edfb99ae69f96e,ee8f96fc405027d42ded5b81d0f2ef63034eabaa72d0e289d9b5d54584e97982,1.7052452714285713,-0.9948277857142855,-0.5954330244471364,0.6906018595349528,0.7104174857142858,0.11498446126714934,0.8055863208021021,validated_pga_2020_2024_plus_2026,,1.0,-1.2771070278589065,-0.3897,0.9068999999999999,0.2890000000000001,-0.04860000000000003,5.5,0.0,0.11365999999999998,-1.2431530430202935,0.5896215277777777,-0.0028096817460316,2026-10-03 11:35:00,1791027300000000000,0.0,1.0378141144090807,0.005217559523809534,-0.002809681746031677,2.317329020045765,5.370013787146266,0.05357137003900942,2.2637576500067556,0.136035,-0.0,-0.019485000000000002,-0.002890000000000001,0.0,-1.1294930430202936,0.033953984838613005,0.14761398483861288,67.0
"mccarty, matt",1.0,BD,28635,296.7,0.83,4.0,1.0,39,28.23,,-5.0,1.0,1.43,-0.18,3.02,1.59,-0.68,2.85,2.17,18.0,-11.0,Black Desert Resort,Bank of Utah Championship,2026-10-04 13:28:32 UTC,pga:R2026554,3.0,59141,,Matt McCarty,1508c67ba217af67f3cdb061f1aa76ad450fa001da500a5b815c192230ec3d31,66.0,66.0,66.0,1.0,3.458011,3.810138,0.047932,-1.002081,6.314,1.445312,1.720755,-0.309392,-0.685246,3.166067,2.856675,2.171429,field_mean_by_category_hole_v1,layout:c51bd2ded3edfb99ae69f96e,ee8f96fc405027d42ded5b81d0f2ef63034eabaa72d0e289d9b5d54584e97982,1.183378271428571,1.6116272142857144,-0.20173554923723636,-0.6152512716663752,2.7950054857142854,2.593269936477049,1.978018664810674,validated_pga_2020_2024_plus_2026,,1.0,0.118592516041119,0.9283999999999999,0.6527999999999999,-0.7938000000000002,-0.016699999999999965,3.5,0.0,0.152278,0.1419601735177247,0.5965590277777776,0.0037527904761904,2026-10-03 12:11:00,1791029460000000000,0.0,2.0378141144090804,0.012155059523809464,0.0037527904761903226,1.9351294483679613,3.7447259819408902,-0.5354710592670061,2.4706005076349675,0.09792,-0.0,0.046419999999999996,0.007938000000000002,0.0,0.2942381735177247,0.023367657476605685,0.17564565747660568,66.0
"moore, taylor",0.86,BD,21944,302.7,0.94,2.0,2.0,45,34.37,53.59,-2.0,0.0,-0.4,-0.65,0.39,0.79,-0.57,-0.26,-0.83,18.0,-10.0,Black Desert Resort,Bank of Utah Championship,2026-10-04 13:28:32 UTC,pga:R2026554,3.0,49947,,Taylor Moore,1508c67ba217af67f3cdb061f1aa76ad450fa001da500a5b815c192230ec3d31,69.0,69.0,69.0,1.0,2.625424,1.989817,-0.466963,-0.83428,3.313998,0.612725,-0.099566,-0.824287,-0.517445,0.513159,-0.311128,-0.828573,field_mean_by_category_hole_v1,layout:c51bd2ded3edfb99ae69f96e,ee8f96fc405027d42ded5b81d0f2ef63034eabaa72d0e289d9b5d54584e97982,0.3507912714285708,-0.20869378571428587,-0.6750009229077698,-0.36879959448906785,0.14209748571428493,-0.5329034371934849,-0.9017030316825527,validated_pga_2020_2024_plus_2026,,1.0,-0.022419704709362,-1.3504,1.1332,-0.19789999999999996,0.8226,4.5,0.0,0.10443899999999998,-0.1668788564890468,0.5602937499999999,-0.0012909206349205,2026-10-03 10:23:00,1791022980000000000,0.0,-0.9621858855909193,-0.024110218253968196,-0.0012909206349205771,-0.9651673197704461,0.9315479551528666,0.3058573765673298,-1.271024696337776,0.16998,0.0,-0.06752000000000001,0.001979,0.0,-0.06243985648904682,-0.1444591517796848,-0.04002015177968482,69.0
"grillo, emiliano",0.71,BD,12808,288.8,0.72,5.0,1.0,45,24.81,41.92,-2.0,0.14,1.09,-1.9,0.95,-0.14,0.12,-0.95,-0.83,18.0,-10.0,Black Desert Resort,Bank of Utah Championship,2026-10-04 13:28:32 UTC,pga:R2026554,3.0,31646,,Emiliano Grillo,1508c67ba217af67f3cdb061f1aa76ad450fa001da500a5b815c192230ec3d31,69.0,69.0,69.0,1.0,1.711549,3.151487,-1.365983,-0.183053,3.314,-0.30115,1.062104,-1.723307,0.133782,0.760954,-0.962353,-0.828571,field_mean_by_category_hole_v1,layout:c51bd2ded3edfb99ae69f96e,ee8f96fc405027d42ded5b81d0f2ef63034eabaa72d0e289d9b5d54584e97982,-0.5630837285714292,0.9529762142857146,-1.5772817531086978,-0.15862238325463707,0.38989248571428536,-1.1873892673944124,-1.3460116506490496,validated_pga_2020_2024_plus_2026,,1.0,0.2516603277143542,2.1823,-0.2522,-1.0552,-0.4674,4.5,0.0,0.08183700000000002,0.2938036510003007,0.5602937499999999,-0.0012909206349205,2026-10-03 10:23:00,1791022980000000000,0.0,-0.9621858855909193,-0.024110218253968196,-0.0012909206349205771,-1.2392473521941623,1.535733999920242,0.3058573765673298,-1.545104728761492,-0.037829999999999996,-0.0,0.10911500000000002,0.010551999999999999,0.0,0.37564065100030075,0.0421433232859465,0.12398032328594655,69.0
"garnett, brice",1.0,BD,11451,291.2,0.83,2.0,4.0,45,35.58,,-2.0,0.6,-1.69,1.21,-1.07,0.61,-0.97,0.14,-0.83,18.0,-10.0,Black Desert Resort,Bank of Utah Championship,2026-10-04 13:28:32 UTC,pga:R2026554,3.0,29535,,Brice Garnett,1508c67ba217af67f3cdb061f1aa76ad450fa001da500a5b815c192230ec3d31,69.0,69.0,69.0,1.0,2.533227,0.456225,1.550445,-1.225898,3.313999,0.520528,-1.633158,1.193121,-0.909063,-1.11263,0.080491,-0.828572,field_mean_by_category_hole_v1,layout:c51bd2ded3edfb99ae69f96e,ee8f96fc405027d42ded5b81d0f2ef63034eabaa72d0e289d9b5d54584e97982,0.25859427142857117,-1.7422857857142857,1.1125135517746714,-0.5382425855201955,-1.4836915142857146,-0.3711779625110432,-0.9094205480312387,validated_pga_2020_2024_plus_2026,,1.0,-0.6035359956235218,-0.8055999999999999,0.808,0.6655,-0.2671,3.5,0.0,0.07426500000000001,-0.7644127525011272,0.5602937499999999,-0.0012909206349205,2026-10-03 10:23:00,1791022980000000000,0.0,-0.9621858855909193,-0.024110218253968196,-0.0012909206349205771,-0.38405102885628634,0.14749519276557208,0.3058573765673298,-0.6899084054236162,0.1212,-0.0,-0.040279999999999996,-0.006655,0.0,-0.6901477525011271,-0.1608767568776054,-0.08661175687760536,69.0
"kizzire, patton",0.71,BD,13470,287.4,0.78,7.0,5.0,45,16.96,55.54,-2.0,0.2,3.51,-1.95,-0.36,-3.88,1.48,-2.31,-0.83,18.0,-10.0,Black Desert Resort,Bank of Utah Championship,2026-10-04 13:28:32 UTC,pga:R2026554,3.0,32757,,Patton Kizzire,1508c67ba217af67f3cdb061f1aa76ad450fa001da500a5b815c192230ec3d31,69.0,69.0,69.0,1.0,-0.733694,4.8636,-1.940026,1.12412,3.314,-2.746393,2.774217,-2.29735,1.440955,0.027824,-2.269526,-0.828571,field_mean_by_category_hole_v1,layout:c51bd2ded3edfb99ae69f96e,ee8f96fc405027d42ded5b81d0f2ef63034eabaa72d0e289d9b5d54584e97982,-1.0983267285714289,2.665089214285714,-1.7279303435475573,0.9763105496344888,1.5667624857142852,-0.16116785783327203,0.8151426918012168,validated_pga_2020_2024_plus_2026,,1.0,-1.1958139515590678,1.3253999999999997,-1.4644,-0.3428999999999999,0.8893,4.5,0.0,-0.14996100000000004,-1.232264514870333,0.5671562499999999,-0.0017108206349203,2026-10-03 10:35:00,1791023700000000000,0.0,-0.9621858855909193,-0.017247718253968203,-0.0017108206349203772,0.21466952707925988,0.04608300585643309,-0.17919695786023754,0.3938664849394974,-0.21966,0.0,0.06626999999999998,0.0034289999999999993,0.0,-1.382225514870333,-0.03645056331126528,-0.1864115633112653,69.0
"fishburn, patrick",0.86,BD,25094,305.8,0.78,3.0,3.0,45,30.94,,-2.0,0.5,-0.83,-1.43,0.62,1.46,-0.02,-0.81,-0.83,18.0,-10.0,Black Desert Resort,Bank of Utah Championship,2026-10-04 13:28:32 UTC,pga:R2026554,3.0,54576,,Patrick Fishburn,1508c67ba217af67f3cdb061f1aa76ad450fa001da500a5b815c192230ec3d31,69.0,69.0,69.0,1.0,3.217936,1.21057,-0.787437,-0.327069,3.314,1.205237,-0.878813,-1.144761,-0.010234,0.326424,-0.818337,-0.828571,field_mean_by_category_hole_v1,layout:c51bd2ded3edfb99ae69f96e,ee8f96fc405027d42ded5b81d0f2ef63034eabaa72d0e289d9b5d54584e97982,0.943303271428571,-0.9879407857142857,-1.08011534282785,-0.1095054955979956,-0.04463751428571472,-1.1247528571135648,-1.2342583527115605,validated_pga_2020_2024_plus_2026,,1.0,-0.1702463302331201,-0.5197999999999999,0.48649999999999993,-0.024199999999999944,0.4651000000000001,5.0,0.0,0.047226999999999984,-0.1255414299405322,0.5731187499999999,-0.0023075206349203,2026-10-03 10:47:00,1791024420000000000,0.0,-0.9621858855909193,-0.011285218253968221,-0.002307520634920377,-0.8055322942466878,0.6488822770743324,-0.2303336267074615,-0.5751986675392263,0.07297499999999998,0.0,-0.02599,0.00024199999999999943,0.0,-0.0783144299405322,0.04470490029258792,0.09193190029258791,69.0
"van rooyen, erik",0.93,BD,17550,289.4,0.83,1.0,1.0,45,28.6,,-1.0,0.5,-0.04,-0.31,0.26,0.3,-1.78,-0.05,-1.83,18.0,-10.0,Black Desert Resort,Bank of Utah Championship,2026-10-04 13:28:32 UTC,pga:R2026554,3.0,40006,,Erik van Rooyen,1508c67ba217af67f3cdb061f1aa76ad450fa001da500a5b815c192230ec3d31,70.0,70.0,70.0,1.0,2.027264,2.473061,-0.016477,-2.169847,2.314001,0.014565,0.383678,-0.373801,-1.853012,0.398243,0.024442,-1.82857,field_mean_by_category_hole_v1,layout:c51bd2ded3edfb99ae69f96e,ee8f96fc405027d42ded5b81d0f2ef63034eabaa72d0e289d9b5d54584e97982,-0.24736872857142878,0.27455021428571413,-0.26422876188118183,-1.5933583717311552,0.02718148571428536,-0.23704727616689647,-1.8304056478980517,validated_pga_2020_2024_plus_2026,,1.0,-0.5165184044039957,0.7058000000000001,0.5343,-0.4057,-0.44020000000000004,3.5,0.0,0.11949200000000001,-0.6014436587311803,0.57818125,-0.0030810206349203,2026-10-03 10:59:00,1791025140000000000,0.0,-1.9621858855909193,-0.00622271825396814,-0.0030810206349203774,-1.4549712200758123,2.116941251248898,-0.04349704767323648,-1.4114741724025759,0.080145,-0.0,0.03529000000000001,0.004057,0.0,-0.4819516587311803,-0.08492525432718467,0.03456674567281537,70.0
"dumont de chassart, adrien",0.79,BD,22002,288.6,0.78,2.0,3.0,45,28.96,31.87,-2.0,0.75,-0.21,-0.48,-1.4,-1.2,1.05,-1.88,-0.83,18.0,-10.0,Black Desert Resort,Bank of Utah Championship,2026-10-04 13:28:32 UTC,pga:R2026554,3.0,50497,,Adrien Dumont de Chassart,1508c67ba217af67f3cdb061f1aa76ad450fa001da500a5b815c192230ec3d31,69.0,69.0,69.0,1.0,0.82045,1.915337,-0.150811,0.729022,3.313998,-1.192249,-0.174046,-0.508135,1.045857,-1.366295,-1.87443,-0.828573,field_mean_by_category_hole_v1,layout:c51bd2ded3edfb99ae69f96e,ee8f96fc405027d42ded5b81d0f2ef63034eabaa72d0e289d9b5d54584e97982,-0.5796827285714292,-0.28317378571428575,-0.3854088594149383,0.8790766255636274,-0.862856514285715,-1.2482653737006533,-0.36918874813702585,validated_pga_2020_2024_plus_2026,,1.0,-0.6281217529985592,0.8493,-1.2594,0.6618,0.14910000000000004,6.0,0.0,-0.153063,-0.5290840163014032,0.57818125,-0.0030810206349203,2026-10-03 10:59:00,1791025140000000000,0.0,-0.9621858855909193,-0.00622271825396814,-0.0030810206349203774,-0.34336787148124864,0.11790149516556328,-0.04349704767323648,-0.29987082380801217,-0.18891,0.0,0.042465,-0.006618000000000001,0.0,-0.6821470163014032,0.09903773669715599,-0.05402526330284396,69.0
"taylor, nick",0.86,BD,13126,287.5,0.56,2.0,6.0,45,29.98,82.84,0.0,0.78,-3.19,2.57,-5.19,-2.0,-0.21,-2.62,-2.83,18.0,-10.0,Black Desert Resort,Bank of Utah Championship,2026-10-04 13:28:32 UTC,pga:R2026554,3.0,25493,,Nick Taylor,1508c67ba217af67f3cdb061f1aa76ad450fa001da500a5b815c192230ec3d31,71.0,71.0,71.0,1.0,0.696924,-2.031586,3.017048,-0.36839,1.313996,-1.315775,-4.120969,2.659724,-0.051555,-5.436744,-2.77702,-2.828575,field_mean_by_category_hole_v1,layout:c51bd2ded3edfb99ae69f96e,ee8f96fc405027d42ded5b81d0f2ef63034eabaa72d0e289d9b5d54584e97982,-0.5777087285714289,-3.139985785714286,1.990739613404187,0.2131333178441166,-3.7176945142857147,-1.7269549008815277,-1.513821583037411,validated_pga_2020_2024_plus_2026,,1.0,0.3547857087180558,-1.2594999999999996,-0.46219999999999994,1.4051,0.7041,3.0,0.0,-0.14635599999999999,0.3866422303801105,0.5896215277777777,-0.0028096817460316,2026-10-03 11:35:00,1791027300000000000,0.0,-2.9621858855909196,0.005217559523809534,-0.002809681746031677,-3.3145637165311976,10.986332630945105,0.05357137003900942,-3.368135086570207,-0.06932999999999999,0.0,-0.06297499999999999,-0.014051000000000001,0.0,0.2402862303801105,0.03185652166205466,-0.11449947833794533,71.0
"hossler, beau",0.79,BD,15470,279.0,0.56,3.0,5.0,53,27.21,52.15,-1.0,0.7,-0.75,-0.04,-1.48,-0.73,-0.3,-1.52,-1.83,18.0,-9.0,Black Desert Resort,Bank of Utah Championship,2026-10-04 13:28:32 UTC,pga:R2026554,3.0,35461,,Beau Hossler,1508c67ba217af67f3cdb061f1aa76ad450fa001da500a5b815c192230ec3d31,70.0,70.0,70.0,1.0,1.160081,1.420341,0.280844,-0.547267,2.313999,-0.852618,-0.669042,-0.07648,-0.230432,-1.52166,-1.59814,-1.828572,field_mean_by_category_hole_v1,layout:c51bd2ded3edfb99ae69f96e,ee8f96fc405027d42ded5b81d0f2ef63034eabaa72d0e289d9b5d54584e97982,-1.114551728571429,-0.7781697857142857,-0.12055125386806514,-0.09188425136981926,-1.8927215142857148,-2.01327276815378,-2.105157019523599,validated_pga_2020_2024_plus_2026,,1.0,0.4377016076284035,0.5732999999999999,-0.9808000000000001,-0.3403,0.8187000000000001,4.0,0.0,-0.115052,0.4125682678228961,0.5671562499999999,-0.0017108206349203,2026-10-03 10:35:00,1791023700000000000,0.0,-1.9621858855909193,-0.017247718253968203,-0.0017108206349203772,-2.4188460321082115,5.850816127045639,-0.17919695786023754,-2.239649074247974,-0.14712,0.0,0.028664999999999996,0.0034029999999999998,0.0,0.2975162678228961,-0.025133339805507415,-0.1401853398055074,70.0
"dou, zecheng",1.0,BD,16757,297.1,0.89,2.0,4.0,53,27.49,,-1.0,0.25,1.19,-0.77,2.51,1.31,-3.57,1.74,-1.83,18.0,-9.0,Black Desert Resort,Bank of Utah Championship,2026-10-04 13:28:32 UTC,pga:R2026554,3.0,37338,,Zecheng Dou,1508c67ba217af67f3cdb061f1aa76ad450fa001da500a5b815c192230ec3d31,70.0,70.0,70.0,1.0,3.145581,3.463515,-0.324208,-3.970889,2.313999,1.132882,1.374132,-0.681532,-3.654054,2.507014,1.825482,-1.828572,field_mean_by_category_hole_v1,layout:c51bd2ded3edfb99ae69f96e,ee8f96fc405027d42ded5b81d0f2ef63034eabaa72d0e289d9b5d54584e97982,0.870948271428571,1.2650042142857143,-0.534814542423617,-3.344725258951798,2.1359524857142853,1.6011379432906683,-1.74358731566113,validated_pga_2020_2024_plus_2026,,1.0,0.2039960579981913,1.3418,0.518,-0.7535000000000001,-1.0388999999999997,1.5,0.0,0.15232500000000004,0.0931943385606837,0.5671562499999999,-0.0017108206349203,2026-10-03 10:35:00,1791023700000000000,0.0,-1.9621858855909193,-0.017247718253968203,-0.0017108206349203772,-2.1851404824779994,4.774838928164184,-0.17919695786023754,-2.005943524617762,0.0777,-0.0,0.06709000000000001,0.007535000000000001,0.0,0.24551933856068375,-0.11080171943750759,0.041523280562492465,70.0
"rodgers, patrick",0.71,BD,16283,298.9,0.72,1.0,3.0,53,35.03,84.32,-1.0,0.83,-0.73,-0.18,-2.67,-1.95,1.03,-2.85,-1.83,18.0,-9.0,Black Desert Resort,Bank of Utah Championship,2026-10-04 13:28:32 UTC,pga:R2026554,3.0,36699,,Patrick Rodgers,1508c67ba217af67f3cdb061f1aa76ad450fa001da500a5b815c192230ec3d31,70.0,70.0,70.0,1.0,0.779813,0.530886,0.213395,0.789903,2.313997,-1.232886,-1.558497,-0.143929,1.106738,-2.791383,-2.935312,-1.828574,field_mean_by_category_hole_v1,layout:c51bd2ded3edfb99ae69f96e,ee8f96fc405027d42ded5b81d0f2ef63034eabaa72d0e289d9b5d54584e97982,-0.49481972857142886,-1.667624785714286,-0.10098813517021185,1.229101093634209,-2.162444514285715,-2.263432649455927,-1.034331555821718,validated_pga_2020_2024_plus_2026,,1.0,-0.2424009711685605,-0.3999999999999999,-0.6398999999999999,-0.10079999999999992,1.2081999999999997,4.5,0.0,-0.11497699999999998,-0.3887884785842518,0.5731187499999999,-0.0023075206349203,2026-10-03 10:47:00,1791024420000000000,0.0,-1.9621858855909193,-0.011285218253968221,-0.002307520634920377,-1.7333776533112475,3.004598088998807,-0.2303336267074615,-1.5030440266037859,-0.09598499999999999,0.0,-0.019999999999999997,0.0010079999999999991,0.0,-0.5037654785842518,-0.14638750741569131,-0.2613645074156913,70.0
"thompson, davis",1.0,BD,27364,303.8,0.78,2.0,3.0,53,29.06,,-3.0,0.71,-0.21,-0.03,1.36,1.57,-1.17,1.34,0.17,18.0,-9.0,Black Desert Resort,Bank of Utah Championship,2026-10-04 13:28:32 UTC,pga:R2026554,3.0,58168,,Davis Thompson,1508c67ba217af67f3cdb061f1aa76ad450fa001da500a5b815c192230ec3d31,68.0,68.0,68.0,1.0,3.425581,1.890514,0.436845,-1.43894,4.314,1.412882,-0.198869,0.079521,-1.122105,1.214013,1.293534,0.171429,field_mean_by_category_hole_v1,layout:c51bd2ded3edfb99ae69f96e,ee8f96fc405027d42ded5b81d0f2ef63034eabaa72d0e289d9b5d54584e97982,1.1509482714285708,-0.3079967857142858,0.11500222983266051,-0.7561275119280084,0.842951485714285,0.9579537155469455,0.2018262036189371,validated_pga_2020_2024_plus_2026,,1.0,0.5514084007423019,0.22889999999999996,0.877,0.0756,-1.0974,3.0,0.0,0.142239,0.4946688659588802,0.5965590277777776,0.0037527904761904,2026-10-03 12:11:00,1791029460000000000,0.0,0.03781411440908067,0.012155059523809464,0.0037527904761903226,-0.49768643633322146,0.2476917889100617,-0.5354710592670061,0.03778462293378465,0.13155,-0.0,0.011444999999999999,-0.000756,0.0,0.6369078659588803,-0.0567395347834217,0.08549946521657836,68.0
"dahmen, joel",0.86,BD,14509,306.5,0.78,2.0,2.0,53,20.59,,-3.0,0.56,0.75,-1.28,1.72,0.97,-0.27,0.44,0.17,18.0,-9.0,Black Desert Resort,Bank of Utah Championship,2026-10-04 13:28:32 UTC,pga:R2026554,3.0,34076,,Joel Dahmen,1508c67ba217af67f3cdb061f1aa76ad450fa001da500a5b815c192230ec3d31,68.0,68.0,68.0,1.0,2.846167,2.953278,-0.865419,-0.620026,4.314,0.833468,0.863895,-1.222743,-0.303191,1.697363,0.47462,0.171429,field_mean_by_category_hole_v1,layout:c51bd2ded3edfb99ae69f96e,ee8f96fc405027d42ded5b81d0f2ef63034eabaa72d0e289d9b5d54584e97982,0.5715342714285709,0.7547672142857142,-1.1662292822980609,-0.2709904840947954,1.3263014857142852,0.1600722034162243,-0.11091828067857112,validated_pga_2020_2024_plus_2026,,1.0,-0.2246276384093222,0.2781,0.8776,-0.29989999999999994,-0.7683,3.5,0.0,0.148544,-0.1033374383291653,0.5986840277777777,0.0110457904761904,2026-10-03 12:35:00,1791030900000000000,0.0,0.03781411440908067,0.014280059523809618,0.011045790476190323,0.2877676028184028,0.08281019323185003,1.228190371386715,-0.9404227685683122,0.13164,-0.0,0.013905,0.0029989999999999995,0.0,0.04520656167083471,0.12129020008015691,0.2698342000801569,68.0
"higgs, harry",0.79,BD,14140,299.4,0.72,2.0,6.0,58,27.93,,1.0,0.6,-2.27,0.59,-3.37,-1.1,-1.05,-2.77,-3.83,18.0,-8.0,Black Desert Resort,Bank of Utah Championship,2026-10-04 13:28:32 UTC,pga:R2026554,3.0,33597,,Harry Higgs,1508c67ba217af67f3cdb061f1aa76ad450fa001da500a5b815c192230ec3d31,72.0,72.0,72.0,1.0,1.978889,-1.046944,0.901341,-1.519287,0.313999,-0.03381,-3.136327,0.544017,-1.202452,-3.170137,-2.62612,-3.828572,field_mean_by_category_hole_v1,layout:c51bd2ded3edfb99ae69f96e,ee8f96fc405027d42ded5b81d0f2ef63034eabaa72d0e289d9b5d54584e97982,-0.2957437285714286,-3.245454785714286,0.589311367442825,-1.208769635537575,-3.541198514285715,-2.95188714684289,-4.160656782380465,validated_pga_2020_2024_plus_2026,,1.0,-0.921277075766003,-0.2536999999999999,-0.07369999999999999,0.6758,-0.6309,5.0,0.0,-0.030497999999999994,-0.97,0.5824965277777776,-0.0036936817460315,2026-10-03 11:11:00,1791025860000000000,0.0,-3.9621858855909196,-0.001907440476190514,-0.003693681746031577,-3.046509932047139,9.281222766061862,0.1853683615435433,-3.2318782935906825,-0.011054999999999997,-0.0,-0.012684999999999997,-0.006758,0.0,-1.0004979999999999,-0.048722924233996934,-0.07922092423399685,72.0
"yu, kevin",0.93,BD,17881,297.2,0.78,2.0,3.0,58,29.3,,-1.0,0.5,-0.07,-1.37,-0.67,-0.6,0.21,-2.03,-1.83,18.0,-8.0,Black Desert Resort,Bank of Utah Championship,2026-10-04 13:28:32 UTC,pga:R2026554,3.0,45242,,Kevin Yu,1508c67ba217af67f3cdb061f1aa76ad450fa001da500a5b815c192230ec3d31,70.0,70.0,70.0,1.0,1.865081,2.288143,-1.642972,-0.196256,2.313996,-0.147618,0.19876,-2.000296,0.120579,0.051142,-1.949154,-1.828575,field_mean_by_category_hole_v1,layout:c51bd2ded3edfb99ae69f96e,ee8f96fc405027d42ded5b81d0f2ef63034eabaa72d0e289d9b5d54584e97982,0.5904482714285706,0.089632214285714,-1.8820986917913938,0.257601946469023,0.6800804857142846,-1.2020182060771092,-0.9444162596080862,validated_pga_2020_2024_plus_2026,,1.0,0.685972447688014,0.11149999999999995,0.15570000000000003,-1.1918000000000002,0.6621,4.0,0.0,0.040848,0.6341702898571516,0.5863090277777777,-0.0036052817460316,2026-10-03 11:23:00,1791026580000000000,0.0,-1.9621858855909193,0.0019050595238095935,-0.003605281746031677,-2.6498585555011553,7.02175036416267,0.2603181832439829,-2.9101767387451383,0.023355000000000004,0.0,0.0055749999999999975,0.011918000000000002,0.0,0.6750182898571516,-0.051802157830862394,-0.010954157830862399,70.0
"svensson, jesper",0.71,BD,26850,308.6,0.61,1.0,4.0,58,28.78,35.28,-1.0,0.58,-1.01,-1.28,-0.62,0.39,0.07,-1.89,-1.83,18.0,-8.0,Black Desert Resort,Bank of Utah Championship,2026-10-04 13:28:32 UTC,pga:R2026554,3.0,57586,,Jesper Svensson,1508c67ba217af67f3cdb061f1aa76ad450fa001da500a5b815c192230ec3d31,70.0,70.0,70.0,1.0,2.580444,0.73783,-0.742732,-0.261544,2.313998,0.567745,-1.351553,-1.100056,0.055291,-0.783808,-1.883864,-1.828573,field_mean_by_category_hole_v1,layout:c51bd2ded3edfb99ae69f96e,ee8f96fc405027d42ded5b81d0f2ef63034eabaa72d0e289d9b5d54584e97982,0.30581127142857145,-1.460680785714286,-1.1299308824948273,0.024879626795055287,-1.1548695142857146,-2.284800396780542,-2.2599207699854866,validated_pga_2020_2024_plus_2026,,1.0,-0.2934298519205727,-0.9967999999999999,1.083,-0.33619999999999994,-0.015799999999999932,6.0,0.0,0.11597199999999999,-0.4323310158406895,0.5896215277777777,-0.0028096817460316,2026-10-03 11:35:00,1791027300000000000,0.0,-1.9621858855909193,0.005217559523809534,-0.002809681746031677,-1.6663481558925688,2.776716176646565,0.05357137003900942,-1.7199195259315783,0.16244999999999998,-0.0,-0.049839999999999995,0.0033619999999999995,0.0,-0.3163590158406895,-0.1389011639201168,-0.02292916392011679,70.0
"cole, eric",0.79,BD,21756,287.7,0.67,1.0,5.0,61,22.32,60.24,2.0,0.33,0.27,0.18,-0.86,-1.13,-4.16,-0.67,-4.83,18.0,-7.0,Black Desert Resort,Bank of Utah Championship,2026-10-04 13:28:32 UTC,pga:R2026554,3.0,47591,,Eric Cole,1508c67ba217af67f3cdb061f1aa76ad450fa001da500a5b815c192230ec3d31,73.0,73.0,73.0,1.0,0.358,2.78119,0.772477,-4.597667,-0.686,-1.654699,0.691807,0.415153,-4.280832,-0.962892,-0.547739,-4.828571,field_mean_by_category_hole_v1,layout:c51bd2ded3edfb99ae69f96e,ee8f96fc405027d42ded5b81d0f2ef63034eabaa72d0e289d9b5d54584e97982,-1.9166327285714289,0.5826792142857142,0.44526255522373887,-3.8298680176392477,-1.3339535142857146,-0.8886909590619758,-4.718558976701224,validated_pga_2020_2024_plus_2026,,1.0,0.3901499628848943,1.2303000000000002,-0.35779999999999995,0.19319999999999993,-1.6915999999999998,3.0,0.0,0.005913000000000026,0.3961551493254672,0.5731187499999999,-0.0023075206349203,2026-10-03 10:47:00,1791024420000000000,0.0,-4.9621858855909196,-0.011285218253968221,-0.002307520634920377,-5.365928587364703,28.793189604697755,-0.2303336267074615,-5.135594960657241,-0.05366999999999999,-0.0,0.061515000000000014,-0.0019319999999999993,0.0,0.4020681493254672,0.006005186440572907,0.011918186440572909,73.0
"penge, marco",0.79,BD,22465,309.5,0.78,2.0,7.0,61,24.82,91.8,0.0,0.71,-0.26,-0.59,-1.16,-0.9,-1.07,-1.75,-2.83,18.0,-7.0,Black Desert Resort,Bank of Utah Championship,2026-10-04 13:28:32 UTC,pga:R2026554,3.0,51003,,Marco Penge,1508c67ba217af67f3cdb061f1aa76ad450fa001da500a5b815c192230ec3d31,71.0,71.0,71.0,1.0,1.95977,0.901709,-0.325407,-1.22207,1.314002,-0.052929,-1.187674,-0.682731,-0.905235,-1.240603,-1.923334,-2.828569,field_mean_by_category_hole_v1,layout:c51bd2ded3edfb99ae69f96e,ee8f96fc405027d42ded5b81d0f2ef63034eabaa72d0e289d9b5d54584e97982,0.6851372714285708,-1.2968017857142857,-0.7819765434701622,-0.7065167380508977,-0.6116645142857149,-1.393641057755877,-2.1001577958067745,validated_pga_2020_2024_plus_2026,,1.0,0.5744506079575789,-0.6263000000000001,0.23190000000000005,-0.035599999999999965,-0.17240000000000003,3.5,0.0,0.0038260000000000004,0.5097232518133199,0.5824965277777776,-0.0036936817460315,2026-10-03 11:11:00,1791025860000000000,0.0,-2.9621858855909196,-0.001907440476190514,-0.003693681746031577,-3.542237615770721,12.547447326581043,0.1853683615435433,-3.7276059773142647,0.034785,-0.0,-0.031315,0.00035599999999999965,0.0,0.5135492518133199,-0.06472735614425895,-0.060901356144258956,71.0
"svensson, adam",0.79,BD,13997,292.0,0.89,3.0,4.0,61,23.51,9.83,-1.0,0.25,1.49,0.66,1.31,-0.19,-3.79,1.96,-1.83,18.0,-7.0,Black Desert Resort,Bank of Utah Championship,2026-10-04 13:28:32 UTC,pga:R2026554,3.0,40115,,Adam Svensson,1508c67ba217af67f3cdb061f1aa76ad450fa001da500a5b815c192230ec3d31,70.0,70.0,70.0,1.0,1.634639,3.825219,0.886189,-4.032049,2.313998,-0.37806,1.735836,0.528865,-3.715214,1.357776,1.886641,-1.828573,field_mean_by_category_hole_v1,layout:c51bd2ded3edfb99ae69f96e,ee8f96fc405027d42ded5b81d0f2ef63034eabaa72d0e289d9b5d54584e97982,-0.639993728571429,1.6267082142857134,0.5544646355315557,-3.4687892062779593,0.9867144857142844,1.5411791212458401,-1.9276100850321192,validated_pga_2020_2024_plus_2026,,1.0,-0.8573335936213758,1.2062,-0.1966,0.05939999999999998,-1.6615,2.5,0.0,0.030226000000000003,-0.8364196236643873,0.5947465277777777,0.000903118253968,2026-10-03 11:59:00,1791028740000000000,0.0,-1.9621858855909193,0.01034255952380958,0.0009031182539679228,-1.093606614191766,1.1959754266039782,-0.557359055376516,-0.53624755881525,-0.02949,-0.0,0.06031,-0.0005939999999999998,0.0,-0.8061936236643873,0.020913969956988576,0.05113996995698855,70.0
"koivun, jackson",0.86,BD,32319,290.7,0.78,0.0,3.0,61,31.45,67.98,-1.0,0.67,-2.2,0.19,-2.27,-0.07,0.25,-2.08,-1.83,18.0,-7.0,Black Desert Resort,Bank of Utah Championship,2026-10-04 13:28:32 UTC,pga:R2026554,3.0,66701,,Jackson Koivun,1508c67ba217af67f3cdb061f1aa76ad450fa001da500a5b815c192230ec3d31,70.0,70.0,70.0,1.0,1.629,0.052471,0.653304,-0.020775,2.314,-0.383699,-2.036912,0.29598,0.29606,-2.420611,-2.124631,-1.828571,field_mean_by_category_hole_v1,layout:c51bd2ded3edfb99ae69f96e,ee8f96fc405027d42ded5b81d0f2ef63034eabaa72d0e289d9b5d54584e97982,-0.6456327285714287,-2.146039785714286,0.33788046386697285,0.5330920059911994,-2.7916725142857146,-2.4537920504187416,-1.9207000444275422,validated_pga_2020_2024_plus_2026,,1.0,1.3800401115904146,0.11329999999999996,-0.21850000000000003,-0.12020000000000003,-0.3671000000000001,2.0,0.0,-0.025908000000000007,1.4078549045187811,0.5965590277777776,0.0037527904761904,2026-10-03 12:11:00,1791029460000000000,0.0,-1.9621858855909193,0.012155059523809464,0.0037527904761903226,-3.3263181471813343,11.064392416267864,-0.5354710592670061,-2.790847087914328,-0.032775000000000006,-0.0,0.005664999999999998,0.0012020000000000004,0.0,1.381946904518781,0.027814792928366527,0.0019067929283664853,70.0
"mouw, william",1.0,BD,29770,306.1,0.67,2.0,3.0,61,36.08,,-1.0,0.7,-3.92,0.63,-2.76,1.15,0.3,-2.13,-1.83,18.0,-7.0,Black Desert Resort,Bank of Utah Championship,2026-10-04 13:28:32 UTC,pga:R2026554,3.0,63121,,William Mouw,1508c67ba217af67f3cdb061f1aa76ad450fa001da500a5b815c192230ec3d31,70.0,70.0,70.0,1.0,2.9855,-1.756119,1.065308,0.01931,2.313999,0.972801,-3.845502,0.707984,0.336145,-2.872701,-2.164717,-1.828572,field_mean_by_category_hole_v1,layout:c51bd2ded3edfb99ae69f96e,ee8f96fc405027d42ded5b81d0f2ef63034eabaa72d0e289d9b5d54584e97982,0.7108672714285706,-2.337629785714286,0.4951816894485401,0.306297098610986,-1.6267625142857152,-1.131580824837175,-0.8252837262261891,validated_pga_2020_2024_plus_2026,,1.0,-0.0683963688505638,-1.1875999999999998,-0.24920000000000003,0.23069999999999996,0.6102,4.0,0.0,-0.09906699999999999,0.0298183042671356,0.5978715277777777,0.0071340904761902,2026-10-03 12:23:00,1791030180000000000,0.0,-1.9621858855909193,0.013467559523809625,0.007134090476190123,-1.8731878667403559,3.5088327841032854,-0.011299851732606357,-1.8618880150077495,-0.037380000000000004,0.0,-0.05937999999999999,-0.0023069999999999996,0.0,-0.0692486957328644,0.0982146731176994,-0.0008523268823005942,70.0
"parry, john",0.79,BD,13764,296.4,0.78,4.0,4.0,66,22.67,62.9,0.0,0.33,0.16,-0.48,-0.07,-0.23,-2.27,-0.55,-2.83,18.0,-6.0,Black Desert Resort,Bank of Utah Championship,2026-10-04 13:28:32 UTC,pga:R2026554,3.0,28723,,John Parry,1508c67ba217af67f3cdb061f1aa76ad450fa001da500a5b815c192230ec3d31,71.0,71.0,71.0,1.0,1.581415,2.201554,0.018245,-2.487214,1.314,-0.431284,0.112171,-0.339079,-2.170379,-0.319113,-0.658192,-2.828571,field_mean_by_category_hole_v1,layout:c51bd2ded3edfb99ae69f96e,ee8f96fc405027d42ded5b81d0f2ef63034eabaa72d0e289d9b5d54584e97982,0.09178227142857098,0.003043214285714413,-0.2553796608799669,-2.14859421002045,0.0948254857142854,-0.1605541751656815,-2.3091483851861314,validated_pga_2020_2024_plus_2026,,1.0,0.2049715106874343,-0.07759999999999995,0.07029999999999995,-0.30179999999999996,-0.62,2.0,0.0,0.009682999999999994,0.1494677795347273,0.5924340277777776,-0.0013068817460319,2026-10-03 11:47:00,1791028020000000000,0.0,-2.9621858855909196,0.00803005952380953,-0.0013068817460319773,-3.160434218500576,9.988344449469345,-0.28999964422116736,-2.8704345742794084,0.010544999999999992,-0.0,-0.0038799999999999976,0.003018,0.0,0.1591507795347273,-0.05550373115270699,-0.04582073115270699,71.0
"li, haotong",0.79,BD,15310,303.0,0.72,0.0,3.0,67,25.47,67.19,3.0,0.62,-1.03,-1.16,-4.11,-3.08,-0.56,-5.27,-5.83,18.0,-5.0,Black Desert Resort,Bank of Utah Championship,2026-10-04 13:28:32 UTC,pga:R2026554,3.0,35296,,Haotong Li,1508c67ba217af67f3cdb061f1aa76ad450fa001da500a5b815c192230ec3d31,74.0,74.0,74.0,1.0,-0.146,0.14065,-0.783092,-0.897558,-1.686,-2.158699,-1.948733,-1.140416,-0.580723,-4.107432,-5.247848,-5.828571,field_mean_by_category_hole_v1,layout:c51bd2ded3edfb99ae69f96e,ee8f96fc405027d42ded5b81d0f2ef63034eabaa72d0e289d9b5d54584e97982,-0.42063272857142886,-2.057860785714286,-1.168524731245388,-0.36037840237068886,-2.4784935142857147,-3.6470182455311027,-4.007396647901792,validated_pga_2020_2024_plus_2026,,1.0,0.1128098203480511,0.5639000000000001,-0.5785999999999999,-0.4405999999999999,-0.8372,2.5,0.0,-0.05418899999999997,0.0542600407262994,0.57818125,-0.0030810206349203,2026-10-03 10:59:00,1791025140000000000,0.0,-5.9621858855909196,-0.00622271825396814,-0.0030810206349203774,-6.08429944482786,37.0186997343326,-0.04349704767323648,-6.040802397154623,-0.08678999999999998,-0.0,0.028195000000000005,0.004405999999999999,0.0,7.104072629942476e-05,-0.05854977962175171,-0.11273877962175169,74.0
"dunlap, nick",0.71,BD,28270,287.1,0.78,2.0,5.0,67,30.01,31.01,1.0,0.57,-0.66,0.79,-4.83,-4.17,0.21,-4.04,-3.83,18.0,-5.0,Black Desert Resort,Bank of Utah Championship,2026-10-04 13:28:32 UTC,pga:R2026554,3.0,59866,,Nick Dunlap,1508c67ba217af67f3cdb061f1aa76ad450fa001da500a5b815c192230ec3d31,72.0,72.0,72.0,1.0,-0.789,1.035819,0.168446,-0.101264,0.314001,-2.801699,-1.053564,-0.188878,0.215571,-3.855263,-4.044141,-3.82857,field_mean_by_category_hole_v1,layout:c51bd2ded3edfb99ae69f96e,ee8f96fc405027d42ded5b81d0f2ef63034eabaa72d0e289d9b5d54584e97982,-1.0636327285714289,-1.1626917857142858,-0.5257129093961213,-0.007211874109572469,-2.2263245142857144,-2.752037423681836,-2.7592492977914085,validated_pga_2020_2024_plus_2026,,1.0,-1.7116456047502873,0.6765000000000001,-1.8006,-0.08449999999999996,-0.06719999999999995,5.5,0.0,-0.23542,-1.4416568766424096,0.5947465277777777,0.000903118253968,2026-10-03 11:59:00,1791028740000000000,0.0,-3.9621858855909196,0.01034255952380958,0.0009031182539679228,-2.239294603062855,5.014440319306429,-0.557359055376516,-1.681935547686339,-0.27009,-0.0,0.03382500000000001,0.0008449999999999996,0.0,-1.6770768766424096,0.26998872810787766,0.0345687281078777,72.0
"todd, brendon",0.93,BD,12425,287.1,0.67,1.0,4.0,69,40.1,32.09,2.0,0.78,-4.61,1.88,-4.91,-0.3,-1.8,-3.03,-4.83,18.0,-4.0,Black Desert Resort,Bank of Utah Championship,2026-10-04 13:28:32 UTC,pga:R2026554,3.0,30927,,Brendon Todd,1508c67ba217af67f3cdb061f1aa76ad450fa001da500a5b815c192230ec3d31,73.0,73.0,73.0,1.0,1.548333,-2.633364,2.289833,-1.890802,-0.686,-0.464366,-4.722747,1.932509,-1.573967,-5.187113,-3.254604,-4.828571,field_mean_by_category_hole_v1,layout:c51bd2ded3edfb99ae69f96e,ee8f96fc405027d42ded5b81d0f2ef63034eabaa72d0e289d9b5d54584e97982,-0.7262997285714288,-2.9231247857142852,1.6642517271137682,-1.11721418262245,-3.6494245142857142,-1.985172787171946,-3.102386969794396,validated_pga_2020_2024_plus_2026,,1.0,-2.3710768157061475,-2.3956999999999997,-0.9204,1.0187,0.6816000000000001,2.5,0.0,-0.268032,-2.297881164703328,0.5924340277777776,-0.0013068817460319,2026-10-03 11:47:00,1791028020000000000,0.0,-4.9621858855909196,0.00803005952380953,-0.0013068817460319773,-2.584385892106994,6.6790504393216645,-0.28999964422116736,-2.294386247885827,-0.13806,0.0,-0.11978499999999999,-0.010187,0.0,-2.565913164703328,0.07319565100281933,-0.1948363489971805,73.0
"pavon, matthieu",0.71,BD,19960,306.1,0.72,3.0,6.0,70,34.16,55.85,3.0,0.43,-0.42,-0.63,-3.48,-3.06,-1.72,-4.11,-5.83,18.0,-3.0,Black Desert Resort,Bank of Utah Championship,2026-10-04 13:28:32 UTC,pga:R2026554,3.0,48153,,Matthieu Pavon,1508c67ba217af67f3cdb061f1aa76ad450fa001da500a5b815c192230ec3d31,74.0,74.0,74.0,1.0,0.192081,0.430726,-0.223808,-2.084996,-1.685997,-1.820618,-1.658657,-0.581132,-1.768161,-3.479275,-4.060407,-5.828568,field_mean_by_category_hole_v1,layout:c51bd2ded3edfb99ae69f96e,ee8f96fc405027d42ded5b81d0f2ef63034eabaa72d0e289d9b5d54584e97982,-0.082551728571429,-2.7677847857142854,-0.5032900907884371,-1.3370799421869812,-2.8503365142857144,-3.3536266050741514,-4.690706547261133,validated_pga_2020_2024_plus_2026,,1.0,-0.241127045078248,0.5337000000000001,-1.7532,-0.46499999999999997,-0.26799999999999996,3.0,0.0,-0.231645,-0.0788025459291412,0.5924340277777776,-0.0013068817460319,2026-10-03 11:47:00,1791028020000000000,0.0,-5.9621858855909196,0.00803005952380953,-0.0013068817460319773,-5.714335662734894,32.65363206640384,-0.28999964422116736,-5.424336018513727,-0.26298,-0.0,0.026685000000000004,0.00465,0.0,-0.3104475459291412,0.1623244991491068,-0.0693205008508932,74.0
