player_name,simulated_win_prob
"schauffele, xander",0.07146
"morikawa, collin",0.04684
"matsuyama, hideki",0.03968
"clark, wyndham",0.03887
"mcnealy, maverick",0.03584
"gerard, ryan",0.03526
"bridgeman, jacob",0.03418
"thomas, justin",0.03324
"brennan, michael",0.03242
"ghim, doug",0.03194
"scott, adam",0.02781
"lee, min woo",0.02721
"thorbjornsen, michael",0.0261
"wallace, matt",0.02544
"im, sungjae",0.02486
"kitayama, kurt",0.02468
"fowler, rickie",0.02041
"keefer, johnny",0.01882
"bradley, keegan",0.01725
"smalley, alex",0.01652
"thompson, davis",0.01645
"spieth, jordan",0.01607
"yu, kevin",0.01516
"mitchell, keith",0.01503
"smith, jordan",0.01495
"homa, max",0.01482
"hisatsune, ryo",0.01437
"kim, michael",0.0141
"bauchou, zach",0.01325
"suber, jackson",0.01298
"nakajima, keita",0.01293
"meissner, mac",0.01184
"greyserman, max",0.01123
"fisk, steven",0.01118
"castillo, ricky",0.01088
"ventura, kristoffer",0.01038
"neergaard-petersen, rasmus",0.00915
"harman, brian",0.00872
"hossler, beau",0.00857
"horschel, billy",0.00779
"hodges, lee",0.00748
"bezuidenhout, christiaan",0.0073
"kohles, ben",0.00721
"mccarty, matt",0.00706
"coody, pierceson",0.00695
"theegala, sahith",0.00694
"roy, kevin",0.00662
"parry, john",0.00652
"taylor, nick",0.00632
"potgieter, aldrich",0.00615
"jaeger, stephan",0.00561
"moore, taylor",0.0053
"phillips, chandler",0.00514
"kanaya, takumi",0.00487
"pendrith, taylor",0.00471
"echavarria, nicolas",0.00394
"rodgers, patrick",0.00363
"finau, tony",0.00363
"mccarthy, denny",0.00344
"hoge, tom",0.00241
"hosono, yusaku",0.00214
"lipsky, david",0.00196
"lee, sanghee",0.00187
"putnam, andrew",0.00158
"kozuma, jinichiro",0.00147
"yonezawa, ren",0.00042
"fujimoto, yoshinori",0.00022
"sunagawa, kosuke",0.0002
"iwata, hiroshi",0.00013
"ishizaka, tomohiro",0.0001
