player_name,simulated_win_prob,top_5,top_10,top_20,top_5_nodh,top_10_nodh,top_20_nodh
"bridgeman, jacob",0.19560621428571426,0.5155222705627706,0.7000484222999224,0.8747637867132867,0.55989,0.73693,0.89569
"smith, jordan",0.08229135714285714,0.3099100404040404,0.49881579112554114,0.7339594829565859,0.34994,0.54183,0.768
"coody, pierceson",0.03666102380952381,0.18234798015873013,0.343904296897547,0.5901658148885428,0.21375,0.38461,0.63102
"meissner, mac",0.052762095238095226,0.2372506507936508,0.4151490248640249,0.6640797698641228,0.27335,0.45876,0.70341
"castillo, ricky",0.04506119047619048,0.20950912301587302,0.37254670537795537,0.6133850995948495,0.24178,0.41376,0.65317
"homa, max",0.04714724999999999,0.2244603455988456,0.4027254961427461,0.6565003997113998,0.2595,0.4464,0.6967
"mitchell, keith",0.035246857142857135,0.17178140873015874,0.32025899963924964,0.5567574196865226,0.19995,0.35869,0.59823
"ventura, kristoffer",0.029232690476190475,0.16964365187590186,0.33263689391164386,0.5924584371739371,0.20049,0.37551,0.63564
"thorbjornsen, michael",0.053722428571428574,0.24252485822510822,0.422546557942058,0.6673497153402151,0.27888,0.46559,0.70576
"putnam, andrew",0.005931500000000001,0.053065956349206356,0.1351246023143523,0.33232365904438704,0.06653,0.16128,0.37438
"lipsky, david",0.006998666666666665,0.05725038997113997,0.1422582713952714,0.33575986521321816,0.07119,0.16815,0.37734
"echavarria, nicolas",0.006815261904761905,0.05202895743145744,0.12639735353535353,0.2982107658958688,0.06428,0.14989,0.33556
"lee, min woo",0.03761211904761905,0.18827110497835495,0.34917315151515155,0.5928190093101343,0.21936,0.38915,0.63335
"morikawa, collin",0.057185357142857156,0.26274975144300144,0.4536677907647907,0.7075706800144299,0.30075,0.49941,0.74495
"hisatsune, ryo",0.020615333333333333,0.12485631746031746,0.25818221572871575,0.49925416232378733,0.14888,0.29477,0.54294
"matsuyama, hideki",0.04551361904761905,0.21571213672438672,0.38603100732600737,0.6335769179660209,0.24913,0.42868,0.67259
"yonezawa, ren",0.0005679166666666668,0.007731909090909091,0.026089077922077923,0.09439303754578755,0.01031,0.03312,0.11394
"kim, michael",0.011478261904761904,0.08398397727272727,0.1934840386002886,0.414454921018524,0.10313,0.22564,0.45698
"mccarthy, denny",0.0036297619047619047,0.03620127380952381,0.09969952727827727,0.27408407947607943,0.04606,0.12163,0.31462
"brennan, michael",0.026973999999999998,0.1432168134920635,0.2802937226939727,0.5134627786935286,0.16859,0.3173,0.55502
"parry, john",0.006510166666666667,0.05109395238095238,0.12918884534909533,0.3142640438866689,0.06371,0.15366,0.35429
"keefer, johnny",0.0174175,0.10222577453102452,0.21595845562770563,0.43621200664123455,0.12279,0.24956,0.47809
"bezuidenhout, christiaan",0.0033239999999999997,0.036365575396825396,0.10292985508935508,0.2831390844661874,0.0463,0.12555,0.32405
"iwata, hiroshi",0.000465,0.004955826118326119,0.017171075036075036,0.06370629335941835,0.00655,0.02197,0.07658
"gerard, ryan",0.02416192857142857,0.13937717893217894,0.2835615222277722,0.5327296920856921,0.16564,0.32407,0.57614
"nakajima, keita",0.0071785,0.05640543686868687,0.13965376767676768,0.3289579786324786,0.0701,0.16548,0.36998
"jaeger, stephan",0.003483761904761904,0.03091034126984127,0.08181189754689755,0.21765175799200798,0.03892,0.09866,0.24922
"im, sungjae",0.012956357142857141,0.09338975396825397,0.21006182539682536,0.4388978391053391,0.11356,0.24405,0.48216
"sunagawa, kosuke",0.0002690238095238095,0.0044598214285714284,0.016027828504828503,0.065909166000666,0.00606,0.02103,0.08073
"thomas, justin",0.015507690476190475,0.1004593611111111,0.2203984917027417,0.45167549923687417,0.12142,0.25441,0.49634
"scott, adam",0.012489440476190475,0.087528373015873,0.19854304942279946,0.4238418744262274,0.10721,0.23183,0.46778
"harman, brian",0.003732,0.034392297979797974,0.09304554279054279,0.2524440162198912,0.04334,0.11256,0.28911
"ghim, doug",0.013590666666666666,0.09382067063492062,0.2098124624819625,0.44065594472194475,0.11337,0.24391,0.48468
"bauchou, zach",0.005450428571428572,0.04669476695526695,0.11996553882228882,0.2985970003607504,0.05858,0.14346,0.33731
"hodges, lee",0.004321833333333334,0.03892369516594516,0.10518627633477634,0.28014189715839716,0.04934,0.12716,0.31957
"hossler, beau",0.0025444166666666666,0.02566770670995671,0.07288500505050505,0.20644078069153068,0.0329,0.08919,0.23852
"greyserman, max",0.004144833333333332,0.03565621825396825,0.09268805735930735,0.2401479822122322,0.04466,0.1112,0.27357
"mccarty, matt",0.0026791666666666665,0.025608194805194804,0.0699820681818182,0.1934152087634588,0.03229,0.0852,0.22284
"schauffele, xander",0.017253916666666667,0.11271918795093795,0.2412989531024531,0.48147213308423603,0.13532,0.27806,0.52571
"kanaya, takumi",0.0011031666666666666,0.016192400793650794,0.05194435173160174,0.17260469938394937,0.02141,0.06544,0.20384
"wallace, matt",0.007275857142857144,0.0541050873015873,0.13039182958707957,0.3108127241785992,0.06723,0.1546,0.34987
"roy, kevin",0.001588761904761905,0.019451666666666666,0.06029694805194806,0.18823326906426907,0.02529,0.07472,0.22031
"phillips, chandler",0.0020112500000000005,0.01999616378066378,0.05709489776889777,0.16966974765512263,0.02583,0.07023,0.19778
"ishizaka, tomohiro",7.676190476190475e-05,0.0019564166666666666,0.007372972222222223,0.035890222582972586,0.00263,0.00994,0.0446
"clark, wyndham",0.010538857142857141,0.07133531349206348,0.1644324398656899,0.3613763552509581,0.08733,0.19253,0.40075
"kohles, ben",0.0010746666666666667,0.013236524531024531,0.04190627344877344,0.14219455011165305,0.01723,0.05282,0.16891
"horschel, billy",0.0007718333333333334,0.009631503968253966,0.031917581890331885,0.11040601645576646,0.01279,0.04044,0.13095
"smalley, alex",0.002714,0.023983809523809522,0.06776888203463204,0.1966314104506605,0.03041,0.08294,0.22788
"taylor, nick",0.0009277619047619046,0.012100873015873016,0.0389211727994228,0.13146045093795095,0.0159,0.04861,0.15593
"kitayama, kurt",0.0029850833333333326,0.027270059523809523,0.0759267345987346,0.2098881401515152,0.03478,0.09215,0.24131
"finau, tony",0.0006398333333333334,0.007887059523809524,0.024049751914751914,0.08181339518814519,0.01041,0.03014,0.09732
"lee, sanghee",6.0333333333333334e-05,0.001188238095238095,0.005445325396825396,0.025955833430458434,0.00179,0.0072,0.03308
"mcnealy, maverick",0.0030622738095238094,0.029048560606060606,0.08017897005772007,0.22047960134310132,0.03711,0.09759,0.25366
"spieth, jordan",0.0014469285714285714,0.014104084054834057,0.042080436507936504,0.13275576512376513,0.01828,0.05269,0.15631
"pendrith, taylor",0.0002986666666666667,0.0043661111111111105,0.015893358086358084,0.0627839161949162,0.00592,0.02054,0.07681
"suber, jackson",0.000977333333333333,0.011485715007215009,0.0384656626984127,0.12924444141969144,0.01543,0.04866,0.1529
"fujimoto, yoshinori",1.2e-05,0.0004974166666666666,0.0020169895382395383,0.012288747113997115,0.00074,0.00278,0.01585
"moore, taylor",0.0004884285714285715,0.006061952380952382,0.020362387806637808,0.077049452043055,0.00821,0.02595,0.09278
"hosono, yusaku",0.00018083333333333333,0.002998468253968254,0.010681464646464647,0.04606952394827395,0.00409,0.01403,0.0574
"bradley, keegan",0.0010906666666666664,0.012864480158730157,0.04167519083694084,0.13896688451336245,0.01705,0.05231,0.16438
"nagasaki, koshin",1e-05,2.2857142857142855e-05,4.0999999999999994e-05,0.0003860858585858586,3e-05,6e-05,0.00055
"rodgers, patrick",0.0001233333333333333,0.001926857142857143,0.008318842352092352,0.03642060411810412,0.00274,0.01104,0.04516
"fowler, rickie",0.0005425000000000001,0.007881857142857144,0.02638619635919636,0.09413303996003997,0.01053,0.03333,0.1132
"thompson, davis",0.0006818333333333333,0.009121920634920634,0.027801265873015873,0.09747336075036075,0.0119,0.03515,0.11676
"kozuma, jinichiro",3.5e-05,0.000613345238095238,0.00256434126984127,0.013166654734154735,0.00082,0.00337,0.01692
"neergaard-petersen, rasmus",0.00016416666666666665,0.00250922619047619,0.010134599927849928,0.045716629551004556,0.00339,0.01348,0.0569
"iwasaki, aguri",2e-06,5.566666666666667e-05,0.0001809642857142857,0.001046328282828283,7e-05,0.00026,0.00139
"fisk, steven",0.00020166666666666667,0.0033776071428571423,0.012796158730158732,0.055161361388611385,0.00458,0.01677,0.06796
"theegala, sahith",0.00013166666666666665,0.0018982976190476191,0.007514695165945166,0.03350790981240981,0.00261,0.00999,0.04154
"yu, kevin",0.0002489999999999999,0.00398898051948052,0.015112881313131316,0.06354705753968254,0.00551,0.01956,0.07837
"potgieter, aldrich",0.0,0.0001684285714285714,0.001116968253968254,0.0070060104617604615,0.00028,0.0016,0.00908
"hoge, tom",0.0,0.0,5e-06,0.0002298095238095238,0.0,1e-05,0.00035
