player_name,player_name_original,category,category_clean,n,mean,std,excess_kurtosis,delta_mu,sigma_ratio,tail_ratio_course,mean_adj,std_adj,df_t,distribution,sanity_flags,q01_adj,q05_adj,q10_adj,q25_adj,q50_adj,q75_adj,q90_adj,q95_adj,q99_adj
"aberg, ludvig","Aberg, Ludvig",sg_app_adj,sg_app,205,0.2556698739201813,1.7728363858532346,-0.1139220592866778,0.0,1.0,0.0,0.2556698739201813,1.7728363858532346,inf,normal,,-3.9807,-2.4764,-1.8398000000000003,-1.2124,0.1596,1.4152,2.4565,3.8023,3.8592
"aberg, ludvig","Aberg, Ludvig",sg_arg_adj,sg_arg,205,0.1367726854124303,0.9228714997034384,0.3867602801354453,0.0,1.0,0.0,0.1367726854124303,0.9228714997034384,19.513485505540466,student_t,,-2.2482,-1.5612,-1.1352,-0.17939999999999987,0.0858,0.7524,1.2508,1.3638,2.2018
"aberg, ludvig","Aberg, Ludvig",sg_ott_adj,sg_ott,205,0.5365880421344473,0.9241566686360052,2.772161513707416,0.0,1.0,0.0,0.5365880421344473,0.9241566686360052,6.164376054689454,student_t,df_t<8,-1.9160000000000001,-0.8659999999999999,-0.4309999999999998,-0.06099999999999994,0.7000000000000001,1.184,1.547,1.708,2.164
"aberg, ludvig","Aberg, Ludvig",sg_putt_adj,sg_putt,205,0.3728308808337693,1.3936559108982995,-0.1675430081041757,0.0,1.0,0.0,0.3728308808337693,1.3936559108982995,inf,normal,,-2.5798,-2.0074,-1.4838,-0.6084,0.3434,1.3982,2.1873,2.6466,3.8605
"berger, daniel","Berger, Daniel",sg_app_adj,sg_app,312,0.6319621325255173,1.444850579090854,1.284741821496694,0.0,1.0,0.0,0.6319621325255173,1.444850579090854,8.670199023341624,student_t,,-2.8187,-2.5552,-1.1273999999999997,-0.09650000000000003,0.7433000000000001,1.4187,2.0325,2.7244,4.7637
"berger, daniel","Berger, Daniel",sg_arg_adj,sg_arg,312,-0.3653841286548728,1.1466073189533394,0.1329126635581459,0.0,1.0,0.0,-0.3653841286548728,1.1466073189533394,49.14242540459775,student_t,,-3.6902,-2.5326,-2.3732,-0.939,-0.06919999999999998,0.44830000000000003,0.9804,1.2686000000000002,1.3184
"berger, daniel","Berger, Daniel",sg_ott_adj,sg_ott,312,0.2488497020776756,0.8724939635899199,1.485157873676641,0.0,1.0,0.0,0.2488497020776756,0.8724939635899199,8.039974541660317,student_t,,-2.213,-2.207,-0.7249999999999999,-0.20600000000000002,0.367,0.7930000000000001,1.1809999999999998,1.5739999999999998,1.711
"berger, daniel","Berger, Daniel",sg_putt_adj,sg_putt,312,-0.2351987354894866,1.5381385220758417,-0.9199461248138884,0.0,1.0,0.0,-0.2351987354894866,1.5381385220758417,inf,normal,,-2.9655,-2.7274000000000003,-2.30165,-1.3725,-0.6053000000000001,1.16635,1.6815,2.3122,2.9858
"bhatia, akshay","Bhatia, Akshay",sg_app_adj,sg_app,270,0.7263484667489273,1.5491697542235765,0.7005722804526875,0.0,1.0,0.0,0.7263484667489273,1.5491697542235765,12.564426779950516,student_t,,-2.2938,-1.7842000000000002,-1.1415,-0.21550000000000002,0.6176,1.8836,2.2806,2.8532,5.1356
"bhatia, akshay","Bhatia, Akshay",sg_arg_adj,sg_arg,270,0.0435627273375936,1.1060879513828608,-0.4415830880056663,0.0,1.0,0.0,0.0435627273375936,1.1060879513828608,inf,normal,,-2.3566,-1.8176,-1.3756000000000002,-0.7934,0.0166,0.7776000000000001,1.4558,2.0054,2.4408
"bhatia, akshay","Bhatia, Akshay",sg_ott_adj,sg_ott,270,0.1148262572040523,1.0571428687859172,3.652416877710295,0.0,1.0,0.0,0.1148262572040523,1.0571428687859172,5.642747857347929,student_t,df_t<8,-3.792,-1.746,-0.8929999999999999,-0.253,0.261,0.794,1.342,1.453,1.469
"bhatia, akshay","Bhatia, Akshay",sg_putt_adj,sg_putt,270,0.3056017157471795,1.5781076035059565,0.5329570078835997,0.0,1.0,0.0,0.3056017157471795,1.5781076035059565,15.257943720125411,student_t,,-3.8558,-2.6775,-1.8584,-0.49879999999999997,0.4737,1.3363,2.2218,2.8086,3.2897
"bradley, keegan","Bradley, Keegan",sg_app_adj,sg_app,448,0.0482655951964554,1.7491886238006986,-0.1775002595140855,0.0,1.0,0.0,0.0482655951964554,1.7491886238006986,inf,normal,,-2.7944,-2.2744000000000004,-2.2294,-1.1998,-0.3556999999999999,1.3586,2.0142,3.5306,4.4786
"bradley, keegan","Bradley, Keegan",sg_arg_adj,sg_arg,448,0.5571979819153737,1.3093111927500043,3.000349702195741,0.0,1.0,0.0,0.5571979819153737,1.3093111927500043,5.999766892375589,student_t,df_t<8,-4.1916,-1.1502,-0.8533999999999998,-0.2602,0.7126,1.3006,1.6898,2.4958,3.2384
"bradley, keegan","Bradley, Keegan",sg_ott_adj,sg_ott,448,0.2955674434324994,0.9340803271932174,-0.1455372883655443,0.0,1.0,0.0,0.2955674434324994,0.9340803271932174,inf,normal,,-1.8560000000000003,-1.665,-0.9479999999999998,-0.172,0.212,0.993,1.399,1.8939999999999997,1.968
"bradley, keegan","Bradley, Keegan",sg_putt_adj,sg_putt,448,0.0475921944226204,1.6664428292499978,-0.2421564011695074,0.0,1.0,0.0,0.0475921944226204,1.6664428292499978,inf,normal,,-4.432799999999999,-2.8924,-2.1234,-0.8333999999999999,0.18030000000000002,1.3138,2.1635500000000003,2.7008,2.9596
"bridgeman, jacob","Bridgeman, Jacob",sg_app_adj,sg_app,181,0.5127411174639839,1.937106169897891,1.6681785125351514,0.0,1.0,0.0,0.5127411174639839,1.937106169897891,7.596737372478037,student_t,df_t<8,-4.7064,-1.6555,-1.2043999999999997,-0.7954,0.3722,1.4172,2.6223,3.1803000000000003,6.2836
"bridgeman, jacob","Bridgeman, Jacob",sg_arg_adj,sg_arg,181,0.1067337738589579,1.1420350753920456,-0.1359234510568887,0.0,1.0,0.0,0.1067337738589579,1.1420350753920456,inf,normal,,-1.8961999999999999,-1.438,-1.3782,-0.7101999999999999,0.0461999999999999,0.643,1.8524,1.8928,2.7238
"bridgeman, jacob","Bridgeman, Jacob",sg_ott_adj,sg_ott,181,0.0453345242682534,0.8091356498703386,-0.3803237298297293,0.0,1.0,0.0,0.0453345242682534,0.8091356498703386,inf,normal,,-1.67,-1.201,-1.088,-0.6040000000000001,0.137,0.6040000000000001,1.196,1.1969999999999998,1.61
"bridgeman, jacob","Bridgeman, Jacob",sg_putt_adj,sg_putt,181,0.7926292505274388,1.6946981417209408,-0.0139319703673366,0.0,1.0,0.0,0.7926292505274388,1.6946981417209408,inf,normal,,-2.9305000000000003,-1.9052,-1.2354,-0.25639999999999996,0.9633,1.6375,2.9307,3.9155999999999995,4.1246
"burns, sam","Burns, Sam",sg_app_adj,sg_app,463,0.4086904311468828,1.525328624947925,0.2843344542934871,0.0,1.0,0.0,0.4086904311468828,1.525328624947925,25.10190977350519,student_t,,-2.7579,-1.8852999999999998,-1.6238,-0.5257000000000001,0.3293,1.4477,2.5672,2.8668,3.9643
"burns, sam","Burns, Sam",sg_arg_adj,sg_arg,463,-0.2091327475999404,0.9959052917420648,0.039108166241347,0.0,1.0,0.0,-0.2091327475999404,0.9959052917420648,157.4206427111,student_t,,-2.3054,-2.0026,-1.5662,-0.7954,-0.2444,0.36740000000000006,1.0894,1.5439999999999998,2.3588
"burns, sam","Burns, Sam",sg_ott_adj,sg_ott,463,0.277604461454269,0.9486518857591054,2.7135287957682586,0.0,1.0,0.0,0.277604461454269,0.9486518857591054,6.2111429255355555,student_t,df_t<8,-3.4370000000000003,-1.669,-0.942,-0.08299999999999991,0.44,0.938,1.235,1.271,1.77
"burns, sam","Burns, Sam",sg_putt_adj,sg_putt,463,0.7559576105446653,1.953151013402655,0.3805627937237461,0.0,1.0,0.0,0.7559576105446653,1.953151013402655,19.766123485932397,student_t,,-4.5652,-2.2964,-1.4587999999999999,-0.4295,0.8312,2.1642,2.7238,3.7732,5.4303
"campbell, brian","Campbell, Brian",sg_app_adj,sg_app,78,-0.6777751416630723,2.3967631505739417,-0.2476830686147981,0.0,1.0,0.0,-0.6777751416630723,2.3967631505739417,inf,normal,,-5.6517,-5.298500000000001,-4.7218,-1.875,-0.6077,0.8986999999999999,1.9657,2.8633,4.6226
"campbell, brian","Campbell, Brian",sg_arg_adj,sg_arg,78,-0.2012673212132732,1.1957485352551835,0.1165194689681903,0.0,1.0,0.0,-0.2012673212132732,1.1957485352551835,55.49354054847258,student_t,,-3.3346,-2.0992,-1.7366,-0.7454000000000001,-0.2056,0.7112,1.2378,1.7706,2.4294
"campbell, brian","Campbell, Brian",sg_ott_adj,sg_ott,78,-0.8890456819394297,0.9653628453508216,1.5566982338391906,0.0,1.0,0.0,-0.8890456819394297,0.9653628453508216,7.854311561208984,student_t,df_t<8,-3.551,-2.887,-2.156,-1.384,-0.7729999999999999,-0.17500000000000004,0.16999999999999993,0.238,0.655
"campbell, brian","Campbell, Brian",sg_putt_adj,sg_putt,78,0.3753722459040368,1.331370135978124,-0.5902068789868515,0.0,1.0,0.0,0.3753722459040368,1.331370135978124,inf,normal,,-2.4024,-2.1349,-1.5737,-0.5326,0.3936,1.1973,2.1504,2.4762,2.9624
"cantlay, patrick","Cantlay, Patrick",sg_app_adj,sg_app,389,0.6632549926427039,1.6350115370858125,-0.0535604969678544,0.0,1.0,0.0,0.6632549926427039,1.6350115370858125,inf,normal,,-2.1054,-1.9845000000000002,-1.6624000000000003,-0.3456,0.6016,1.6806,3.0406,3.6566,4.7363
"cantlay, patrick","Cantlay, Patrick",sg_arg_adj,sg_arg,389,0.2014602878410195,1.0240009023414018,1.0500587962714665,0.0,1.0,0.0,0.2014602878410195,1.0240009023414018,9.713965752493777,student_t,,-1.6894,-1.2894,-1.2122,-0.43460000000000004,0.2548,0.8273999999999999,1.3526,1.7636,3.4184
"cantlay, patrick","Cantlay, Patrick",sg_ott_adj,sg_ott,389,0.3301485130879253,0.7331999590613131,0.7479386358783677,0.0,1.0,0.0,0.3301485130879253,0.7331999590613131,12.022048483902282,student_t,,-1.643,-0.8479999999999999,-0.335,-0.177,0.2339999999999999,0.9080000000000001,1.278,1.403,2.011
"cantlay, patrick","Cantlay, Patrick",sg_putt_adj,sg_putt,389,0.1560493185268052,1.664270585890505,0.5845005852751255,0.0,1.0,0.0,0.1560493185268052,1.664270585890505,14.265173639091891,student_t,,-3.9764,-3.4828,-1.5064,-0.5671999999999999,0.0962,1.1414,2.7206,2.7846,4.0602
"cauley, bud","Cauley, Bud",sg_app_adj,sg_app,182,0.2966156214500984,1.6429820402673156,-0.1228386794918985,0.0,1.0,0.0,0.2966156214500984,1.6429820402673156,inf,normal,,-2.5776,-2.0928,-1.7544000000000002,-0.9624000000000001,0.2391,1.2072,2.4726,2.6177,4.4813
"cauley, bud","Cauley, Bud",sg_arg_adj,sg_arg,182,0.0130965217615237,1.048582873332098,0.1702525935318251,0.0,1.0,0.0,0.0130965217615237,1.048582873332098,39.241753887751656,student_t,,-2.4014,-1.7842,-1.2688,-0.6928,-0.0059999999999998995,0.5376000000000001,1.6822,1.9458,2.1288
"cauley, bud","Cauley, Bud",sg_ott_adj,sg_ott,182,0.0001955579685193,0.9216925738554675,1.6335423372666442,0.0,1.0,0.0,0.0001955579685193,0.9216925738554675,7.672999384907044,student_t,df_t<8,-3.0860000000000003,-1.48,-1.262,-0.5299999999999999,0.178,0.63,1.047,1.254,1.424
"cauley, bud","Cauley, Bud",sg_putt_adj,sg_putt,182,-0.2455704464110494,1.933795725617401,0.0688647531580852,0.0,1.0,0.0,-0.2455704464110494,1.933795725617401,91.12729988629253,student_t,,-6.1484,-3.1528,-2.4404,-1.6027,-0.3616999999999999,1.206,2.4415,2.9996,4.0645
"conners, corey","Conners, Corey",sg_app_adj,sg_app,500,0.4994650603449175,1.5315402849644215,-0.2234545975106217,0.0,1.0,0.0,0.4994650603449175,1.5315402849644215,inf,normal,,-2.2414,-2.1308,-1.4137,-0.4644,0.3053,1.4132,2.987,3.4645,3.87
"conners, corey","Conners, Corey",sg_arg_adj,sg_arg,500,-0.0916681899743711,0.9284603652994602,1.6875353620322473,0.0,1.0,0.0,-0.0916681899743711,0.9284603652994602,7.555481049460429,student_t,df_t<8,-2.1856,-1.5762,-1.042,-0.6626000000000001,-0.0442,0.3686,0.7254,1.1286,2.6054
"conners, corey","Conners, Corey",sg_ott_adj,sg_ott,500,0.3623626663858654,0.8516108609234272,0.3764883978277487,0.0,1.0,0.0,0.3623626663858654,0.8516108609234272,19.936746084656573,student_t,,-1.9199999999999997,-1.168,-0.9139999999999999,-0.05199999999999988,0.56,0.9120000000000001,1.228,1.527,2.036
"conners, corey","Conners, Corey",sg_putt_adj,sg_putt,500,-0.0531598476466458,1.7995364513117456,0.9453179993561752,0.0,1.0,0.0,-0.0531598476466458,1.7995364513117456,10.34707051392907,student_t,,-5.3138,-2.9857,-2.3457,-1.3196,0.013200000000000003,0.764,1.8966,2.2242,5.0376
"coody, pierceson","Coody, Pierceson",sg_app_adj,sg_app,140,0.3785438851277641,1.263471733355048,0.2598471812737779,0.0,1.0,0.0,0.3785438851277641,1.263471733355048,27.090494846193202,student_t,,-3.3414,-1.8786,-1.2017,-0.31459999999999994,0.3766,1.1945,1.666,2.5012,2.8506
"coody, pierceson","Coody, Pierceson",sg_arg_adj,sg_arg,140,-0.019602201857302,1.1090955385394952,1.9780610812419184,0.0,1.0,0.0,-0.019602201857302,1.1090955385394952,7.033273369006847,student_t,df_t<8,-3.2472000000000003,-1.8106,-1.5508,-0.7526,0.1061999999999999,0.7072,1.153,1.4906,2.1670000000000003
"coody, pierceson","Coody, Pierceson",sg_ott_adj,sg_ott,140,0.7045630228207216,0.8314190419257746,0.753221008774644,0.0,1.0,0.0,0.7045630228207216,0.8314190419257746,11.965789496181111,student_t,,-1.311,-0.8439999999999999,-0.43499999999999983,0.1339999999999999,0.938,1.1989999999999998,1.697,1.769,2.1460000000000004
"coody, pierceson","Coody, Pierceson",sg_putt_adj,sg_putt,140,-0.0085747756561101,1.7259672181839345,-0.5285238305970608,0.0,1.0,0.0,-0.0085747756561101,1.7259672181839345,inf,normal,,-3.8612,-3.3328,-2.6948,-0.9734,0.0874,1.3342,2.1737,2.4144,3.1601
"dahmen, joel","Dahmen, Joel",sg_app_adj,sg_app,414,0.0437210460471611,1.575468213689933,-0.3070645364441495,0.0,1.0,0.0,0.0437210460471611,1.575468213689933,inf,normal,,-3.7925,-2.6596,-1.839,-1.0255,-0.10365000000000002,1.1568,2.42335,2.5706,3.5700000000000003
"dahmen, joel","Dahmen, Joel",sg_arg_adj,sg_arg,414,-0.0875549903212157,0.9856531348539902,-0.4726713935421851,0.0,1.0,0.0,-0.0875549903212157,0.9856531348539902,inf,normal,,-2.2476000000000003,-1.8424,-1.4314,-0.975,0.0211999999999999,0.5626000000000001,0.9635999999999999,1.4072,1.805
"dahmen, joel","Dahmen, Joel",sg_ott_adj,sg_ott,414,0.3884879209378243,0.8370523022351597,1.258407862154101,0.0,1.0,0.0,0.3884879209378243,0.8370523022351597,8.767929524637106,student_t,,-2.185,-1.164,-0.655,-0.05599999999999988,0.396,0.807,1.247,1.813,2.313
"dahmen, joel","Dahmen, Joel",sg_putt_adj,sg_putt,414,-0.2449213282760919,1.7583648569035817,0.3827706240725148,0.0,1.0,0.0,-0.2449213282760919,1.7583648569035817,19.675184098932622,student_t,,-5.0116,-3.1827,-2.27958,-1.2026,-0.4308,0.9105,1.7238,3.0652,3.8581
"day, jason","Day, Jason",sg_app_adj,sg_app,373,-0.1055720484186519,1.471556102679478,-0.1867108852707444,0.0,1.0,0.0,-0.1055720484186519,1.471556102679478,inf,normal,,-3.8439,-2.0194,-1.5294,-1.3366,-0.3494,1.0804,1.7724,2.1603,3.3802
"day, jason","Day, Jason",sg_arg_adj,sg_arg,373,0.4534539488797402,1.167716871473358,-0.3127175664964317,0.0,1.0,0.0,0.4534539488797402,1.167716871473358,inf,normal,,-2.4062,-1.9074,-0.8412,-0.36040000000000005,0.5926,1.1698,2.0036,2.1582,2.702
"day, jason","Day, Jason",sg_ott_adj,sg_ott,373,0.1099071748540839,1.0252905699491917,-0.3374618198649153,0.0,1.0,0.0,0.1099071748540839,1.0252905699491917,inf,normal,,-2.397,-1.9620000000000002,-1.412,-0.378,0.38,0.824,1.301,1.3490000000000002,1.726
"day, jason","Day, Jason",sg_putt_adj,sg_putt,373,0.5621379918659227,1.5230231776542384,-0.0857801012037482,0.0,1.0,0.0,0.5621379918659227,1.5230231776542384,inf,normal,,-3.3738,-1.6576,-1.3998,-0.5496,0.5478000000000001,1.5126,2.3256,3.2824,3.9144
"echavarria, nicolas","Echavarria, Nicolas",sg_app_adj,sg_app,220,0.2922877179600017,1.998511014833204,1.2578802534185582,0.0,1.0,0.0,0.2922877179600017,1.998511014833204,8.769929398043827,student_t,,-6.3358,-2.2924,-2.0434,-1.3002,0.5652,1.7056,2.64535,3.0622000000000003,3.9842
"echavarria, nicolas","Echavarria, Nicolas",sg_arg_adj,sg_arg,220,-0.0511118651434249,1.018468695033625,1.0240110980617343,0.0,1.0,0.0,-0.0511118651434249,1.018468695033625,9.859311497069616,student_t,,-2.8008,-2.1644,-1.4196,-0.5698,0.04240000000000001,0.5416,1.0873000000000002,1.2914,1.7528
"echavarria, nicolas","Echavarria, Nicolas",sg_ott_adj,sg_ott,220,0.0082036341277754,0.8487474428296565,0.7648343590971343,0.0,1.0,0.0,0.0082036341277754,0.8487474428296565,11.844835850579246,student_t,,-1.711,-1.464,-1.051,-0.449,-0.081,0.727,0.991,1.318,1.695
"echavarria, nicolas","Echavarria, Nicolas",sg_putt_adj,sg_putt,220,0.2832827308810439,1.804474929417844,-0.0728670745700132,0.0,1.0,0.0,0.2832827308810439,1.804474929417844,inf,normal,,-3.516,-2.54165,-2.4644,-0.9301999999999999,0.2026,1.5943,2.5586,3.40535,3.8228
"english, harris","English, Harris",sg_app_adj,sg_app,443,0.1182450870035637,1.581577430554503,-0.5189027024958661,0.0,1.0,0.0,0.1182450870035637,1.581577430554503,inf,normal,,-3.4017,-2.7065,-1.9489000000000003,-0.9342,0.1737999999999999,1.3876,2.0692,2.6936,3.0462
"english, harris","English, Harris",sg_arg_adj,sg_arg,443,0.0996571198629192,0.8810553041344511,-0.4584848842142208,0.0,1.0,0.0,0.0996571198629192,0.8810553041344511,inf,normal,,-1.9573999999999998,-1.3642,-1.0494,-0.7305999999999999,0.1138,0.6722000000000001,1.2748,1.3944,1.7566
"english, harris","English, Harris",sg_ott_adj,sg_ott,443,0.5059433071895948,0.8381861117350331,1.071391979754936,0.0,1.0,0.0,0.5059433071895948,0.8381861117350331,9.600191259012789,student_t,,-2.07,-1.0349999999999997,-0.493,0.184,0.649,1.131,1.405,1.6990000000000003,1.9810000000000003
"english, harris","English, Harris",sg_putt_adj,sg_putt,443,0.652210086385881,1.7019616462418377,-0.3404031576990722,0.0,1.0,0.0,0.652210086385881,1.7019616462418377,inf,normal,,-3.5075000000000003,-1.3638,-1.2184,-0.7534,0.4336,1.9207,3.0548,4.1576,4.514200000000001
"fitzpatrick, matt","Fitzpatrick, Matt",sg_app_adj,sg_app,394,0.7936322250303354,1.3056708821483376,0.7871963582384698,0.0,1.0,0.0,0.7936322250303354,1.3056708821483376,11.62198648050959,student_t,,-3.0985,-1.4171,-0.7914000000000001,-0.13480000000000003,0.9062,1.4966,2.3896,2.7445000000000004,3.3382
"fitzpatrick, matt","Fitzpatrick, Matt",sg_arg_adj,sg_arg,394,0.2550506379767252,1.0819785177487196,0.5844557167737885,0.0,1.0,0.0,0.2550506379767252,1.0819785177487196,14.265961693591029,student_t,,-1.9467999999999999,-1.2724,-0.8128,-0.4152,0.048600000000000004,0.7888000000000001,2.2868000000000004,2.5668000000000006,2.8796
"fitzpatrick, matt","Fitzpatrick, Matt",sg_ott_adj,sg_ott,394,0.3601889527717776,0.961901628999076,1.8902618941211504,0.0,1.0,0.0,0.3601889527717776,0.961901628999076,7.1741633361284105,student_t,df_t<8,-3.153,-1.206,-0.782,-0.199,0.629,1.056,1.377,1.501,1.786
"fitzpatrick, matt","Fitzpatrick, Matt",sg_putt_adj,sg_putt,394,0.253021403817747,1.7201110474880763,-0.2709870713792148,0.0,1.0,0.0,0.253021403817747,1.7201110474880763,inf,normal,,-2.9894,-2.2809,-2.2244,-0.7967,0.3802,1.1962,2.5496,3.9165,4.2926
"fleetwood, tommy","Fleetwood, Tommy",sg_app_adj,sg_app,358,0.7443571477625944,1.414046770547193,-0.1208047212306562,0.0,1.0,0.0,0.7443571477625944,1.414046770547193,inf,normal,,-2.4174,-1.7615999999999996,-1.0164,-0.18979999999999997,0.8461,1.7662,2.4116,3.2066,3.8142
"fleetwood, tommy","Fleetwood, Tommy",sg_arg_adj,sg_arg,358,0.574316116031465,1.017219818830594,0.0354372835146064,0.0,1.0,0.0,0.574316116031465,1.017219818830594,173.31320363557055,student_t,,-1.6434000000000002,-0.9551999999999999,-0.6184,-0.1641999999999999,0.5488,1.0496,2.0034,2.4768,3.0228
"fleetwood, tommy","Fleetwood, Tommy",sg_ott_adj,sg_ott,358,0.4368348086897413,0.8277377844041018,0.8271214739982233,0.0,1.0,0.0,0.4368348086897413,0.8277377844041018,11.254073541334375,student_t,,-1.7449999999999999,-1.382,-0.327,0.07,0.516,0.9870000000000001,1.411,1.943,1.959
"fleetwood, tommy","Fleetwood, Tommy",sg_putt_adj,sg_putt,358,0.8698494437127556,1.3503012043693596,-0.1145939917145528,0.0,1.0,0.0,0.8698494437127556,1.3503012043693596,inf,normal,,-2.2554000000000003,-1.8403999999999998,-0.6865,-0.27849999999999986,1.0153,1.6886,2.4686,2.7293000000000003,3.9936
"fowler, rickie","Fowler, Rickie",sg_app_adj,sg_app,422,0.4150627191407264,1.6060961016132156,1.045182922086135,0.0,1.0,0.0,0.4150627191407264,1.6060961016132156,9.740621926757363,student_t,,-3.3256,-1.9914,-1.5874000000000001,-0.4336999999999999,0.3606,1.3451,2.1297,3.0573,5.0163
"fowler, rickie","Fowler, Rickie",sg_arg_adj,sg_arg,422,-0.115630775785252,0.9994451955487788,-0.1607707131098807,0.0,1.0,0.0,-0.115630775785252,0.9994451955487788,inf,normal,,-2.1072,-1.5544,-1.4304,-0.8992,-0.112,0.5136000000000001,1.0486,1.9226,2.3372
"fowler, rickie","Fowler, Rickie",sg_ott_adj,sg_ott,422,0.410679278698969,0.8356919273896602,0.4655903749168053,0.0,1.0,0.0,0.410679278698969,0.8356919273896602,16.886864340939432,student_t,,-1.5959999999999999,-1.248,-0.867,-0.08600000000000002,0.607,0.899,1.301,1.667,1.902
"fowler, rickie","Fowler, Rickie",sg_putt_adj,sg_putt,422,0.6356627275502849,1.340668814761356,-0.6254790071707554,0.0,1.0,0.0,0.6356627275502849,1.340668814761356,inf,normal,,-2.1477,-1.3478,-1.1848,-0.3689,0.3633,1.5376,2.5802,2.9996,3.1142
"fox, ryan","Fox, Ryan",sg_app_adj,sg_app,221,0.2454528533001119,1.4789391997764303,-0.341790719925036,0.0,1.0,0.0,0.2454528533001119,1.4789391997764303,inf,normal,,-2.2338000000000005,-1.9357,-1.7326,-0.8667,0.03859999999999991,1.1318,1.9398,2.8745000000000003,3.8888
"fox, ryan","Fox, Ryan",sg_arg_adj,sg_arg,221,0.1253945726351889,1.11384267487841,0.2268868516499971,0.0,1.0,0.0,0.1253945726351889,1.11384267487841,30.444899545152097,student_t,,-1.9184000000000003,-1.2394,-1.1509999999999998,-0.6526,-0.021600000000000008,0.728,1.4968,2.1466000000000003,3.2044
"fox, ryan","Fox, Ryan",sg_ott_adj,sg_ott,221,0.1581795993109698,0.8855184772169031,0.0358955510107845,0.0,1.0,0.0,0.1581795993109698,0.8855184772169031,171.1516338667528,student_t,,-1.817,-1.547,-0.901,-0.41300000000000003,0.244,0.87,1.2759999999999998,1.625,1.908
"fox, ryan","Fox, Ryan",sg_putt_adj,sg_putt,221,0.3897246868455404,1.666582394853744,-0.1853915438666158,0.0,1.0,0.0,0.3897246868455404,1.666582394853744,inf,normal,,-3.4857999999999993,-2.2066999999999997,-1.7787999999999997,-0.6994,0.5726,1.4465,2.4402,3.4796000000000005,4.2976
"gerard, ryan","Gerard, Ryan",sg_app_adj,sg_app,160,0.8094789109227335,1.53665352987932,-0.6552224978856098,0.0,1.0,0.0,0.8094789109227335,1.53665352987932,inf,normal,,-2.1845,-1.93365,-1.4647999999999999,-0.27579999999999993,1.16735,1.6756,2.9462,3.1654,3.802
"gerard, ryan","Gerard, Ryan",sg_arg_adj,sg_arg,160,-0.1144353156012691,0.955734805417409,-0.0261524448572663,0.0,1.0,0.0,-0.1144353156012691,0.955734805417409,inf,normal,,-2.4934,-1.5477,-1.3344,-0.7557,-0.1124,0.5458,1.1208,1.3722,2.2962
"gerard, ryan","Gerard, Ryan",sg_ott_adj,sg_ott,160,0.2875955499752041,0.8773280469859884,0.299741315089514,0.0,1.0,0.0,0.2875955499752041,0.8773280469859884,24.01726054417348,student_t,,-2.221,-1.36,-1.192,-0.061,0.3419999999999999,0.7919999999999999,1.171,1.648,1.956
"gerard, ryan","Gerard, Ryan",sg_putt_adj,sg_putt,160,-0.1768934473718757,1.5288885043673135,-0.366684064280633,0.0,1.0,0.0,-0.1768934473718757,1.5288885043673135,inf,normal,,-3.6817,-2.4574000000000003,-2.0908,-1.2724,-0.028599999999999987,0.9056,1.6592,2.1343,3.2252
"glover, lucas","Glover, Lucas",sg_app_adj,sg_app,458,0.5642804152881228,1.4275133170833734,0.174851049395043,0.0,1.0,0.0,0.5642804152881228,1.4275133170833734,38.31492130449918,student_t,,-2.6238,-1.8354,-1.3516,-0.24640000000000006,0.4066,1.7391999999999999,2.2676000000000003,2.7533000000000003,4.2123
"glover, lucas","Glover, Lucas",sg_arg_adj,sg_arg,458,0.0129783618999868,1.1716983488123864,-0.082953101689958,0.0,1.0,0.0,0.0129783618999868,1.1716983488123864,inf,normal,,-2.0702000000000003,-1.9912,-1.6724,-0.9164,0.1446,0.8355999999999999,1.2974,2.2414,2.7146
"glover, lucas","Glover, Lucas",sg_ott_adj,sg_ott,458,0.0393865339261822,0.761398599103914,0.721778751204825,0.0,1.0,0.0,0.0393865339261822,0.761398599103914,12.3127966707035,student_t,,-2.095,-1.255,-0.96,-0.289,-0.03899999999999991,0.61,0.999,1.196,1.923
"glover, lucas","Glover, Lucas",sg_putt_adj,sg_putt,458,-0.3791045351611223,1.354277723720224,-0.4483373125341598,0.0,1.0,0.0,-0.3791045351611223,1.354277723720224,inf,normal,,-2.9436,-2.8209,-2.1624,-1.2944,-0.66258,0.7925999999999999,1.5261999999999998,1.7372,2.6925
"gotterup, chris","Gotterup, Chris",sg_app_adj,sg_app,205,0.2852923554601336,1.8418560819249388,-0.6751060216033005,0.0,1.0,0.0,0.2852923554601336,1.8418560819249388,inf,normal,,-3.4998,-2.8398,-2.5987,-1.0996,0.6353,1.7702,2.4138,3.5417,3.8943
"gotterup, chris","Gotterup, Chris",sg_arg_adj,sg_arg,205,0.1328757476800247,1.133020342184593,0.124228231209635,0.0,1.0,0.0,0.1328757476800247,1.133020342184593,52.29820034928298,student_t,,-2.0356,-1.6456,-1.1522,-0.6746000000000001,-0.0631999999999999,0.7424,1.9268,2.0784,3.1406
"gotterup, chris","Gotterup, Chris",sg_ott_adj,sg_ott,205,0.7201321602280911,0.9421015415851016,0.0589406809835946,0.0,1.0,0.0,0.7201321602280911,0.9421015415851016,105.79726294085447,student_t,,-1.532,-0.822,-0.7340000000000001,0.09299999999999997,0.8330000000000001,1.318,1.876,2.198,2.531
"gotterup, chris","Gotterup, Chris",sg_putt_adj,sg_putt,205,0.0444333312960681,1.573988178532585,-0.1519646551981188,0.0,1.0,0.0,0.0444333312960681,1.573988178532585,inf,normal,,-3.0423,-2.2567,-1.9644,-1.0428,-0.1523999999999999,1.0893,2.2775000000000003,2.834,3.6652
"greyserman, max","Greyserman, Max",sg_app_adj,sg_app,165,-0.0174513273944434,1.5022168811793746,-0.2662896777467853,0.0,1.0,0.0,-0.0174513273944434,1.5022168811793746,inf,normal,,-3.126,-2.6119,-1.8878,-1.2308,0.2266,1.0878,1.9317,2.6733,2.9648000000000003
"greyserman, max","Greyserman, Max",sg_arg_adj,sg_arg,165,0.2083965492825198,1.0813258227693194,0.1713012485772296,0.0,1.0,0.0,0.2083965492825198,1.0813258227693194,39.02601440347912,student_t,,-2.1804,-1.7144,-1.2632,-0.46219999999999983,0.0858,0.7228,1.8634,2.3034000000000003,2.6968
"greyserman, max","Greyserman, Max",sg_ott_adj,sg_ott,165,-0.0949532071355862,1.4201152708269047,3.791240568879445,0.0,1.0,0.0,-0.0949532071355862,1.4201152708269047,5.58259543043806,student_t,df_t<8,-5.35,-1.905,-1.398,-0.879,0.20800000000000002,0.9270000000000002,1.339,1.512,1.833
"greyserman, max","Greyserman, Max",sg_putt_adj,sg_putt,165,0.2397691225824981,1.840475986008488,0.1079286742461822,0.0,1.0,0.0,0.2397691225824981,1.840475986008488,59.592270005227455,student_t,,-4.3792,-2.9664,-2.3888000000000003,-0.8267,0.1495,1.6324,2.2593,3.2826,4.7492
"griffin, ben","Griffin, Ben",sg_app_adj,sg_app,308,0.4074420606463265,1.3817146789472674,-0.2452218019800032,0.0,1.0,0.0,0.4074420606463265,1.3817146789472674,inf,normal,,-3.013,-2.1193999999999997,-1.1867,-0.513,0.3064,1.5362,2.3536,2.5482000000000005,2.8798000000000004
"griffin, ben","Griffin, Ben",sg_arg_adj,sg_arg,308,0.3750020864166692,0.801436874297848,-0.3703840899188484,0.0,1.0,0.0,0.3750020864166692,0.801436874297848,inf,normal,,-1.2992,-0.8412,-0.6195999999999999,-0.25760000000000005,0.4058,0.9108,1.4616,1.711,1.7476
"griffin, ben","Griffin, Ben",sg_ott_adj,sg_ott,308,-0.000241224351504,1.0503868071624665,-0.1161517723199194,0.0,1.0,0.0,-0.000241224351504,1.0503868071624665,inf,normal,,-2.248,-2.217,-1.903,-0.564,0.102,0.665,1.1,1.365,2.074
"griffin, ben","Griffin, Ben",sg_putt_adj,sg_putt,308,0.5962014465704176,1.5020578920596876,-0.6647973392102551,0.0,1.0,0.0,0.5962014465704176,1.5020578920596876,inf,normal,,-2.3788,-1.65,-1.4367,-0.5406000000000001,0.6286,1.5413,2.3926,3.0476,3.8078
"hall, harry","Hall, Harry",sg_app_adj,sg_app,257,-0.0997975974110594,1.499090295348787,-0.6395039859169098,0.0,1.0,0.0,-0.0997975974110594,1.499090295348787,inf,normal,,-4.1148,-2.6194,-2.0348,-1.5094,0.2609,0.9396,1.6393,1.9516,2.6556
"hall, harry","Hall, Harry",sg_arg_adj,sg_arg,257,0.5661393974916886,0.9097953845259452,0.4410405794055556,0.0,1.0,0.0,0.5661393974916886,0.9097953845259452,17.604190362907048,student_t,,-1.4518,-0.6921999999999999,-0.35519999999999996,-0.07239999999999991,0.5388000000000001,1.0438,1.5888,2.6314,2.7696
"hall, harry","Hall, Harry",sg_ott_adj,sg_ott,257,-0.1021748345398207,0.9928529620858088,1.3625438783117998,0.0,1.0,0.0,-0.1021748345398207,0.9928529620858088,8.403527912388434,student_t,,-2.869,-2.706,-1.1700000000000002,-0.5429999999999999,-0.063,0.544,1.05,1.192,1.9549999999999998
"hall, harry","Hall, Harry",sg_putt_adj,sg_putt,257,0.8946765054667606,1.6172168486153726,-0.8161126255153386,0.0,1.0,0.0,0.8946765054667606,1.6172168486153726,inf,normal,,-1.4584000000000001,-1.3142,-0.9214000000000001,-0.6956999999999999,0.7666999999999999,2.363,2.9163,3.6646,4.7442
"harman, brian","Harman, Brian",sg_app_adj,sg_app,507,0.0255871323227612,1.57528249970583,0.2547163156108087,0.0,1.0,0.0,0.0255871323227612,1.57528249970583,27.5556171013703,student_t,,-3.6296,-2.4905,-2.0444,-0.8723000000000001,-0.0036999999999999013,0.9535,2.0996,3.1466,3.8522
"harman, brian","Harman, Brian",sg_arg_adj,sg_arg,507,0.0698319166067999,1.1043874929554378,0.471009868170829,0.0,1.0,0.0,0.0698319166067999,1.1043874929554378,16.738586610299805,student_t,,-2.5372000000000003,-2.4284000000000003,-1.6766,-0.4054,0.2868,0.5804,1.3864,1.8846,2.5034
"harman, brian","Harman, Brian",sg_ott_adj,sg_ott,507,0.0121706923551677,0.8432516959300477,0.171453780598962,0.0,1.0,0.0,0.0121706923551677,0.8432516959300477,38.994853884466195,student_t,,-1.941,-1.598,-1.102,-0.579,0.172,0.531,0.926,1.259,1.621
"harman, brian","Harman, Brian",sg_putt_adj,sg_putt,507,0.0721646888070432,1.327805816632614,-0.6643541353771321,0.0,1.0,0.0,0.0721646888070432,1.327805816632614,inf,normal,,-2.6513,-1.9762,-1.5932,-1.0629,0.20699999999999996,0.9256,1.8768,2.4708,2.5716
"henley, russell","Henley, Russell",sg_app_adj,sg_app,426,0.6953319327571935,1.3484174145068148,-0.1764603312044159,0.0,1.0,0.0,0.6953319327571935,1.3484174145068148,inf,normal,,-1.8525999999999998,-1.7534,-1.1896999999999998,0.0037999999999999146,0.5273,1.7026,2.4105,3.0362,3.7796
"henley, russell","Henley, Russell",sg_arg_adj,sg_arg,426,0.2783216445598582,0.8942067660168477,-0.0523975465835881,0.0,1.0,0.0,0.2783216445598582,0.8942067660168477,inf,normal,,-1.6132,-1.4624,-0.7791999999999999,-0.4022,0.349,0.9076,1.439,2.0114,2.0888
"henley, russell","Henley, Russell",sg_ott_adj,sg_ott,426,0.2353167479587418,0.755832769164005,1.8565100681001008,0.0,1.0,0.0,0.2353167479587418,0.755832769164005,7.231870434260681,student_t,df_t<8,-2.121,-1.1800000000000002,-0.631,-0.22599999999999998,0.425,0.803,0.983,1.055,1.625
"henley, russell","Henley, Russell",sg_putt_adj,sg_putt,426,0.4084289367663728,1.8675588243555865,0.4619338866472109,0.0,1.0,0.0,0.4084289367663728,1.8675588243555865,16.988871726967137,student_t,,-4.3342,-2.3514000000000004,-1.6752000000000002,-0.8814000000000001,0.316,1.6803999999999997,2.7226,3.3823000000000003,5.7906
"hisatsune, ryo","Hisatsune, Ryo",sg_app_adj,sg_app,175,0.2901224165508013,1.604309782975749,-0.2716460556790352,0.0,1.0,0.0,0.2901224165508013,1.604309782975749,inf,normal,,-4.408399999999999,-2.1364,-1.6457000000000002,-1.0157000000000003,0.3386,1.323,2.3856,3.1307,3.3553
"hisatsune, ryo","Hisatsune, Ryo",sg_arg_adj,sg_arg,175,0.1132790576348095,1.0137375159524695,0.4891742600580051,0.0,1.0,0.0,0.1132790576348095,1.0137375159524695,16.265567692152352,student_t,,-2.5540000000000003,-1.8382,-1.6094,-0.3752,0.4263999999999999,0.6948,1.1094,1.7984,1.8426
"hisatsune, ryo","Hisatsune, Ryo",sg_ott_adj,sg_ott,175,0.3945905959701193,0.7353225045899267,1.4473308260895923,0.0,1.0,0.0,0.3945905959701193,0.7353225045899267,8.145562225196873,student_t,,-2.5090000000000003,-0.8089999999999999,-0.3242,-0.061,0.377,0.95,1.2919999999999998,1.757,1.857
"hisatsune, ryo","Hisatsune, Ryo",sg_putt_adj,sg_putt,175,-0.2137460611933487,1.818988695539008,1.0404196192669106,0.0,1.0,0.0,-0.2137460611933487,1.818988695539008,9.766903938458654,student_t,,-3.5996,-3.3655,-1.992,-1.3234,-0.3915,0.8387000000000001,2.2094,2.5637,5.3663
"hoge, tom","Hoge, Tom",sg_app_adj,sg_app,508,0.1825793451894605,1.4505048787487902,-0.3705171689445379,0.0,1.0,0.0,0.1825793451894605,1.4505048787487902,inf,normal,,-3.3428,-2.0369,-1.5194,-0.7428,0.0986,1.0352,2.0472,2.8002,3.3173000000000004
"hoge, tom","Hoge, Tom",sg_arg_adj,sg_arg,508,-0.1886159392598096,1.0615852435388582,0.6761462474634863,0.0,1.0,0.0,-0.1886159392598096,1.0615852435388582,12.873819861470157,student_t,,-2.7574,-2.1382,-1.4124,-0.8445999999999999,-0.2406,0.47440000000000004,1.215,1.5916,2.7818
"hoge, tom","Hoge, Tom",sg_ott_adj,sg_ott,508,-0.3800475834466016,0.9479443129344826,1.637560517489729,0.0,1.0,0.0,-0.3800475834466016,0.9479443129344826,7.663986726547121,student_t,df_t<8,-4.1160000000000005,-2.243,-1.443,-1.017,-0.1599999999999999,0.32100000000000006,0.745,0.836,1.254
"hoge, tom","Hoge, Tom",sg_putt_adj,sg_putt,508,-0.0221310891682015,1.6515799180147768,1.335349542399416,0.0,1.0,0.0,-0.0221310891682015,1.6515799180147768,8.49320556864754,student_t,,-5.9199,-2.6022,-2.0386,-0.92,0.10880000000000001,1.0486,1.8672,2.7797,3.1954
"hojgaard, nicolai","Hojgaard, Nicolai",sg_app_adj,sg_app,166,0.6824668267911412,1.6746850366286103,-0.3245695706062785,0.0,1.0,0.0,0.6824668267911412,1.6746850366286103,inf,normal,,-2.9993,-2.0585,-1.0965000000000003,-0.6035,0.57635,1.9341999999999997,3.0277,3.07435,4.0094
"hojgaard, nicolai","Hojgaard, Nicolai",sg_arg_adj,sg_arg,166,-0.1113791580520335,0.970060907495005,0.2153572625300972,0.0,1.0,0.0,-0.1113791580520335,0.970060907495005,31.86068103536314,student_t,,-2.5782000000000003,-1.8018,-1.3342,-0.8969999999999999,0.014799999999999897,0.5731999999999999,1.0833000000000002,1.2446000000000002,1.8246
"hojgaard, nicolai","Hojgaard, Nicolai",sg_ott_adj,sg_ott,166,0.4178696435147244,1.1207775557022126,0.898234268775072,0.0,1.0,0.0,0.4178696435147244,1.1207775557022126,10.679771868626478,student_t,,-2.786,-1.463,-1.004,-0.191,0.553,1.346,1.818,1.957,2.082
"hojgaard, nicolai","Hojgaard, Nicolai",sg_putt_adj,sg_putt,166,0.1890167936432479,1.8442264384972304,0.3354346213379422,0.0,1.0,0.0,0.1890167936432479,1.8442264384972304,21.887241263492434,student_t,,-3.9663999999999997,-3.23665,-2.3455,-0.8393000000000002,0.1063499999999999,1.0152,2.9607,3.6652,4.010400000000001
"horschel, billy","Horschel, Billy",sg_app_adj,sg_app,386,0.1501113097373344,1.486799789277914,-0.3904628046114626,0.0,1.0,0.0,0.1501113097373344,1.486799789277914,inf,normal,,-2.982,-2.4966500000000003,-2.4607,-0.6744000000000001,0.1398,1.281,2.0312,2.6313,2.9705
"horschel, billy","Horschel, Billy",sg_arg_adj,sg_arg,386,-0.0007455483330102,1.139020696191004,-0.641668643992245,0.0,1.0,0.0,-0.0007455483330102,1.139020696191004,inf,normal,,-2.2557,-1.9296,-1.4244,-0.963,-0.0662,1.0224,1.3406,1.819,2.1772
"horschel, billy","Horschel, Billy",sg_ott_adj,sg_ott,386,-0.2132514224534877,0.9197577244370464,0.0725343614894735,0.0,1.0,0.0,-0.2132514224534877,0.9197577244370464,86.71941569197857,student_t,,-2.2470000000000003,-2.102,-1.428,-0.706,-0.114,0.46799999999999997,0.9009999999999999,1.212,1.721
"horschel, billy","Horschel, Billy",sg_putt_adj,sg_putt,386,0.1250480472370491,1.4053745202629828,0.6583972642006284,0.0,1.0,0.0,0.1250480472370491,1.4053745202629828,13.113039081784011,student_t,,-3.2973,-1.9940000000000002,-1.3811,-0.7326499999999999,-0.10499999999999998,0.5833999999999999,2.2802,2.8121,3.5931
"hovland, viktor","Hovland, Viktor",sg_app_adj,sg_app,417,1.0213638289074842,1.5063485477706635,2.0414968709043047,0.0,1.0,0.0,1.0213638289074842,1.5063485477706635,6.939019934594477,student_t,df_t<8,-4.3228,-0.8257999999999999,-0.7030000000000001,0.07330000000000003,1.1601,2.0316,2.8277,3.3564999999999996,3.9300999999999995
"hovland, viktor","Hovland, Viktor",sg_arg_adj,sg_arg,417,-0.0063065797812036,1.1853636142731976,0.763050867807467,0.0,1.0,0.0,-0.0063065797812036,1.1853636142731976,11.86317171388621,student_t,,-3.639,-1.9148,-1.423,-0.7612,-0.1433999999999999,0.9508,1.5616,1.647,2.458
"hovland, viktor","Hovland, Viktor",sg_ott_adj,sg_ott,417,0.0203211204462217,1.0862220432091678,0.4355034471823287,0.0,1.0,0.0,0.0203211204462217,1.0862220432091678,17.77715845607998,student_t,,-2.8400000000000003,-2.068,-1.766,-0.626,0.278,0.6920000000000001,1.351,1.468,1.878
"hovland, viktor","Hovland, Viktor",sg_putt_adj,sg_putt,417,0.1677974004817317,1.7213063488245972,0.0599898027217324,0.0,1.0,0.0,0.1677974004817317,1.7213063488245972,104.01699835272822,student_t,,-4.2834,-3.0814,-2.1707,-0.9018000000000002,0.2313,1.1947,2.0292,3.2222,3.9737
"im, sungjae","Im, Sungjae",sg_app_adj,sg_app,542,-0.9051113410461608,1.8668056910861075,1.0544506982875212,0.0,1.0,0.0,-0.9051113410461608,1.8668056910861075,9.690166462732009,student_t,,-6.2288,-5.5318,-3.2894,-1.9719000000000002,-0.6954,0.09999999999999998,1.3186,1.7872,2.6626
"im, sungjae","Im, Sungjae",sg_arg_adj,sg_arg,542,0.6241175045963355,1.1763831311727833,0.1278162857122136,0.0,1.0,0.0,0.6241175045963355,1.1763831311727833,50.942374882566824,student_t,,-1.326,-0.9698000000000001,-0.6952000000000002,-0.1764,0.2958,1.5128,2.3278000000000003,2.708,3.5478
"im, sungjae","Im, Sungjae",sg_ott_adj,sg_ott,542,0.2218685587684156,0.8812155453558198,1.921064675413364,0.0,1.0,0.0,0.2218685587684156,0.8812155453558198,7.123268090236969,student_t,df_t<8,-3.072,-1.346,-0.951,-0.198,0.4609999999999999,0.798,1.14,1.2310000000000003,2.266
"im, sungjae","Im, Sungjae",sg_putt_adj,sg_putt,542,0.0773648477718973,1.597213940805787,0.3148793179121694,0.0,1.0,0.0,0.0773648477718973,1.597213940805787,23.054919325230518,student_t,,-4.2996,-2.8308,-2.0114,-0.8094000000000001,0.0591,1.1376,2.0032,2.7426,3.8486
"kim, michael","Kim, Michael",sg_app_adj,sg_app,316,0.2523554256904963,1.5930869402419054,-0.0274022867620091,0.0,1.0,0.0,0.2523554256904963,1.5930869402419054,inf,normal,,-3.4094,-2.3393,-1.8168000000000002,-0.7977000000000001,0.3433,1.1732,2.154,3.4476,3.7832
"kim, michael","Kim, Michael",sg_arg_adj,sg_arg,316,-0.0289807021044738,1.0292935431012025,-0.8432671713110187,0.0,1.0,0.0,-0.0289807021044738,1.0292935431012025,inf,normal,,-1.7506000000000002,-1.58,-1.4166,-1.035,-0.065,0.7525999999999999,1.3516,1.6940000000000002,1.7788
"kim, michael","Kim, Michael",sg_ott_adj,sg_ott,316,-0.2809798824675355,1.2286838325956069,1.545033473069127,0.0,1.0,0.0,-0.2809798824675355,1.2286838325956069,7.8834110099125025,student_t,df_t<8,-3.903,-2.967,-2.055,-0.619,-0.1349999999999999,0.506,1.0,1.148,1.387
"kim, michael","Kim, Michael",sg_putt_adj,sg_putt,316,0.1986856988854741,1.6871133549088742,0.3283311187043538,0.0,1.0,0.0,0.1986856988854741,1.6871133549088742,22.274234935990666,student_t,,-3.1718,-2.9814,-1.6609,-0.8523000000000001,0.2013,1.2512,2.125,3.017,4.8757
"kim, si woo","Kim, Si Woo",sg_app_adj,sg_app,518,1.0615514629888465,1.8731746254792847,0.0981285887336449,0.0,1.0,0.0,1.0615514629888465,1.8731746254792847,65.14426058124698,student_t,,-3.4942999999999995,-1.8287999999999998,-0.8148,-0.15779999999999994,0.9146,2.3842,3.773,5.055700000000001,5.2202
"kim, si woo","Kim, Si Woo",sg_arg_adj,sg_arg,518,0.2804099565394942,0.9711590466369376,0.1139935435198196,0.0,1.0,0.0,0.2804099565394942,0.9711590466369376,56.63455994730793,student_t,,-1.9124,-1.1082,-0.6526000000000001,-0.43320000000000003,0.141,0.9772,1.5808,2.0436,2.5716
"kim, si woo","Kim, Si Woo",sg_ott_adj,sg_ott,518,0.5500813587493287,0.7256303916678484,0.0653805160427349,0.0,1.0,0.0,0.5500813587493287,0.7256303916678484,95.77045950628775,student_t,,-1.039,-0.7350000000000001,-0.372,-0.026999999999999913,0.635,1.086,1.422,1.575,1.827
"kim, si woo","Kim, Si Woo",sg_putt_adj,sg_putt,518,-0.5488202778200316,1.5644364609551964,-0.4409687058455818,0.0,1.0,0.0,-0.5488202778200316,1.5644364609551964,inf,normal,,-3.6308,-3.1186,-2.52,-1.4508,-0.8214000000000001,0.6866,1.4930000000000003,2.2037,2.8636
"kirk, chris","Kirk, Chris",sg_app_adj,sg_app,416,0.677451291537609,1.4305401784034677,0.083535659196996,0.0,1.0,0.0,0.677451291537609,1.4305401784034677,75.82561384774185,student_t,,-3.5226000000000006,-1.6984000000000001,-1.2603,-0.19219999999999993,0.6036,1.6156,2.5164,2.5743,3.5286
"kirk, chris","Kirk, Chris",sg_arg_adj,sg_arg,416,0.0154316861269447,1.0627397426326743,2.2510222453493007,0.0,1.0,0.0,0.0154316861269447,1.0627397426326743,6.665455666818145,student_t,df_t<8,-3.8588,-1.512,-1.1514,-0.6552,0.1483999999999999,0.5618,1.3206,1.7842,2.4118
"kirk, chris","Kirk, Chris",sg_ott_adj,sg_ott,416,-0.0034288707419824,0.9469911694434798,0.3074248773880956,0.0,1.0,0.0,-0.0034288707419824,0.9469911694434798,23.51696313901608,student_t,,-2.573,-1.949,-1.3450000000000002,-0.488,0.0819999999999999,0.677,1.027,1.192,1.562
"kirk, chris","Kirk, Chris",sg_putt_adj,sg_putt,416,-0.2044744058786842,1.436160467910423,0.0217130141646566,0.0,1.0,0.0,-0.2044744058786842,1.436160467910423,200.0,student_t,,-2.9458,-2.40465,-2.1499,-1.1628,-0.2252999999999999,0.8046,1.5892,2.2745,2.6501
"kitayama, kurt","Kitayama, Kurt",sg_app_adj,sg_app,297,0.7658548561055792,1.25933012979976,0.7932889154289433,0.0,1.0,0.0,0.7658548561055792,1.25933012979976,11.563448679672664,student_t,,-2.038,-1.057,-0.8064000000000001,-0.0482999999999999,0.8152,1.3335,2.5406,3.1846,4.3391
"kitayama, kurt","Kitayama, Kurt",sg_arg_adj,sg_arg,297,-0.0123278685980408,0.9423435298695264,0.660887636585,0.0,1.0,0.0,-0.0123278685980408,0.9423435298695264,13.078699112913894,student_t,,-2.5076,-1.8666,-1.3782,-0.556,0.1082,0.6288,1.0712,1.1306,1.6444
"kitayama, kurt","Kitayama, Kurt",sg_ott_adj,sg_ott,297,0.6164182615405128,1.066531421539147,2.241055292929487,0.0,1.0,0.0,0.6164182615405128,1.066531421539147,6.677310113199775,student_t,df_t<8,-2.688,-1.5590000000000002,-0.5969999999999999,0.283,0.805,1.434,1.7839999999999998,1.9939999999999998,2.326
"kitayama, kurt","Kitayama, Kurt",sg_putt_adj,sg_putt,297,0.0530208225040692,1.533958285319048,-0.918354119474261,0.0,1.0,0.0,0.0530208225040692,1.533958285319048,inf,normal,,-3.5174000000000003,-2.385,-2.0046,-1.1818000000000002,0.2423,1.3477,2.0526,2.2893000000000003,2.6806
"knapp, jake","Knapp, Jake",sg_app_adj,sg_app,173,0.1858621240259862,1.7401947518672594,1.3728779132385205,0.0,1.0,0.0,0.1858621240259862,1.7401947518672594,8.370381329718118,student_t,,-5.3114,-3.2804,-2.0127,-0.6847,0.4536,1.2392999999999998,2.3653,2.5046,2.7110000000000003
"knapp, jake","Knapp, Jake",sg_arg_adj,sg_arg,173,0.0530678350882987,1.041406806496938,0.1214841288254926,0.0,1.0,0.0,0.0530678350882987,1.041406806496938,53.38916760574359,student_t,,-2.5092000000000003,-1.693,-1.2224000000000002,-0.5382,0.0392,0.735,1.4116,2.0934,2.2356000000000003
"knapp, jake","Knapp, Jake",sg_ott_adj,sg_ott,173,0.5630474459995245,0.9744052092942578,1.7522187527056508,0.0,1.0,0.0,0.5630474459995245,0.9744052092942578,7.424229988827154,student_t,df_t<8,-1.9050000000000002,-1.807,-0.6819999999999999,0.09999999999999987,0.76,1.244,1.523,1.728,2.4810000000000003
"knapp, jake","Knapp, Jake",sg_putt_adj,sg_putt,173,0.855153523376658,1.5835902698870794,0.56724174492199,0.0,1.0,0.0,0.855153523376658,1.5835902698870794,14.577500781126663,student_t,,-2.8858,-1.6865999999999999,-1.0394,-0.0049000000000000155,0.8527,1.6962000000000002,3.2166,3.3083,4.6605
"lee, min woo","Lee, Min Woo",sg_app_adj,sg_app,223,-0.3969148082281311,1.6520607467781068,-0.5057441046391355,0.0,1.0,0.0,-0.3969148082281311,1.6520607467781068,inf,normal,,-3.9344,-3.1628000000000007,-2.4095000000000004,-1.6014000000000002,-0.09439999999999993,0.907,1.4144,2.1914999999999996,3.1822
"lee, min woo","Lee, Min Woo",sg_arg_adj,sg_arg,223,0.4195871517042818,1.03232208614494,-0.5651771414048894,0.0,1.0,0.0,0.4195871517042818,1.03232208614494,inf,normal,,-1.5412,-1.4476,-1.002,-0.3554,0.4092,1.0788,1.6891999999999998,1.9716,2.5756
"lee, min woo","Lee, Min Woo",sg_ott_adj,sg_ott,223,0.3963412990120217,1.3036555553452465,0.5987589261982089,0.0,1.0,0.0,0.3963412990120217,1.3036555553452465,14.020727437161918,student_t,,-3.402,-2.164,-1.611,-0.12800000000000006,0.545,1.256,1.959,2.1630000000000003,2.842
"lee, min woo","Lee, Min Woo",sg_putt_adj,sg_putt,223,0.3323818153179018,1.5836120670528793,-0.0697231013914434,0.0,1.0,0.0,0.3323818153179018,1.5836120670528793,inf,normal,,-3.1364,-1.9232999999999998,-1.4093999999999998,-0.7555999999999999,0.1525,1.1356,2.6443000000000003,3.2406,4.0203
"lowry, shane","Lowry, Shane",sg_app_adj,sg_app,377,0.8224009493957374,1.6853866810667657,-0.065830063940703,0.0,1.0,0.0,0.8224009493957374,1.6853866810667657,inf,normal,,-2.6958,-2.1204,-1.0978,-0.5144,0.8236000000000001,1.85135,3.3613,4.10035,4.535399999999999
"lowry, shane","Lowry, Shane",sg_arg_adj,sg_arg,377,0.0346389672679241,0.9296061331046775,1.507539072014506,0.0,1.0,0.0,0.0346389672679241,0.9296061331046775,7.979996347280255,student_t,df_t<8,-3.4690000000000003,-1.6412,-1.1752,-0.4836,0.1674,0.6258,0.9676,1.4413,1.807
"lowry, shane","Lowry, Shane",sg_ott_adj,sg_ott,377,0.1250368783409703,0.8364620097770756,1.2403867627124736,0.0,1.0,0.0,0.1250368783409703,0.8364620097770756,8.837200928264682,student_t,,-2.166,-1.664,-1.076,-0.256,0.1949999999999999,0.619,1.036,1.611,1.647
"lowry, shane","Lowry, Shane",sg_putt_adj,sg_putt,377,0.4305068083485429,1.9407854826717448,-0.7498021142176512,0.0,1.0,0.0,0.4305068083485429,1.9407854826717448,inf,normal,,-4.4405,-2.8022,-2.0068,-0.9779,0.7011999999999999,1.8993,2.98935,3.6586,4.051200000000001
"macintyre, robert","MacIntyre, Robert",sg_app_adj,sg_app,254,-0.1008358628213835,1.545671719338855,-0.2321455434621953,0.0,1.0,0.0,-0.1008358628213835,1.545671719338855,inf,normal,,-3.1754,-2.4068,-1.8874,-1.2818,-0.1567,1.0565,1.887,2.3756,3.9092
"macintyre, robert","MacIntyre, Robert",sg_arg_adj,sg_arg,254,0.2011555805850347,0.8524312539932637,0.2303811600369125,0.0,1.0,0.0,0.2011555805850347,0.8524312539932637,30.0437962854196,student_t,,-1.9186,-1.4734,-0.9436,-0.245,0.3064,0.767,1.0808,1.4078,2.2008
"macintyre, robert","MacIntyre, Robert",sg_ott_adj,sg_ott,254,0.3315036873599233,0.8250714956321731,1.758712319600228,0.0,1.0,0.0,0.3315036873599233,0.8250714956321731,7.41158695093684,student_t,df_t<8,-1.9450000000000003,-1.593,-0.677,0.02199999999999991,0.437,0.837,1.203,1.381,2.135
"macintyre, robert","MacIntyre, Robert",sg_putt_adj,sg_putt,254,0.9665460299230544,1.6010047888257817,-0.1390780113348459,0.0,1.0,0.0,0.9665460299230544,1.6010047888257817,inf,normal,,-2.0772,-1.4726999999999997,-1.3184,-0.26949999999999985,1.1388,2.2535,2.8826,3.4026,5.892200000000001
"matsuyama, hideki","Matsuyama, Hideki",sg_app_adj,sg_app,469,0.7552977943915136,1.481647352625445,-0.4559824708515925,0.0,1.0,0.0,0.7552977943915136,1.481647352625445,inf,normal,,-2.6194,-1.4533999999999998,-0.8478000000000001,-0.5044,0.795,1.8393,2.6868000000000003,2.8466,3.523
"matsuyama, hideki","Matsuyama, Hideki",sg_arg_adj,sg_arg,469,0.6448537563948092,0.9965566200424844,2.522925483998123,0.0,1.0,0.0,0.6448537563948092,0.9965566200424844,6.378191523315107,student_t,df_t<8,-2.6702000000000004,-1.1944,-0.6164,0.2724,0.8036000000000001,1.1936,1.7618,2.0494,2.179
"matsuyama, hideki","Matsuyama, Hideki",sg_ott_adj,sg_ott,469,-0.1317152935979739,1.0936374822500574,0.7328022161789383,0.0,1.0,0.0,-0.1317152935979739,1.0936374822500574,12.187748163871408,student_t,,-2.9730000000000003,-1.749,-1.515,-0.786,-0.06,0.762,1.146,1.268,1.616
"matsuyama, hideki","Matsuyama, Hideki",sg_putt_adj,sg_putt,469,0.3565893104163271,1.601101545912768,-0.0124608849548919,0.0,1.0,0.0,0.3565893104163271,1.601101545912768,inf,normal,,-3.5748,-2.794,-1.9593999999999998,-0.6277999999999999,0.4382,1.3008,2.3516,2.3977,3.7682
"mccarthy, denny","McCarthy, Denny",sg_app_adj,sg_app,493,0.0681632183651293,1.5825558388730974,-0.2844894081245872,0.0,1.0,0.0,0.0681632183651293,1.5825558388730974,inf,normal,,-3.2708,-2.231,-2.0477,-1.1994,-0.1043999999999999,1.1562,2.0402,2.9446,3.6166
"mccarthy, denny","McCarthy, Denny",sg_arg_adj,sg_arg,493,0.0177359402264577,1.010730730736107,1.0608689242162308,0.0,1.0,0.0,0.0177359402264577,1.010730730736107,9.655741122243537,student_t,,-3.0024,-1.5582,-1.3204,-0.6215999999999999,0.0533999999999999,0.522,1.0638,1.4418,2.9046
"mccarthy, denny","McCarthy, Denny",sg_ott_adj,sg_ott,493,-0.2572156108141378,0.8529813777867972,1.5933783029297075,0.0,1.0,0.0,-0.2572156108141378,0.8529813777867972,7.765584098244554,student_t,df_t<8,-3.214,-1.8450000000000002,-1.334,-0.743,-0.203,0.202,0.7959999999999999,1.19,1.3899999999999997
"mccarthy, denny","McCarthy, Denny",sg_putt_adj,sg_putt,493,0.6242120335535682,1.5920632868613562,-0.2515504917907476,0.0,1.0,0.0,0.6242120335535682,1.5920632868613562,inf,normal,,-2.1172,-1.5966999999999998,-1.2014,-0.40980000000000005,0.3673,1.5066,2.9612,3.4218,5.0806
"mccarty, matt","McCarty, Matt",sg_app_adj,sg_app,110,0.0842820127218539,1.4834554039276864,0.9046249111916757,0.0,1.0,0.0,0.0842820127218539,1.4834554039276864,10.632583212965152,student_t,,-4.1316,-2.2577,-2.1883,-0.5254000000000001,0.007199999999999901,1.0971,1.9926,2.1096,2.5854000000000004
"mccarty, matt","McCarty, Matt",sg_arg_adj,sg_arg,110,-0.1465295351319235,1.0537224760975763,-0.0964273559828559,0.0,1.0,0.0,-0.1465295351319235,1.0537224760975763,inf,normal,,-3.2376,-1.6182,-1.5036,-0.7672,-0.167,0.7146,1.1852,1.4968,1.663
"mccarty, matt","McCarty, Matt",sg_ott_adj,sg_ott,110,0.0960744333288748,0.7802101370716952,-0.2664626023782994,0.0,1.0,0.0,0.0960744333288748,0.7802101370716952,inf,normal,,-2.017,-1.088,-0.8989999999999999,-0.488,0.298,0.684,1.016,1.226,1.365
"mccarty, matt","McCarty, Matt",sg_putt_adj,sg_putt,110,0.5858965348398185,1.772245147705509,-0.3798285994207981,0.0,1.0,0.0,0.5858965348398185,1.772245147705509,inf,normal,,-3.4657,-3.241,-1.7338999999999998,-0.5613,0.8993,1.7542000000000004,3.1857,3.2523,3.6946
"mcilroy, rory","McIlroy, Rory",sg_app_adj,sg_app,379,0.7450753224241614,1.4865772251719025,-0.0723516638632548,0.0,1.0,0.0,0.7450753224241614,1.4865772251719025,inf,normal,,-3.8851999999999998,-1.6461999999999999,-1.2864999999999998,-0.1654,0.7875000000000001,1.7686000000000002,2.9545000000000003,3.26,3.52
"mcilroy, rory","McIlroy, Rory",sg_arg_adj,sg_arg,379,0.2598047687519987,1.1244495783037505,-0.2530411543841682,0.0,1.0,0.0,0.2598047687519987,1.1244495783037505,inf,normal,,-1.4074,-1.3256,-1.2354,-0.5044,0.095,0.8406,1.964,2.5354,2.7308
"mcilroy, rory","McIlroy, Rory",sg_ott_adj,sg_ott,379,0.6901764398947775,1.0567717903227034,2.884973373120717,0.0,1.0,0.0,0.6901764398947775,1.0567717903227034,6.079741898452849,student_t,df_t<8,-2.892,-1.376,-1.1139999999999999,0.4449999999999999,1.049,1.349,1.6470000000000002,1.678,2.4530000000000003
"mcilroy, rory","McIlroy, Rory",sg_putt_adj,sg_putt,379,0.5822168167276371,1.666476316329275,-1.01304285670404,0.0,1.0,0.0,0.5822168167276371,1.666476316329275,inf,normal,,-2.7074999999999996,-2.0733999999999995,-1.6636,-0.7398,0.6006,2.0786,2.7613000000000003,3.1596,3.7246000000000006
"mcnealy, maverick","McNealy, Maverick",sg_app_adj,sg_app,423,0.4030956373600507,1.3915205237829704,0.936705618162264,0.0,1.0,0.0,0.4030956373600507,1.3915205237829704,10.405427579020486,student_t,,-4.3724,-1.7174000000000003,-0.9277,-0.5229,0.2221999999999999,1.036,2.5695999999999994,3.0918,3.4553000000000003
"mcnealy, maverick","McNealy, Maverick",sg_arg_adj,sg_arg,423,0.1502196835467174,0.8350056993499018,4.404053260862392,0.0,1.0,0.0,0.1502196835467174,0.8350056993499018,5.362381343868011,student_t,df_t<8,-1.952,-1.0344,-0.8242,-0.3574,-0.0535999999999999,0.7356,1.2376,1.2934,2.0176000000000003
"mcnealy, maverick","McNealy, Maverick",sg_ott_adj,sg_ott,423,0.3585328812741088,1.0745117041445715,1.956115573640372,0.0,1.0,0.0,0.3585328812741088,1.0745117041445715,7.067303425652849,student_t,df_t<8,-3.144,-1.4360000000000002,-1.101,-0.118,0.486,1.105,1.376,1.829,2.065
"mcnealy, maverick","McNealy, Maverick",sg_putt_adj,sg_putt,423,0.2414616127361494,2.028433461744706,-0.4110656068475786,0.0,1.0,0.0,0.2414616127361494,2.028433461744706,inf,normal,,-3.8883999999999994,-3.7685999999999997,-2.6837,-0.9892,0.4617,1.5177999999999998,2.6957,3.2123000000000004,4.4958
"mitchell, keith","Mitchell, Keith",sg_app_adj,sg_app,439,0.2293659565734241,1.639452760237593,-0.2128554126980031,0.0,1.0,0.0,0.2293659565734241,1.639452760237593,inf,normal,,-3.0553,-2.3725,-1.895,-0.669,-0.05579999999999999,1.224,3.0572,3.2163000000000004,3.64535
"mitchell, keith","Mitchell, Keith",sg_arg_adj,sg_arg,439,-0.0618694759113471,0.9664046039063452,-0.2583133523867214,0.0,1.0,0.0,-0.0618694759113471,0.9664046039063452,inf,normal,,-2.6276,-1.523,-1.3924,-0.6417,-0.1272,0.7438,1.2333999999999998,1.4946000000000002,1.5566
"mitchell, keith","Mitchell, Keith",sg_ott_adj,sg_ott,439,0.5463284976171068,0.9763278103345908,5.2426942412402,0.0,1.0,0.0,0.5463284976171068,0.9763278103345908,5.1444497283100485,student_t,df_t<8,-1.8710000000000002,-0.907,-0.796,-0.19399999999999995,0.7150000000000001,1.282,1.633,1.662,1.964
"mitchell, keith","Mitchell, Keith",sg_putt_adj,sg_putt,439,-0.1659221765378776,1.8469895477317149,-0.3987013454204815,0.0,1.0,0.0,-0.1659221765378776,1.8469895477317149,inf,normal,,-4.4918,-3.5527,-2.5276,-1.60065,-0.09465,1.1571,2.45035,2.7317,3.5958
"moore, taylor","Moore, Taylor",sg_app_adj,sg_app,336,-0.4260858432560381,1.299181105556415,-0.7462096782460286,0.0,1.0,0.0,-0.4260858432560381,1.299181105556415,inf,normal,,-2.9266,-2.7548,-2.2998000000000003,-1.4789,-0.3689,0.6093500000000001,1.3232000000000002,1.63635,1.882
"moore, taylor","Moore, Taylor",sg_arg_adj,sg_arg,336,0.435084358344629,1.1893181815023175,1.7158987113761457,0.0,1.0,0.0,0.435084358344629,1.1893181815023175,7.496709893317664,student_t,df_t<8,-2.433,-1.0428000000000002,-0.7966000000000001,-0.33819999999999995,0.2303,1.086,2.1244,2.1356,4.101299999999999
"moore, taylor","Moore, Taylor",sg_ott_adj,sg_ott,336,0.0280209632335939,1.1208596590664643,0.1772726850095169,0.0,1.0,0.0,0.0280209632335939,1.1208596590664643,37.84616191534465,student_t,,-3.116,-2.219,-1.646,-0.429,0.163,0.844,1.237,1.785,1.803
"moore, taylor","Moore, Taylor",sg_putt_adj,sg_putt,336,0.1024129615337452,1.4779579639378586,0.3549082576012248,0.0,1.0,0.0,0.1024129615337452,1.4779579639378586,20.905777398793592,student_t,,-3.9852,-2.5736,-1.7966,-0.6059,0.0863999999999999,1.04535,2.1387,2.33835,3.2274000000000003
"morikawa, collin","Morikawa, Collin",sg_app_adj,sg_app,429,0.9802424264596435,1.8354308963830064,1.494044194664757,0.0,1.0,0.0,0.9802424264596435,1.8354308963830064,8.015945459596207,student_t,,-2.7214,-1.4434,-1.2443,-0.06269999999999987,0.8143,2.0985,2.9323,4.1925,6.706300000000001
"morikawa, collin","Morikawa, Collin",sg_arg_adj,sg_arg,429,0.0038037337696293,0.9500634560426854,1.6780843570304356,0.0,1.0,0.0,0.0038037337696293,0.9500634560426854,7.575505590563811,student_t,df_t<8,-1.81,-1.4704000000000002,-1.108,-0.5226,-0.1174,0.6928000000000001,1.2214,1.4896,2.4636
"morikawa, collin","Morikawa, Collin",sg_ott_adj,sg_ott,429,0.5535397778619576,0.6748828884453262,-0.2668641632834707,0.0,1.0,0.0,0.5535397778619576,0.6748828884453262,inf,normal,,-1.0579999999999998,-0.557,-0.273,0.050000000000000044,0.608,1.106,1.334,1.616,1.653
"morikawa, collin","Morikawa, Collin",sg_putt_adj,sg_putt,429,-0.2374660139444966,1.6375268769420477,-0.0870071400497205,0.0,1.0,0.0,-0.2374660139444966,1.6375268769420477,inf,normal,,-4.2609,-2.8482,-2.1263,-1.2872,-0.3686999999999999,0.8706,2.2406,2.643,3.1986
"noren, alex","Noren, Alex",sg_app_adj,sg_app,367,0.2769672116333262,1.2994125421590808,-0.5562628051407961,0.0,1.0,0.0,0.2769672116333262,1.2994125421590808,inf,normal,,-2.8109,-1.9119,-1.2048,-0.6564000000000001,0.2231999999999999,1.3186,1.8946,2.329,2.9496
"noren, alex","Noren, Alex",sg_arg_adj,sg_arg,367,0.4469799891206692,0.9369521558002648,0.4560532960267349,0.0,1.0,0.0,0.4469799891206692,0.9369521558002648,17.156357057987947,student_t,,-1.888,-0.9795999999999998,-0.7764,-0.0921999999999999,0.3788,0.8982,1.9264,2.4328,2.5068
"noren, alex","Noren, Alex",sg_ott_adj,sg_ott,367,-0.0312951543696903,0.7746139586092329,0.9600796980408356,0.0,1.0,0.0,-0.0312951543696903,0.7746139586092329,10.249481175618817,student_t,,-1.853,-1.495,-1.159,-0.41200000000000003,0.030999999999999903,0.45299999999999996,0.931,1.349,1.661
"noren, alex","Noren, Alex",sg_putt_adj,sg_putt,367,0.7874050425006512,1.874422346412701,-0.5043332852784443,0.0,1.0,0.0,0.7874050425006512,1.874422346412701,inf,normal,,-3.3546,-2.7588,-1.5357000000000003,-0.6133999999999998,1.2121,2.2213000000000003,2.4706,3.5496,4.6841
"novak, andrew","Novak, Andrew",sg_app_adj,sg_app,305,-0.0074254167426527,1.6455347671584477,-0.3873996365754664,0.0,1.0,0.0,-0.0074254167426527,1.6455347671584477,inf,normal,,-3.6298,-2.4363,-2.0038,-1.1787999999999998,0.3136,1.0426,2.5008,3.0456,3.3456
"novak, andrew","Novak, Andrew",sg_arg_adj,sg_arg,305,-0.0060032272495729,1.268300686119857,1.21275776164536,0.0,1.0,0.0,-0.0060032272495729,1.268300686119857,8.94740185530517,student_t,,-4.3874,-2.3184,-1.5056,-0.8636,0.1976,0.8698000000000001,1.3928,1.5574,2.4224
"novak, andrew","Novak, Andrew",sg_ott_adj,sg_ott,305,-0.1859288918481483,0.9220541805845174,0.5156258250147889,0.0,1.0,0.0,-0.1859288918481483,0.9220541805845174,15.63634501787786,student_t,,-2.018,-1.876,-1.477,-0.83,-0.03900000000000001,0.30199999999999994,1.1,1.3039999999999998,1.839
"novak, andrew","Novak, Andrew",sg_putt_adj,sg_putt,305,0.1801974029084221,1.5849530845197837,-0.1482401185068989,0.0,1.0,0.0,0.1801974029084221,1.5849530845197837,inf,normal,,-3.4437,-2.2168,-1.3752,-0.8013,-0.1876999999999999,1.1412,2.3652,3.3056,3.3178
"pendrith, taylor","Pendrith, Taylor",sg_app_adj,sg_app,318,-0.0178276926184323,1.1864153153584098,-0.3341597350258083,0.0,1.0,0.0,-0.0178276926184323,1.1864153153584098,inf,normal,,-2.7184,-1.7389,-1.5724,-0.7674000000000001,-0.1188,0.975,1.4138,1.6096,3.1822000000000004
"pendrith, taylor","Pendrith, Taylor",sg_arg_adj,sg_arg,318,0.0974201525644037,0.8450472564303244,1.6658124807329229,0.0,1.0,0.0,0.0974201525644037,0.8450472564303244,7.601845987706927,student_t,df_t<8,-2.116,-1.1262,-0.7936,-0.481,0.0608,0.46040000000000003,1.0843999999999998,1.7618,3.1708
"pendrith, taylor","Pendrith, Taylor",sg_ott_adj,sg_ott,318,0.354377933496689,0.8859441446738296,0.1522602007288442,0.0,1.0,0.0,0.354377933496689,0.8859441446738296,43.40622678335507,student_t,,-2.0059999999999993,-1.201,-0.8400000000000001,-0.17399999999999993,0.399,1.063,1.376,1.732,2.226
"pendrith, taylor","Pendrith, Taylor",sg_putt_adj,sg_putt,318,0.5413687051336885,1.5687209391441108,0.0847550114513295,0.0,1.0,0.0,0.5413687051336885,1.5687209391441108,74.79227407627093,student_t,,-3.5348999999999995,-1.6113999999999997,-1.2494999999999998,-0.5337999999999999,0.4496,1.5423,2.9196,3.543,3.8003
"poston, j.t.","Poston, J.T.",sg_app_adj,sg_app,491,0.0653875953160489,1.439587365907501,0.3346210451376681,0.0,1.0,0.0,0.0653875953160489,1.439587365907501,21.930731157484463,student_t,,-2.9895,-2.7258,-1.5644,-0.6302,0.0557,1.0337,2.1116,2.5116,3.2852
"poston, j.t.","Poston, J.T.",sg_arg_adj,sg_arg,491,0.0253876722450263,0.992034303609891,0.6851373609860549,0.0,1.0,0.0,0.0253876722450263,0.992034303609891,12.75736799897287,student_t,,-2.449,-1.6602,-1.0992,-0.632,-0.0402,0.8109999999999999,1.4540000000000002,1.5358,2.3154000000000003
"poston, j.t.","Poston, J.T.",sg_ott_adj,sg_ott,491,0.2619989092241184,0.8211690443938182,0.1404881860312299,0.0,1.0,0.0,0.2619989092241184,0.8211690443938182,46.70821746297035,student_t,,-1.616,-1.542,-0.748,-0.199,0.192,0.8670000000000001,1.2759999999999998,1.471,1.718
"poston, j.t.","Poston, J.T.",sg_putt_adj,sg_putt,491,0.2523952329769409,1.8441786033509573,-0.408660293339222,0.0,1.0,0.0,0.2523952329769409,1.8441786033509573,inf,normal,,-3.9305000000000003,-3.8716,-2.1398,-1.0552000000000001,0.8046,1.6705999999999999,2.5436,2.7915,3.0791000000000004
"potgieter, aldrich","Potgieter, Aldrich",sg_app_adj,sg_app,70,-0.1543103143195843,1.5790256295827645,0.2864620304644596,0.0,1.0,0.0,-0.1543103143195843,1.5790256295827645,24.94518421960428,student_t,,-3.1205,-2.861,-2.3054,-1.2957,-0.2593,0.8054999999999999,1.7976,2.2116,4.6762
"potgieter, aldrich","Potgieter, Aldrich",sg_arg_adj,sg_arg,70,-0.3854651425801022,1.0565254253711438,3.2608614686526094,0.0,1.0,0.0,-0.3854651425801022,1.0565254253711438,5.840004568632965,student_t,df_t<8,-2.49,-2.1326,-1.6006,-0.9672,-0.3196,0.2328,1.1193999999999997,1.2123999999999997,1.8382
"potgieter, aldrich","Potgieter, Aldrich",sg_ott_adj,sg_ott,70,0.5267994402136951,1.2645204807039157,0.7109882331288708,0.0,1.0,0.0,0.5267994402136951,1.2645204807039157,12.438958228036475,student_t,,-3.05,-1.5480000000000003,-1.4440000000000002,-0.14300000000000002,0.744,1.506,1.967,2.123,2.383
"potgieter, aldrich","Potgieter, Aldrich",sg_putt_adj,sg_putt,70,0.1420155550562682,1.7631365134875865,0.7082075231651692,0.0,1.0,0.0,0.1420155550562682,1.7631365134875865,12.472093000628393,student_t,,-3.4946,-2.4853,-1.8277,-0.8464,-0.0786,1.4406,2.3291,3.5566,4.1786
"putnam, andrew","Putnam, Andrew",sg_app_adj,sg_app,426,0.1401286763396295,1.246917854657109,1.084611723869182,0.0,1.0,0.0,0.1401286763396295,1.246917854657109,9.53193356475619,student_t,,-4.6287,-1.8433,-1.2716,-0.5767,0.1518,1.0912,1.8226,2.0878,2.7213
"putnam, andrew","Putnam, Andrew",sg_arg_adj,sg_arg,426,0.4357302636893855,0.9456927765836568,-0.1902062023149411,0.0,1.0,0.0,0.4357302636893855,0.9456927765836568,inf,normal,,-1.2326000000000001,-1.1948000000000003,-1.0659999999999998,-0.12370000000000003,0.4848,0.9874,1.6521999999999997,2.2062,2.9366
"putnam, andrew","Putnam, Andrew",sg_ott_adj,sg_ott,426,-0.7055633894716791,0.7332097788319547,-0.579019060337481,0.0,1.0,0.0,-0.7055633894716791,0.7332097788319547,inf,normal,,-2.16,-1.973,-1.687,-1.231,-0.791,-0.22999999999999998,0.4039999999999999,0.4829999999999999,0.5920000000000001
"putnam, andrew","Putnam, Andrew",sg_putt_adj,sg_putt,426,0.069190762351686,1.9080920485351245,0.385994534142299,0.0,1.0,0.0,0.069190762351686,1.9080920485351245,19.544261561455343,student_t,,-3.2276,-2.9738,-1.9438999999999997,-1.17065,-0.1136,1.2681,2.2815,3.5538,5.0452
"rodgers, patrick","Rodgers, Patrick",sg_app_adj,sg_app,484,0.1046911129459043,1.6600883303091531,-0.4260515979637387,0.0,1.0,0.0,0.1046911129459043,1.6600883303091531,inf,normal,,-3.2532,-3.0637,-2.1638,-0.8993,-0.02039999999999989,1.3422,2.7242,2.7906,3.9386
"rodgers, patrick","Rodgers, Patrick",sg_arg_adj,sg_arg,484,0.2737594893828177,1.1351590523038582,1.3485728120104987,0.0,1.0,0.0,0.2737594893828177,1.1351590523038582,8.449147978191103,student_t,,-1.5944,-1.2752,-0.9450000000000001,-0.5511999999999999,0.015000000000000013,0.7756,2.2008,2.3844000000000003,3.8594
"rodgers, patrick","Rodgers, Patrick",sg_ott_adj,sg_ott,484,0.0579080407332998,1.051688407634635,0.3725885336590875,0.0,1.0,0.0,0.0579080407332998,1.051688407634635,20.103555149901375,student_t,,-2.749,-2.0,-1.383,-0.632,0.286,0.793,1.218,1.353,1.78
"rodgers, patrick","Rodgers, Patrick",sg_putt_adj,sg_putt,484,0.1525505489127591,1.4809903692123934,-0.423710034040115,0.0,1.0,0.0,0.1525505489127591,1.4809903692123934,inf,normal,,-2.9239,-2.0654,-1.7809,-0.9056999999999998,0.4257999999999999,1.1007,2.0965000000000003,2.3856,3.362
"rose, justin","Rose, Justin",sg_app_adj,sg_app,315,0.6391641141392684,1.6628747500867112,-0.3595178244469603,0.0,1.0,0.0,0.6391641141392684,1.6628747500867112,inf,normal,,-2.9548,-2.4095,-1.4167,-0.5973999999999998,0.3958,1.7386,3.1602,3.409,3.8835
"rose, justin","Rose, Justin",sg_arg_adj,sg_arg,315,0.0320216458683016,0.8951144908921188,1.7158592122644365,0.0,1.0,0.0,0.0320216458683016,0.8951144908921188,7.49679038764593,student_t,df_t<8,-1.9848000000000001,-1.1536,-1.1104,-0.5833999999999999,0.0506,0.6274000000000001,1.0584,1.229,2.4966
"rose, justin","Rose, Justin",sg_ott_adj,sg_ott,315,0.1159148903283206,1.0663804914184596,1.3518794950571218,0.0,1.0,0.0,0.1159148903283206,1.0663804914184596,8.438265408964192,student_t,,-3.449,-1.938,-1.024,-0.604,0.302,0.875,1.228,1.584,2.191
"rose, justin","Rose, Justin",sg_putt_adj,sg_putt,315,0.3940352455901146,1.846691359833008,0.3317056382283172,0.0,1.0,0.0,0.3940352455901146,1.846691359833008,22.088326843181736,student_t,,-4.3994,-3.2814,-1.8508999999999998,-0.7484,0.5466,1.5213,2.9843,3.5828,3.9772
"schauffele, xander","Schauffele, Xander",sg_app_adj,sg_app,422,0.5877716995111393,1.4193775622250075,-0.2773997650077886,0.0,1.0,0.0,0.5877716995111393,1.4193775622250075,inf,normal,,-2.5094,-1.6898,-1.3073,-0.5773999999999999,0.5976999999999999,1.5426,2.4737,2.8622,4.0335
"schauffele, xander","Schauffele, Xander",sg_arg_adj,sg_arg,422,0.1119501037293954,0.9467755741949386,-0.5956114658697662,0.0,1.0,0.0,0.1119501037293954,0.9467755741949386,inf,normal,,-1.6583999999999999,-1.476,-1.197,-0.6903999999999999,0.3138,0.7788,1.2936,1.8410000000000002,2.0774000000000004
"schauffele, xander","Schauffele, Xander",sg_ott_adj,sg_ott,422,0.579869617343535,1.0091704727628616,2.2234939013444954,0.0,1.0,0.0,0.579869617343535,1.0091704727628616,6.698455793547236,student_t,df_t<8,-3.287,-1.2560000000000002,-0.9639999999999999,0.15600000000000003,0.903,1.257,1.71,1.7809999999999997,2.147
"schauffele, xander","Schauffele, Xander",sg_putt_adj,sg_putt,422,0.2574574576710065,1.4714564865627673,-0.3837211371654114,0.0,1.0,0.0,0.2574574576710065,1.4714564865627673,inf,normal,,-2.9218,-1.8914,-1.8354,-1.0568,0.3733,1.3825,1.9076,2.6513,3.2536
"scheffler, scottie","Scheffler, Scottie",sg_app_adj,sg_app,476,0.9914043189418572,1.330674957974263,-0.1117640868041411,0.0,1.0,0.0,0.9914043189418572,1.330674957974263,inf,normal,,-1.9147000000000003,-0.9344,-0.6053999999999998,0.21719999999999995,0.6586000000000001,1.9644,2.9943,3.1062,4.1732000000000005
"scheffler, scottie","Scheffler, Scottie",sg_arg_adj,sg_arg,476,0.4529488957987888,1.1250969171519667,-0.1136306808015921,0.0,1.0,0.0,0.4529488957987888,1.1250969171519667,inf,normal,,-1.9296,-1.6022,-1.1626,-0.3392,0.5618,1.1258,1.8976,2.2832,2.9864
"scheffler, scottie","Scheffler, Scottie",sg_ott_adj,sg_ott,476,0.9144922721445818,0.7330024882559618,0.2623853006138454,0.0,1.0,0.0,0.9144922721445818,0.7330024882559618,26.86713465260102,student_t,,-1.087,-0.5820000000000001,-0.025999999999999912,0.465,1.076,1.415,1.742,1.789,2.101
"scheffler, scottie","Scheffler, Scottie",sg_putt_adj,sg_putt,476,0.8630960400481528,1.707006436123579,-0.7307798980774773,0.0,1.0,0.0,0.8630960400481528,1.707006436123579,inf,normal,,-2.1394,-2.1067,-1.4613999999999998,-0.3087000000000001,0.7784,2.3436,3.0218000000000003,3.5156,4.4023
"scott, adam","Scott, Adam",sg_app_adj,sg_app,358,0.474913034798739,1.3705902457168668,0.1867329543801132,0.0,1.0,0.0,0.474913034798739,1.3705902457168668,36.13144685638301,student_t,,-2.8808,-1.9476,-1.3815,-0.3646,0.5615,1.3466,2.2955,2.7151,3.1996
"scott, adam","Scott, Adam",sg_arg_adj,sg_arg,358,-0.0742395872954612,1.0621980120830896,0.7263055085287351,0.0,1.0,0.0,-0.0742395872954612,1.0621980120830896,12.260986498855143,student_t,,-3.2762,-1.8639999999999999,-1.0642,-0.829,-0.0844,0.744,1.1068000000000002,1.4428,2.2746
"scott, adam","Scott, Adam",sg_ott_adj,sg_ott,358,0.5971772266700174,1.046934355500099,1.8518082329509584,0.0,1.0,0.0,0.5971772266700174,1.046934355500099,7.240076317426599,student_t,df_t<8,-3.219,-1.4690000000000003,-0.9719999999999999,0.10499999999999998,0.747,1.317,1.604,1.9129999999999998,2.7
"scott, adam","Scott, Adam",sg_putt_adj,sg_putt,358,0.0909687911385289,1.7709370574169576,0.5355844546848854,0.0,1.0,0.0,0.0909687911385289,1.7709370574169576,15.202714992036391,student_t,,-3.4234,-2.4099,-2.045,-0.9798,0.0755,0.927,2.2649,3.2436,4.7466
"smotherman, austin","Smotherman, Austin",sg_app_adj,sg_app,193,0.66854971693133,1.4129273085539242,-0.0035146710034932,0.0,1.0,0.0,0.66854971693133,1.4129273085539242,inf,normal,,-2.3815,-1.5678999999999998,-0.8446000000000001,-0.1915,0.4144,1.5902999999999998,2.3292,3.2662,3.89735
"smotherman, austin","Smotherman, Austin",sg_arg_adj,sg_arg,193,-0.1014769127895289,0.994871396448781,0.3990032511537738,0.0,1.0,0.0,-0.1014769127895289,0.994871396448781,19.037471455809346,student_t,,-2.7868,-1.939,-1.1194,-0.7798,-0.0426,0.7166,1.2693,1.375,1.66336
"smotherman, austin","Smotherman, Austin",sg_ott_adj,sg_ott,193,0.1673982355084956,1.099943396434836,4.57933439632548,0.0,1.0,0.0,0.1673982355084956,1.099943396434836,5.310234082231357,student_t,df_t<8,-3.973,-1.505,-0.9779999999999999,-0.214,0.315,0.784,1.2029999999999998,1.568,2.082
"smotherman, austin","Smotherman, Austin",sg_putt_adj,sg_putt,193,-0.4833863809030181,1.7346708344323891,0.1371641005739028,0.0,1.0,0.0,-0.4833863809030181,1.7346708344323891,47.7432241737863,student_t,,-4.8414,-3.6381999999999994,-2.3083,-1.4749,-0.6068,0.46819999999999995,1.80635,3.0123500000000005,3.1934200000000006
"spaun, j.j.","Spaun, J.J.",sg_app_adj,sg_app,422,0.5565300308402517,1.4679480924807908,0.1279851011275639,0.0,1.0,0.0,0.5565300308402517,1.4679480924807908,50.88045676519602,student_t,,-2.8214,-1.7797999999999998,-1.274,-0.4377,0.7426,1.4126,2.3908,3.1668,4.0186
"spaun, j.j.","Spaun, J.J.",sg_arg_adj,sg_arg,422,0.3288085207829859,1.101156691379534,2.7393671849454035,0.0,1.0,0.0,0.3288085207829859,1.101156691379534,6.190286878288491,student_t,df_t<8,-1.3082,-1.1932,-1.0346,-0.35059999999999997,0.3518,1.0058,1.361,1.651,4.3914
"spaun, j.j.","Spaun, J.J.",sg_ott_adj,sg_ott,422,0.4547211521005983,0.7407279194225098,3.320600488390949,0.0,1.0,0.0,0.4547211521005983,0.7407279194225098,5.806902101284518,student_t,df_t<8,-1.459,-0.867,-0.25799999999999995,0.066,0.414,0.907,1.2679999999999998,1.409,2.861
"spaun, j.j.","Spaun, J.J.",sg_putt_adj,sg_putt,422,-0.2445953535985874,1.4822564814352106,0.0873324123417997,0.0,1.0,0.0,-0.2445953535985874,1.4822564814352106,72.70301459803183,student_t,,-2.7974,-2.6167,-2.0947,-1.374,-0.3098,0.6798000000000001,1.4340000000000002,2.6485,3.4166
"spieth, jordan","Spieth, Jordan",sg_app_adj,sg_app,423,0.0819933682728377,1.4651617465274638,-0.3647706915736406,0.0,1.0,0.0,0.0819933682728377,1.4651617465274638,inf,normal,,-3.1248,-2.2234000000000003,-1.8176,-1.0848,-0.0377,1.173,2.0301,2.5386,3.3315
"spieth, jordan","Spieth, Jordan",sg_arg_adj,sg_arg,423,0.1940262274401839,0.8125297532144977,1.246176437795074,0.0,1.0,0.0,0.1940262274401839,0.8125297532144977,8.814727528162962,student_t,,-1.7452,-1.3466,-0.72,-0.30299999999999994,0.3362,0.6414,1.265,1.6948,1.9046
"spieth, jordan","Spieth, Jordan",sg_ott_adj,sg_ott,423,0.0971112950248952,0.9005484485767604,-0.4153520347859127,0.0,1.0,0.0,0.0971112950248952,0.9005484485767604,inf,normal,,-1.56,-1.49,-1.253,-0.6659999999999999,0.212,0.797,1.157,1.379,1.5699999999999998
"spieth, jordan","Spieth, Jordan",sg_putt_adj,sg_putt,423,0.5034310863373753,1.8391630287404768,-0.8909254302116625,0.0,1.0,0.0,0.5034310863373753,1.8391630287404768,inf,normal,,-3.0414,-2.3633,-2.3424,-0.9587,0.5696,1.9753000000000003,3.0193000000000003,3.3826,4.2736
"stevens, samuel","Stevens, Samuel",sg_app_adj,sg_app,295,0.1116593004140865,1.4471156932812412,0.13094753092731,0.0,1.0,0.0,0.1116593004140865,1.4471156932812412,49.81987882864814,student_t,,-2.7319,-2.2042,-1.6644,-0.8257000000000001,-0.2929,1.1532,1.6946,2.532,3.4588
"stevens, samuel","Stevens, Samuel",sg_arg_adj,sg_arg,295,0.1556506360265247,0.9624912968309144,1.8926347759386264,0.0,1.0,0.0,0.1556506360265247,0.9624912968309144,7.170183743994866,student_t,df_t<8,-1.6712,-1.1426,-0.9431999999999999,-0.3156,-0.055400000000000005,0.5498,1.3006,2.4608,3.186
"stevens, samuel","Stevens, Samuel",sg_ott_adj,sg_ott,295,0.4812373581409858,0.9230523243495516,1.4991058424834565,0.0,1.0,0.0,0.4812373581409858,0.9230523243495516,8.00238584225664,student_t,,-2.914,-0.963,-0.9169999999999999,-0.07299999999999995,0.594,1.118,1.5220000000000002,1.645,2.067
"stevens, samuel","Stevens, Samuel",sg_putt_adj,sg_putt,295,0.0008289670241382,1.4528212162772658,-0.3323715693825031,0.0,1.0,0.0,0.0008289670241382,1.4528212162772658,inf,normal,,-2.884,-1.8346,-1.6847,-1.2393,-0.1331999999999999,0.8042,2.0626,2.2326,3.418
"straka, sepp","Straka, Sepp",sg_app_adj,sg_app,475,0.5766771426441181,1.6888003728363683,0.4828868720422354,0.0,1.0,0.0,0.5766771426441181,1.6888003728363683,16.42527048752573,student_t,,-4.7294,-1.6564,-1.6207000000000003,-0.6617000000000001,0.642,1.7382999999999997,2.4057,3.3961,4.0852
"straka, sepp","Straka, Sepp",sg_arg_adj,sg_arg,475,0.1236385140338094,1.2484201425252917,0.2769478763101256,0.0,1.0,0.0,0.1236385140338094,1.2484201425252917,25.66472651800086,student_t,,-2.7918,-2.2052,-1.5422,-0.7272000000000001,0.1298,0.9018,1.6918,1.8826,3.2154000000000003
"straka, sepp","Straka, Sepp",sg_ott_adj,sg_ott,475,0.3108069260355298,0.9320244574737178,1.5287139322878085,0.0,1.0,0.0,0.3108069260355298,0.9320244574737178,7.924867742273176,student_t,df_t<8,-2.49,-1.9720000000000002,-0.667,-0.11299999999999993,0.547,0.9909999999999999,1.357,1.411,1.72
"straka, sepp","Straka, Sepp",sg_putt_adj,sg_putt,475,0.0982938684662228,1.7036923390122984,-0.0866425751428385,0.0,1.0,0.0,0.0982938684662228,1.7036923390122984,inf,normal,,-3.8274,-3.1948000000000003,-2.4084,-0.8648,0.1492,1.3253,2.2953,2.5424,4.7165
"taylor, nick","Taylor, Nick",sg_app_adj,sg_app,450,0.3597542443630129,1.586550936565976,-0.466791176472757,0.0,1.0,0.0,0.3597542443630129,1.586550936565976,inf,normal,,-3.0948,-2.1614,-1.3154,-0.6902999999999999,0.04799999999999999,1.4102,2.6013,3.0736,3.2978
"taylor, nick","Taylor, Nick",sg_arg_adj,sg_arg,450,0.2835868621150536,1.0375406214950564,0.6479891760524215,0.0,1.0,0.0,0.2835868621150536,1.0375406214950564,13.25941392501687,student_t,,-3.1264000000000003,-1.0179999999999998,-0.8020000000000002,-0.3712,0.1878,0.8948,1.8438000000000003,2.2068,2.3338
"taylor, nick","Taylor, Nick",sg_ott_adj,sg_ott,450,0.1130094255819303,0.7007713168184962,0.1700725020206421,0.0,1.0,0.0,0.1130094255819303,0.7007713168184962,39.279071741249304,student_t,,-1.776,-1.47,-0.752,-0.229,0.068,0.669,0.968,1.176,1.53
"taylor, nick","Taylor, Nick",sg_putt_adj,sg_putt,450,0.2633357597530597,1.736733674595948,0.3648592475341861,0.0,1.0,0.0,0.2633357597530597,1.736733674595948,20.444697621204792,student_t,,-3.2138,-3.0614,-1.8481999999999998,-0.7530000000000001,0.3617,1.3615,2.5008,2.992,5.0503
"theegala, sahith","Theegala, Sahith",sg_app_adj,sg_app,394,0.2389900785156641,1.511362507244924,-0.4262238142479613,0.0,1.0,0.0,0.2389900785156641,1.511362507244924,inf,normal,,-3.4284,-2.5787,-1.7992,-0.8871999999999999,0.2886,1.2288,2.2468,2.3717,3.6148
"theegala, sahith","Theegala, Sahith",sg_arg_adj,sg_arg,394,0.1071402151248015,1.2351541735948122,1.206071217081209,0.0,1.0,0.0,0.1071402151248015,1.2351541735948122,8.974830602889678,student_t,,-2.0344,-1.7632,-1.5562,-0.6365999999999999,-0.02120000000000001,0.6245999999999999,1.4872,2.998,3.6076
"theegala, sahith","Theegala, Sahith",sg_ott_adj,sg_ott,394,-0.1712921142816662,1.0952037006850148,0.1906139136955418,0.0,1.0,0.0,-0.1712921142816662,1.0952037006850148,35.477240478801065,student_t,,-3.484,-1.921,-1.707,-0.86,-0.191,0.729,1.142,1.168,1.479
"theegala, sahith","Theegala, Sahith",sg_putt_adj,sg_putt,394,0.2453644231944196,1.7089067743468382,0.1932676084726057,0.0,1.0,0.0,0.2453644231944196,1.7089067743468382,35.04503671059011,student_t,,-4.145,-2.4792,-2.2362,-0.9666999999999999,0.3912,1.3933,1.9276,2.8142,4.757
"thomas, justin","Thomas, Justin",sg_app_adj,sg_app,423,0.1225704692889655,1.6462824540978098,-0.2986284244082573,0.0,1.0,0.0,0.1225704692889655,1.6462824540978098,inf,normal,,-3.8608,-2.1375,-1.7228,-1.2778,0.1396,0.9711,2.5122,3.0557,4.2011
"thomas, justin","Thomas, Justin",sg_arg_adj,sg_arg,423,0.4644662857188497,1.016554636683068,0.1112046528002528,0.0,1.0,0.0,0.4644662857188497,1.016554636683068,57.954576979591636,student_t,,-2.3744,-1.4058,-0.7449999999999999,-0.16340000000000005,0.4453999999999999,1.0628,1.8994,2.2778,2.6922
"thomas, justin","Thomas, Justin",sg_ott_adj,sg_ott,423,0.0847279563246308,1.1564522799042916,0.8528026577307997,0.0,1.0,0.0,0.0847279563246308,1.1564522799042916,11.035625353191609,student_t,,-2.353,-2.246,-1.677,-0.881,0.27,0.804,1.4549999999999998,1.907,2.537
"thomas, justin","Thomas, Justin",sg_putt_adj,sg_putt,423,0.3431203798993244,1.5915201092709303,0.415321583382648,0.0,1.0,0.0,0.3431203798993244,1.5915201092709303,18.446636630661267,student_t,,-2.109,-1.7592000000000003,-1.5008,-0.7594000000000002,0.1056,1.0935,2.8891,3.7699,4.5696
"thorbjornsen, michael","Thorbjornsen, Michael",sg_app_adj,sg_app,129,-0.081006671179557,1.631691095809767,0.672386285823448,0.0,1.0,0.0,-0.081006671179557,1.631691095809767,12.92344196558383,student_t,,-4.3477,-2.5227000000000004,-1.9773,-1.2147,0.0846,0.9562000000000002,2.0633,2.1077,3.9835
"thorbjornsen, michael","Thorbjornsen, Michael",sg_arg_adj,sg_arg,129,-0.0012436342671415,1.0447529244628468,-0.8465119347598122,0.0,1.0,0.0,-0.0012436342671415,1.0447529244628468,inf,normal,,-1.6886,-1.4607,-1.375,-0.8665999999999999,-0.1222,0.935,1.6496,1.7386,1.9036
"thorbjornsen, michael","Thorbjornsen, Michael",sg_ott_adj,sg_ott,129,0.4372009509490264,1.220080105830449,2.7529406814937936,0.0,1.0,0.0,0.4372009509490264,1.220080105830449,6.179487571357439,student_t,df_t<8,-3.9229999999999996,-1.487,-1.074,0.0749999999999999,0.7210000000000001,1.157,1.704,2.085,2.537
"thorbjornsen, michael","Thorbjornsen, Michael",sg_putt_adj,sg_putt,129,-0.356763458326616,1.9802400227750392,0.5416265873455939,0.0,1.0,0.0,-0.356763458326616,1.9802400227750392,15.077742747830804,student_t,,-6.0017,-3.4455,-2.7652,-1.9367,0.00030000000000002247,1.0854,1.7626000000000002,2.6136,3.3356
"vegas, jhonattan","Vegas, Jhonattan",sg_app_adj,sg_app,319,-0.1577979230377425,1.813771965374744,0.4479304753376629,0.0,1.0,0.0,-0.1577979230377425,1.813771965374744,17.39493588927395,student_t,,-3.3768,-2.7437,-2.2096,-1.6627,-0.2124,0.7366,1.9561,3.5639,4.8896
"vegas, jhonattan","Vegas, Jhonattan",sg_arg_adj,sg_arg,319,-0.15391677474458,1.0711858488129895,-0.4110496635419083,0.0,1.0,0.0,-0.15391677474458,1.0711858488129895,inf,normal,,-2.3686,-1.7672,-1.6174,-0.9072,-0.2302,0.6388,1.1728,1.8346,2.2190000000000003
"vegas, jhonattan","Vegas, Jhonattan",sg_ott_adj,sg_ott,319,0.1570216151447331,0.9519164485363302,-0.3543637095177763,0.0,1.0,0.0,0.1570216151447331,0.9519164485363302,inf,normal,,-1.998,-1.7120000000000002,-1.4480000000000002,-0.33899999999999997,0.361,0.776,1.255,1.539,2.1340000000000003
"vegas, jhonattan","Vegas, Jhonattan",sg_putt_adj,sg_putt,319,-0.4166841574482101,1.523255051251322,0.1913686140604515,0.0,1.0,0.0,-0.4166841574482101,1.523255051251322,35.353103691834534,student_t,,-3.5625,-2.7208,-2.3618,-1.4188,-0.4588,0.5185000000000001,1.8212000000000002,2.2386,3.7614
"young, cameron","Young, Cameron",sg_app_adj,sg_app,346,0.327666477164253,1.6583208900233055,0.545980307705149,0.0,1.0,0.0,0.327666477164253,1.6583208900233055,14.989407338185972,student_t,,-4.035699999999999,-3.4022000000000006,-1.4554,-0.3568,0.2148,1.1186,2.4433,3.3026,3.5946
"young, cameron","Young, Cameron",sg_arg_adj,sg_arg,346,0.1877378747664512,0.9450088597750748,0.0393115696516406,0.0,1.0,0.0,0.1877378747664512,0.9450088597750748,156.62682343058262,student_t,,-2.1192,-1.1772,-0.8654000000000001,-0.4523999999999999,-0.01319999999999999,0.7826000000000001,1.6208,2.1744,2.3694
"young, cameron","Young, Cameron",sg_ott_adj,sg_ott,346,0.5271468224467227,0.7859418180823485,2.848133267851108,0.0,1.0,0.0,0.5271468224467227,0.7859418180823485,6.10664299586197,student_t,df_t<8,-1.956,-0.7999999999999999,-0.19899999999999995,0.08000000000000002,0.599,0.97,1.295,1.6960000000000002,2.175
"young, cameron","Young, Cameron",sg_putt_adj,sg_putt,346,0.4824557964001223,1.4185094708557533,0.3495055159711158,0.0,1.0,0.0,0.4824557964001223,1.4185094708557533,21.167111034939598,student_t,,-2.1799,-1.3187,-1.2743,-0.41119999999999984,0.3313,1.2286,2.6126,3.0482,4.2266
