player_name,category_clean,mean,std,skew,excess_kurtosis,n,n_eff,distribution_source,category_profile_shrinkage_adjustment,category_profile_shrinkage_factor,course_history_category_signal,course_history_category_raw_adjustment,course_history_category_adjustment
"bauchou, zach",sg_app,0.20897658182173973,1.4869624035543572,0.20436532496048104,-0.3976128584544747,74,45.0752480803565,player_ema,0.0,1.0,0.0,0.0,0.0
"bauchou, zach",sg_arg,0.021024152643349718,1.0172498006486552,0.01830714808143708,0.2382220126438157,74,45.0752480803565,player_ema,-0.0,1.0,0.0,0.0,0.0
"bauchou, zach",sg_ott,0.14908561463742798,0.9283726018935983,-1.043458410499926,1.2617412011682232,74,45.0752480803565,player_ema,-0.0,1.0,0.0,0.0,0.0
"bauchou, zach",sg_putt,0.2586927210231565,1.7078135538018764,0.2066311037016186,0.2002586477378987,74,45.0752480803565,player_ema,0.0,1.0,0.0,0.0,0.0
"bezuidenhout, christiaan",sg_app,0.35994656274308856,1.4032647975631647,0.01693745015792096,-0.5646495317181204,453,49.99999865248234,player_ema,0.0,1.0,0.0,0.0,0.0
"bezuidenhout, christiaan",sg_arg,0.19532826077355078,0.6782811332430574,0.40840713886636204,0.5517239106801473,453,49.99999865248234,player_ema,0.0,1.0,0.0,0.0,0.0
"bezuidenhout, christiaan",sg_ott,-0.42360574260166267,0.8799478281571383,-0.25208548093880584,-0.5965238815750409,453,49.99999865248234,player_ema,-0.0,1.0,0.0,0.0,0.0
"bezuidenhout, christiaan",sg_putt,0.31342935428109786,1.376955888808282,-0.08803029116041997,0.061953272901748235,453,49.99999865248234,player_ema,0.0,1.0,0.0,0.0,0.0
"bradley, keegan",sg_app,0.5664079140650485,1.7756822102982366,-0.2595580634377637,0.20302518368741662,508,49.99999985073464,player_ema,0.0,1.0,0.0,0.0,0.0
"bradley, keegan",sg_arg,0.15247885500927313,0.9770308827563698,0.19661202493356303,0.9304601306518285,508,49.99999985073464,player_ema,-0.0,1.0,0.0,0.0,0.0
"bradley, keegan",sg_ott,0.27701538910345697,0.9566945181825905,-0.7592513009062656,-0.05602800048209389,508,49.99999985073464,player_ema,0.0,1.0,0.0,0.0,0.0
"bradley, keegan",sg_putt,-0.09778779197728073,1.5172743300254752,-0.3555711550014907,0.1677147457037509,508,49.99999985073464,player_ema,-0.0,1.0,0.0,0.0,0.0
"brennan, michael",sg_app,0.3802258278131789,1.6770207485746287,-0.511040192766307,0.09438900780489723,93,47.63508798618107,player_ema,0.0,1.0,0.0,0.0,0.0
"brennan, michael",sg_arg,-0.4470984818827249,0.8788428577894347,0.3147038996503913,4.4881297141948995,93,47.63508798618107,player_ema,-0.0,1.0,0.0,0.0,0.0
"brennan, michael",sg_ott,0.746002423532079,0.9088579575527095,-0.3831868130050319,0.041152263305520353,93,47.63508798618107,player_ema,0.0,1.0,0.0,0.0,0.0
"brennan, michael",sg_putt,0.5674670105583203,1.5017545729349324,-0.6934847175695682,1.735086976783375,93,47.63508798618107,player_ema,0.0,1.0,0.0,0.0,0.0
"bridgeman, jacob",sg_app,0.5156334035550469,1.4621611091784237,-0.1628785367282109,0.24552641391430852,255,49.996288158853716,player_ema,0.0,1.0,0.0,0.0,0.0
"bridgeman, jacob",sg_arg,0.031321933930328436,1.0149331875027683,-0.011206120685628474,-0.4521415485180844,255,49.996288158853716,player_ema,-0.0,1.0,0.0,0.0,0.0
"bridgeman, jacob",sg_ott,0.24331138284854406,0.7554663075325528,-0.7991946145732451,0.508874997764428,255,49.996288158853716,player_ema,-0.0,1.0,0.0,0.0,0.0
"bridgeman, jacob",sg_putt,0.9087212779278193,1.5420708009377977,-0.9368101569123453,1.2541306994464483,255,49.996288158853716,player_ema,0.0,1.0,0.0,0.0,0.0
"castillo, ricky",sg_app,-0.08403298742399799,1.5553142401744766,-0.16628456795619467,-0.13375771847189144,139,49.61688109160541,player_ema,-0.0,1.0,0.0,0.0,0.0
"castillo, ricky",sg_arg,0.16932974756247618,1.1611767022230974,0.01015005421279717,0.040253771913714154,139,49.61688109160541,player_ema,0.0,1.0,0.0,0.0,0.0
"castillo, ricky",sg_ott,0.2028738441688385,0.8965721866470805,-0.13452716866438366,-0.7529324511013424,139,49.61688109160541,player_ema,0.0,1.0,0.0,0.0,0.0
"castillo, ricky",sg_putt,0.29979049196727997,1.431794271410687,-0.03401650519249717,-0.6413590195387915,139,49.61688109160541,player_ema,0.0,1.0,0.0,0.0,0.0
"clark, wyndham",sg_app,0.46958838947907733,1.6017806062044626,-0.11222652651805053,0.07175273297664653,517,49.9999998958661,player_ema,0.0,1.0,0.0,0.0,0.0
"clark, wyndham",sg_arg,0.370610982062897,1.003375336350261,0.00040099308533373226,-0.28715069902067825,517,49.9999998958661,player_ema,-0.0,1.0,0.0,0.0,0.0
"clark, wyndham",sg_ott,0.26040946378561863,0.8426955532687935,-0.9545778041951416,1.5349851503908232,517,49.9999998958661,player_ema,-0.0,1.0,0.0,0.0,0.0
"clark, wyndham",sg_putt,0.7193377303457738,1.5562179441166675,0.39220301633400617,-0.028368359767444673,517,49.9999998958661,player_ema,0.0,1.0,0.0,0.0,0.0
"coody, pierceson",sg_app,-0.3073647761129578,1.613500068081934,-0.4599339098338226,1.5029685769010062,202,49.96907581439784,player_ema,-0.0,1.0,0.0,0.0,0.0
"coody, pierceson",sg_arg,-0.15611220121093583,1.2278669585639859,-0.14365986787984264,2.1772935608083035,202,49.96907581439784,player_ema,-0.0,1.0,0.0,0.0,0.0
"coody, pierceson",sg_ott,0.18728084684488713,1.1363791123015663,-0.6852700420719547,0.31780987153907825,202,49.96907581439784,player_ema,0.0,1.0,0.0,0.0,0.0
"coody, pierceson",sg_putt,0.11583369348271574,1.6676154028822068,-0.7388822641118363,0.4359109146439599,202,49.96907581439784,player_ema,0.0,1.0,0.0,0.0,0.0
"echavarria, nicolas",sg_app,-0.04533002970919759,1.5382098688062453,-0.3955740963504901,0.8590860390937252,286,49.998926001042534,player_ema,-0.0,1.0,0.0,0.0,0.0
"echavarria, nicolas",sg_arg,-0.06864631347759113,1.2092330022908837,-0.27616113132699727,-0.8450687328782407,286,49.998926001042534,player_ema,-0.0,1.0,0.0,0.0,0.0
"echavarria, nicolas",sg_ott,-0.3418211383693288,1.2488688331428421,-1.11805436782529,1.0975516647434915,286,49.998926001042534,player_ema,-0.0,1.0,0.0,0.0,0.0
"echavarria, nicolas",sg_putt,0.45122166595172786,1.7260454787423125,-0.11282157065300415,0.8318907221988079,286,49.998926001042534,player_ema,0.0,1.0,0.0,0.0,0.0
"finau, tony",sg_app,-0.2628051462888347,1.6487831907059238,-0.3786014317895201,0.03885599397257433,515,49.99999988719189,player_ema,-0.0,1.0,0.0,0.0,0.0
"finau, tony",sg_arg,0.3385514565396397,1.1517817272221307,0.19896339165164084,-0.44770536274860007,515,49.99999988719189,player_ema,0.0,1.0,0.0,0.0,0.0
"finau, tony",sg_ott,-0.15307879966901589,1.252795280478633,-0.6391374987639413,-0.4485933385384797,515,49.99999988719189,player_ema,0.0,1.0,0.0,0.0,0.0
"finau, tony",sg_putt,-0.5380497173725026,1.678698900452035,0.6630605896668151,0.30323681855669715,515,49.99999988719189,player_ema,-0.0,1.0,0.0,0.0,0.0
"fisk, steven",sg_app,-0.22210593087088965,1.2279118272345466,-0.05149646725359117,-0.3009426658017098,134,49.53244168502929,player_ema,-0.0,1.0,0.0,0.0,0.0
"fisk, steven",sg_arg,0.01767949837548401,0.7652985236961227,0.05023061201613955,1.343220685066603,134,49.53244168502929,player_ema,-0.0,1.0,0.0,0.0,0.0
"fisk, steven",sg_ott,0.40183676277760993,0.9220959901212562,-0.8167133172816149,0.6237004679842011,134,49.53244168502929,player_ema,0.0,1.0,0.0,0.0,0.0
"fisk, steven",sg_putt,0.016505489603497393,1.64166124123711,-0.006512323421535081,-0.03429146202180178,134,49.53244168502929,player_ema,-0.0,1.0,0.0,0.0,0.0
"fowler, rickie",sg_app,0.4781678258162645,1.3907397144625482,-0.5570989368690314,1.5553599024819267,480,49.99999954245496,player_ema,0.0,1.0,0.0,0.0,0.0
"fowler, rickie",sg_arg,-0.21171850754409796,0.8585590569808189,0.11625309330705472,0.3626882625681005,480,49.99999954245496,player_ema,-0.0,1.0,0.0,0.0,0.0
"fowler, rickie",sg_ott,0.3081567685931251,0.9240832571377336,-0.6233835539807026,-0.16120921692234624,480,49.99999954245496,player_ema,0.0,1.0,0.0,0.0,0.0
"fowler, rickie",sg_putt,0.3584662698153089,1.3820869818038666,0.42885314265419205,-0.25817049023280436,480,49.99999954245496,player_ema,0.0,1.0,0.0,0.0,0.0
"fujimoto, yoshinori",sg_app,-0.26541912347723506,1.5322762825918592,-0.09415822153081277,0.0,0,0.0,pga_population_prior,0.0,1.0,0.0,0.0,0.0
"fujimoto, yoshinori",sg_arg,-0.08225994240066449,1.023526431130031,-0.08332142475303503,0.25835296561405086,0,0.0,pga_population_prior,0.0,1.0,0.0,0.0,0.0
"fujimoto, yoshinori",sg_ott,-0.17306777960091205,0.9805176278948962,-0.6387840890200145,0.2669670419616701,0,0.0,pga_population_prior,0.0,1.0,0.0,0.0,0.0
"fujimoto, yoshinori",sg_putt,-0.15345304112950164,1.6380053709220803,0.0057083548197044785,0.0,0,0.0,pga_population_prior,0.0,1.0,0.0,0.0,0.0
"gerard, ryan",sg_app,0.2888188720268857,1.2745433390473,0.29122187198933247,0.1756631001939133,228,49.989069032048796,player_ema,-0.0,1.0,0.0,0.0,0.0
"gerard, ryan",sg_arg,0.11413469646089028,1.0115079903388586,0.08287797740399759,-0.20796871936537853,228,49.989069032048796,player_ema,-0.0,1.0,0.0,0.0,0.0
"gerard, ryan",sg_ott,0.49107936744890296,0.7667387925686897,-0.5819838833315614,0.6528973360663972,228,49.989069032048796,player_ema,0.0,1.0,0.0,0.0,0.0
"gerard, ryan",sg_putt,0.5835291154926197,1.5723817393277182,0.9015373666719575,1.563827006362997,228,49.989069032048796,player_ema,0.0,1.0,0.0,0.0,0.0
"ghim, doug",sg_app,0.3196571331263307,1.4859314790554556,-0.07166184161582251,0.24151075076023254,448,49.999998354094316,player_ema,0.0,1.0,0.0,0.0,0.0
"ghim, doug",sg_arg,0.26091502431636016,0.8438614954266442,-0.1923052422452118,0.962348577150494,448,49.999998354094316,player_ema,-0.0,1.0,0.0,0.0,0.0
"ghim, doug",sg_ott,0.6549712759151818,0.971122306056532,-1.3184619139381464,2.287486412983121,448,49.999998354094316,player_ema,0.0,1.0,0.0,0.0,0.0
"ghim, doug",sg_putt,0.039593309606733296,1.5142617415197948,0.16399439594215034,-0.22824713789423523,448,49.999998354094316,player_ema,-0.0,1.0,0.0,0.0,0.0
"greyserman, max",sg_app,-0.4051247690534752,1.6699452438097568,0.28684747108757974,-0.03587633605973295,225,49.98767534259589,player_ema,-0.0,1.0,0.0,0.0,0.0
"greyserman, max",sg_arg,0.07232563265689199,1.0716626592522904,-0.6588689489762518,1.351956476563,225,49.98767534259589,player_ema,0.0,1.0,0.0,0.0,0.0
"greyserman, max",sg_ott,0.1102496267688165,0.9735469618055319,-1.0117539000849636,3.3893813633306227,225,49.98767534259589,player_ema,0.0,1.0,0.0,0.0,0.0
"greyserman, max",sg_putt,0.406606624512194,1.5638465817738667,0.4136457439436693,0.181979560355781,225,49.98767534259589,player_ema,0.0,1.0,0.0,0.0,0.0
"harman, brian",sg_app,0.5733946209953706,1.5975021838069317,0.8058422525544857,0.713522402062559,569,49.99999998699417,player_ema,0.0,1.0,0.0,0.0,0.0
"harman, brian",sg_arg,0.21043778872423435,0.9586360627294704,0.08321938590119791,0.5649822856659408,569,49.99999998699417,player_ema,0.0,1.0,0.0,0.0,0.0
"harman, brian",sg_ott,-0.10462423767536715,0.9852466753519622,-0.6756544734669333,1.1989716224482834,569,49.99999998699417,player_ema,-0.0,1.0,0.0,0.0,0.0
"harman, brian",sg_putt,0.10704843406840372,1.56683696673043,-0.03018261277634574,-0.4792230647994895,569,49.99999998699417,player_ema,-0.0,1.0,0.0,0.0,0.0
"hisatsune, ryo",sg_app,0.38011338461354116,1.1931608811918293,-0.38895207943259974,0.4220287581080786,251,49.995644049172874,player_ema,0.0,1.0,0.0,0.0,0.0
"hisatsune, ryo",sg_arg,-0.07980916089938057,0.9899421144028133,-1.6591282188789926,5.17943905855843,251,49.995644049172874,player_ema,-0.0,1.0,0.0,0.0,0.0
"hisatsune, ryo",sg_ott,0.2735423986895697,0.9387408187024382,-0.70225708651485,-0.09232737645057698,251,49.995644049172874,player_ema,0.0,1.0,0.0,0.0,0.0
"hisatsune, ryo",sg_putt,-0.27301041248525576,1.5979452094183992,0.29968412897799923,-0.6593775734150005,251,49.995644049172874,player_ema,-0.0,1.0,0.0,0.0,0.0
"hodges, lee",sg_app,0.20856669703398772,1.4753144610934428,-0.5300001314959979,0.2867349566033517,386,49.999980339306596,player_ema,0.0,1.0,0.0,0.0,0.0
"hodges, lee",sg_arg,-0.16905465811425913,0.803895568293935,-0.2893103336102248,0.7242878419879974,386,49.999980339306596,player_ema,-0.0,1.0,0.0,0.0,0.0
"hodges, lee",sg_ott,0.2389764173486387,0.6774563735413226,-0.07067891123697025,1.4785477641597655,386,49.999980339306596,player_ema,0.0,1.0,0.0,0.0,0.0
"hodges, lee",sg_putt,0.05731111198345537,1.6692437164210985,0.2542331592176011,0.5172815224199234,386,49.999980339306596,player_ema,-0.0,1.0,0.0,0.0,0.0
"hoge, tom",sg_app,0.4365657810464598,1.4653827092914766,-0.36095879781701173,-0.7299879207732842,572,49.99999998846503,player_ema,0.0,1.0,0.0,0.0,0.0
"hoge, tom",sg_arg,-0.11841593623790879,0.9020538795363183,0.3829998202312187,0.649967707207455,572,49.99999998846503,player_ema,-0.0,1.0,0.0,0.0,0.0
"hoge, tom",sg_ott,-0.4487022215337209,1.1655478788714242,-0.7899318006764965,0.29776916370663065,572,49.99999998846503,player_ema,-0.0,1.0,0.0,0.0,0.0
"hoge, tom",sg_putt,-0.13800804481957954,1.542183605771626,-0.3523827785300961,-0.24927569471839428,572,49.99999998846503,player_ema,-0.0,1.0,0.0,0.0,0.0
"homa, max",sg_app,0.032832034267405344,1.3294694441849828,-0.04475151975388209,-0.2665710232288965,505,49.99999983170108,player_ema,-0.0,1.0,0.0,0.0,0.0
"homa, max",sg_arg,-0.03246732146043807,1.0205417787875763,-0.023925498153661132,1.669088096303236,505,49.99999983170108,player_ema,-0.0,1.0,0.0,0.0,0.0
"homa, max",sg_ott,0.17364705373866843,0.7482779414089029,-0.2828930084121765,1.308547046446881,505,49.99999983170108,player_ema,0.0,1.0,0.0,0.0,0.0
"homa, max",sg_putt,0.45154808183554157,1.3442453765713278,0.18021278941142274,-0.3530225586416291,505,49.99999983170108,player_ema,0.0,1.0,0.0,0.0,0.0
"horschel, billy",sg_app,0.41947681673469256,1.4016489148174418,-0.39075629926882416,0.42968643256874106,446,49.99999821699264,player_ema,0.0,1.0,0.0,0.0,0.0
"horschel, billy",sg_arg,-0.23961618683927766,1.0513697106350037,0.012122931498001484,0.2487732794055244,446,49.99999821699264,player_ema,-0.0,1.0,0.0,0.0,0.0
"horschel, billy",sg_ott,0.02934170969286131,0.9207651820838834,-0.5070019403095205,0.2123937490521648,446,49.99999821699264,player_ema,-0.0,1.0,0.0,0.0,0.0
"horschel, billy",sg_putt,0.30816249099228654,1.6098984100723766,0.06007499805170079,0.06470669479883462,446,49.99999821699264,player_ema,0.0,1.0,0.0,0.0,0.0
"hosono, yusaku",sg_app,-0.26541912347723506,1.5322762825918592,-0.09415822153081277,0.0,0,0.0,pga_population_prior,0.0,1.0,0.0,0.0,0.0
"hosono, yusaku",sg_arg,-0.08225994240066449,1.023526431130031,-0.08332142475303503,0.25835296561405086,0,0.0,pga_population_prior,0.0,1.0,0.0,0.0,0.0
"hosono, yusaku",sg_ott,-0.17306777960091205,0.9805176278948962,-0.6387840890200145,0.2669670419616701,0,0.0,pga_population_prior,0.0,1.0,0.0,0.0,0.0
"hosono, yusaku",sg_putt,-0.15345304112950164,1.6380053709220803,0.0057083548197044785,0.0,0,0.0,pga_population_prior,0.0,1.0,0.0,0.0,0.0
"hossler, beau",sg_app,-0.2530661229271069,1.564142314196655,1.0779043580365035,1.1278242535188783,479,49.999999523779664,player_ema,-0.0,1.0,0.0,0.0,0.0
"hossler, beau",sg_arg,0.12809026480870636,0.9711376264529107,-0.39224287845434946,1.1421247007617907,479,49.999999523779664,player_ema,0.0,1.0,0.0,0.0,0.0
"hossler, beau",sg_ott,0.09138345556218293,0.8686026011192087,-0.851953552502005,1.023146746296228,479,49.999999523779664,player_ema,0.0,1.0,0.0,0.0,0.0
"hossler, beau",sg_putt,0.3964051798784665,1.7025890965725037,-0.11787190867058576,-0.29596212706264824,479,49.999999523779664,player_ema,0.0,1.0,0.0,0.0,0.0
"im, sungjae",sg_app,-0.3085127040024688,1.5098764602436532,-0.7847435171851292,0.5365906425557427,618,49.99999999816852,player_ema,-0.0,1.0,0.0,0.0,0.0
"im, sungjae",sg_arg,0.26780475587914065,0.9053629696618952,0.2694117529746754,-0.07240487453847955,618,49.99999999816852,player_ema,-0.0,1.0,0.0,0.0,0.0
"im, sungjae",sg_ott,0.38403510624432213,0.699538775239223,-0.42718786551175514,-0.05127611298511958,618,49.99999999816852,player_ema,0.0,1.0,0.0,0.0,0.0
"im, sungjae",sg_putt,0.7356505456686473,1.7412896239259819,-0.17029777202759322,-0.39455311737445653,618,49.99999999816852,player_ema,0.0,1.0,0.0,0.0,0.0
"ishizaka, tomohiro",sg_app,-0.26541912347723506,1.5322762825918592,-0.09415822153081277,0.0,0,0.0,pga_population_prior,0.0,1.0,0.0,0.0,0.0
"ishizaka, tomohiro",sg_arg,-0.08225994240066449,1.023526431130031,-0.08332142475303503,0.25835296561405086,0,0.0,pga_population_prior,0.0,1.0,0.0,0.0,0.0
"ishizaka, tomohiro",sg_ott,-0.17306777960091205,0.9805176278948962,-0.6387840890200145,0.2669670419616701,0,0.0,pga_population_prior,0.0,1.0,0.0,0.0,0.0
"ishizaka, tomohiro",sg_putt,-0.15345304112950164,1.6380053709220803,0.0057083548197044785,0.0,0,0.0,pga_population_prior,0.0,1.0,0.0,0.0,0.0
"iwasaki, aguri",sg_app,-0.32043706725751436,1.4935154933343533,-0.2781601407639949,0.0,4,3.9920185168366293,empirical_bayes_partial,0.0,1.0,0.0,0.0,0.0
"iwasaki, aguri",sg_arg,-0.5341550582284583,1.875725649035895,-0.16685744508212141,0.0,4,3.9920185168366293,empirical_bayes_partial,0.0,1.0,0.0,0.0,0.0
"iwasaki, aguri",sg_ott,-1.1204394800164947,2.4218723224939347,-0.6415727318577633,0.0,4,3.9920185168366293,empirical_bayes_partial,0.0,1.0,0.0,0.0,0.0
"iwasaki, aguri",sg_putt,-0.12384495958013694,1.5243542822516616,-0.14191600754788505,0.0,4,3.9920185168366293,empirical_bayes_partial,0.0,1.0,0.0,0.0,0.0
"iwata, hiroshi",sg_app,-0.7518173580982239,1.3947098098237645,-0.1949682563105596,0.0,6,5.972153704223552,empirical_bayes_partial,0.0,1.0,0.0,0.0,0.0
"iwata, hiroshi",sg_arg,-0.08902581871524345,1.012458471025592,-0.6945277990682266,0.2644741347465558,6,5.972153704223552,empirical_bayes_partial,0.0,1.0,0.0,0.0,0.0
"iwata, hiroshi",sg_ott,-0.660321037073615,1.0217339984643092,-0.7350191593567548,0.0,6,5.972153704223552,empirical_bayes_partial,0.0,1.0,0.0,0.0,0.0
"iwata, hiroshi",sg_putt,-0.24413783695388805,1.2416898549223951,-0.2817444240804728,0.0,6,5.972153704223552,empirical_bayes_partial,0.0,1.0,0.0,0.0,0.0
"jaeger, stephan",sg_app,0.13009092990758356,1.8944473349489344,-0.012369268076061703,-0.5354722438487007,425,49.99999586943796,player_ema,0.0,1.0,0.0,0.0,0.0
"jaeger, stephan",sg_arg,0.27181637966892785,1.1095850721068816,0.8338800175076759,0.9202363227795716,425,49.99999586943796,player_ema,0.0,1.0,0.0,0.0,0.0
"jaeger, stephan",sg_ott,-0.535020161357662,1.289263804262705,-0.6411717717549382,-0.06148545037203279,425,49.99999586943796,player_ema,-0.0,1.0,0.0,0.0,0.0
"jaeger, stephan",sg_putt,0.13723304979511228,1.7419919127404675,0.2535753344154607,-0.5078801821337051,425,49.99999586943796,player_ema,0.0,1.0,0.0,0.0,0.0
"kanaya, takumi",sg_app,-0.5722020068959388,1.1408260057905517,-0.2546375885993503,0.25627353302807965,163,49.85297764977099,player_ema,-0.0,1.0,0.0,0.0,0.0
"kanaya, takumi",sg_arg,0.3530039795171607,1.009901703764997,0.1481771985570895,0.17928363329346286,163,49.85297764977099,player_ema,0.0,1.0,0.0,0.0,0.0
"kanaya, takumi",sg_ott,-0.031618171383910924,0.8000441761931009,-1.1445102693439342,1.7101228670043342,163,49.85297764977099,player_ema,-0.0,1.0,0.0,0.0,0.0
"kanaya, takumi",sg_putt,0.1868620285444136,1.6240894862500181,0.048715668698876294,-0.27569334494727116,163,49.85297764977099,player_ema,0.0,1.0,0.0,0.0,0.0
"keefer, johnny",sg_app,0.3458394818407748,1.503685463021126,-0.17302825713473155,0.8706899850896797,96,47.89691994119657,player_ema,0.0,1.0,0.0,0.0,0.0
"keefer, johnny",sg_arg,-0.08463787239751762,1.2147582502905627,0.03266246783961985,-0.2624063302309505,96,47.89691994119657,player_ema,-0.0,1.0,0.0,0.0,0.0
"keefer, johnny",sg_ott,0.3264912113848313,0.9014710941241372,-0.04688717370231418,-0.9489917092132893,96,47.89691994119657,player_ema,0.0,1.0,0.0,0.0,0.0
"keefer, johnny",sg_putt,0.08115876186767312,1.9315355993791623,0.12330824758019306,-0.3626233091189426,96,47.89691994119657,player_ema,-0.0,1.0,0.0,0.0,0.0
"kim, michael",sg_app,0.3228496012415149,1.3924713120988483,-0.03312741293183034,0.49151007568711114,390,49.999983246619216,player_ema,0.0,1.0,0.0,0.0,0.0
"kim, michael",sg_arg,-0.027253100747790027,0.9339107186297898,-0.12158886186759771,-0.4767175179085421,390,49.999983246619216,player_ema,-0.0,1.0,0.0,0.0,0.0
"kim, michael",sg_ott,-0.25524381004780533,1.0215076077319105,-1.0663212426169728,0.6159612916082589,390,49.999983246619216,player_ema,-0.0,1.0,0.0,0.0,0.0
"kim, michael",sg_putt,0.5202367388837273,1.9675671868179867,0.36160810765265655,0.4133539361125629,390,49.999983246619216,player_ema,0.0,1.0,0.0,0.0,0.0
"kitayama, kurt",sg_app,0.7426110971909774,1.5702354354438353,0.3542428647590463,0.10746032724833476,359,49.99994209724082,player_ema,0.0,1.0,0.0,0.0,0.0
"kitayama, kurt",sg_arg,0.06004156422596647,1.1468180095483462,-0.8077079764645033,2.935759229206475,359,49.99994209724082,player_ema,-0.0,1.0,0.0,0.0,0.0
"kitayama, kurt",sg_ott,0.38621334109109107,0.9325392896496738,-1.0697272500703783,4.411541198670753,359,49.99994209724082,player_ema,0.0,1.0,0.0,0.0,0.0
"kitayama, kurt",sg_putt,0.029337647702221546,1.5249513958009362,0.24810827138868227,0.19955243865803363,359,49.99994209724082,player_ema,-0.0,1.0,0.0,0.0,0.0
"kohles, ben",sg_app,0.676273722327616,1.3349225997235112,0.6253078661232758,1.146740378065033,232,49.99068529174949,player_ema,0.0,1.0,0.0,0.0,0.0
"kohles, ben",sg_arg,0.10684641284245532,0.9503509627898978,0.6350673837618508,0.7548096388623473,232,49.99068529174949,player_ema,-0.0,1.0,0.0,0.0,0.0
"kohles, ben",sg_ott,0.18546742345401962,0.6688306775951696,-0.2136528072693977,-0.06810983322031694,232,49.99068529174949,player_ema,-0.0,1.0,0.0,0.0,0.0
"kohles, ben",sg_putt,0.08176490470702592,1.825185325917115,0.4033211132398709,1.6856950400094153,232,49.99068529174949,player_ema,-0.0,1.0,0.0,0.0,0.0
"kozuma, jinichiro",sg_app,-0.35148356604014785,1.523243144349168,-0.027972929904123738,0.0,8,7.933465280344033,empirical_bayes_partial,0.0,1.0,0.0,0.0,0.0
"kozuma, jinichiro",sg_arg,-0.2073242557592387,1.0402949386336462,-0.4822686084369103,0.0,8,7.933465280344033,empirical_bayes_partial,0.0,1.0,0.0,0.0,0.0
"kozuma, jinichiro",sg_ott,-0.5321527198646203,0.89590265854848,0.0016870107072420593,0.0,8,7.933465280344033,empirical_bayes_partial,0.0,1.0,0.0,0.0,0.0
"kozuma, jinichiro",sg_putt,-0.4698267719172352,1.44385629576619,-0.8173505901789037,0.35047355320421636,8,7.933465280344033,empirical_bayes_partial,0.0,1.0,0.0,0.0,0.0
"lee, min woo",sg_app,0.01891494878245571,1.4514181240110315,-0.3345885755354025,-0.24820337181520902,281,49.99868818284107,player_ema,-0.0,1.0,0.0,0.0,0.0
"lee, min woo",sg_arg,0.24741529060806874,1.1549185691760548,-0.8288468683435496,1.2428191547190544,281,49.99868818284107,player_ema,0.0,1.0,0.0,0.0,0.0
"lee, min woo",sg_ott,0.22942512829940084,1.0903045995924412,-0.5873012103578366,-0.101209421919084,281,49.99868818284107,player_ema,0.0,1.0,0.0,0.0,0.0
"lee, min woo",sg_putt,0.3178726818202207,1.6909883371224455,-0.19788073333365433,-0.4861020572969199,281,49.99868818284107,player_ema,0.0,1.0,0.0,0.0,0.0
"lee, sanghee",sg_app,-0.26541912347723506,1.5322762825918592,-0.09415822153081277,0.0,0,0.0,pga_population_prior,0.0,1.0,0.0,0.0,0.0
"lee, sanghee",sg_arg,-0.08225994240066449,1.023526431130031,-0.08332142475303503,0.25835296561405086,0,0.0,pga_population_prior,0.0,1.0,0.0,0.0,0.0
"lee, sanghee",sg_ott,-0.17306777960091205,0.9805176278948962,-0.6387840890200145,0.2669670419616701,0,0.0,pga_population_prior,0.0,1.0,0.0,0.0,0.0
"lee, sanghee",sg_putt,-0.15345304112950164,1.6380053709220803,0.0057083548197044785,0.0,0,0.0,pga_population_prior,0.0,1.0,0.0,0.0,0.0
"lipsky, david",sg_app,-0.16809718681071584,1.5334360548463168,0.08056911825356855,-0.30442739995879764,339,49.999871121381325,player_ema,-0.0,1.0,0.0,0.0,0.0
"lipsky, david",sg_arg,0.2285570131704287,1.0143875599852932,-0.015895742951108707,-0.4033711219999865,339,49.999871121381325,player_ema,0.0,1.0,0.0,0.0,0.0
"lipsky, david",sg_ott,-0.37342123821999856,0.9308038682051557,-1.026471041594597,1.5401064585766022,339,49.999871121381325,player_ema,-0.0,1.0,0.0,0.0,0.0
"lipsky, david",sg_putt,-0.02791583513644645,1.8490499634929463,-0.08868131518651658,-0.6478686453355094,339,49.999871121381325,player_ema,0.0,1.0,0.0,0.0,0.0
"matsuyama, hideki",sg_app,0.6050804981189407,1.511300718260209,-0.4768012344406499,-0.4854624480948986,541,49.99999996013299,player_ema,0.0,1.0,0.0,0.0,0.0
"matsuyama, hideki",sg_arg,0.5081043602138287,1.3301207294199422,1.2180371618852375,1.5071184926155992,541,49.99999996013299,player_ema,0.0,1.0,0.0,0.0,0.0
"matsuyama, hideki",sg_ott,0.24784109330744686,0.8700298151715516,-0.40057537600932935,-0.02448719606947991,541,49.99999996013299,player_ema,-0.0,1.0,0.0,0.0,0.0
"matsuyama, hideki",sg_putt,0.041910573579511584,1.5236830135225725,-0.13411278722504366,-0.1270756824989805,541,49.99999996013299,player_ema,-0.0,1.0,0.0,0.0,0.0
"mccarthy, denny",sg_app,-0.036725909610008774,1.3653218595138361,0.05497721034329472,-0.15425623697387403,555,49.999999977229315,player_ema,-0.0,1.0,0.0,0.0,0.0
"mccarthy, denny",sg_arg,-0.09908666604891869,0.8255607162129396,-0.16773270425693526,-0.02638221771439353,555,49.999999977229315,player_ema,-0.0,1.0,0.0,0.0,0.0
"mccarthy, denny",sg_ott,-0.3721919440288652,0.8467801993968145,-0.31529784312468323,-0.4716868003879773,555,49.999999977229315,player_ema,-0.0,1.0,0.0,0.0,0.0
"mccarthy, denny",sg_putt,0.6553387895897416,1.508584354208413,-0.07703526173834863,-0.25832319613510935,555,49.999999977229315,player_ema,0.0,1.0,0.0,0.0,0.0
"mccarty, matt",sg_app,-0.01905189776156339,1.56956917556583,-0.2978897943546718,1.4109326627323338,176,49.91254611276204,player_ema,-0.0,1.0,0.0,0.0,0.0
"mccarty, matt",sg_arg,-0.3784805843055046,1.3082953421321568,-0.5962825304576689,-0.11240821359098252,176,49.91254611276204,player_ema,-0.0,1.0,0.0,0.0,0.0
"mccarty, matt",sg_ott,-0.1570050064811589,1.0654748903838063,-0.47530208943537144,-0.2029472778378647,176,49.91254611276204,player_ema,-0.0,1.0,0.0,0.0,0.0
"mccarty, matt",sg_putt,0.668504840356847,1.4953659467692093,0.04259961409620963,-0.3066563208754527,176,49.91254611276204,player_ema,0.0,1.0,0.0,0.0,0.0
"mcnealy, maverick",sg_app,-0.13341387591131118,1.4681460491182612,-0.1895049481031792,-0.43404788654829884,487,49.999999654207826,player_ema,-0.0,1.0,0.0,0.0,0.0
"mcnealy, maverick",sg_arg,0.3717249530543213,1.023284460344537,0.674160712679162,0.2723921974426089,487,49.999999654207826,player_ema,0.0,1.0,0.0,0.0,0.0
"mcnealy, maverick",sg_ott,0.20455803529878383,1.0239790749541882,-0.8038687585720629,0.5196386084688616,487,49.999999654207826,player_ema,-0.0,1.0,0.0,0.0,0.0
"mcnealy, maverick",sg_putt,0.7236564144927358,1.7103256369974467,0.0085021554692627,0.553454650772224,487,49.999999654207826,player_ema,0.0,1.0,0.0,0.0,0.0
"meissner, mac",sg_app,0.05244681617724331,1.3829811609889002,0.09686463079343365,-0.5956095353696709,218,49.98369291892801,player_ema,-0.0,1.0,0.0,0.0,0.0
"meissner, mac",sg_arg,0.18316627667930346,1.2163600536974337,0.7034737115195816,1.1929809127970534,218,49.98369291892801,player_ema,0.0,1.0,0.0,0.0,0.0
"meissner, mac",sg_ott,0.12180165115239483,1.0308554438767321,-0.5911713245542103,0.46754236115924863,218,49.98369291892801,player_ema,0.0,1.0,0.0,0.0,0.0
"meissner, mac",sg_putt,-0.08489702587218355,2.0108813715007545,-0.37208598500301987,-0.16551214623819943,218,49.98369291892801,player_ema,-0.0,1.0,0.0,0.0,0.0
"mitchell, keith",sg_app,0.06175774686454941,1.6644809877392592,0.2037859636455109,-0.5955619309436693,497,49.999999768220945,player_ema,-0.0,1.0,0.0,0.0,0.0
"mitchell, keith",sg_arg,-0.03710402635523712,0.9076621494290935,0.13435199304865142,-0.20780531109046763,497,49.999999768220945,player_ema,-0.0,1.0,0.0,0.0,0.0
"mitchell, keith",sg_ott,0.7121212515243259,1.0081368576218124,-0.6811485851009849,0.6141727638272005,497,49.999999768220945,player_ema,0.0,1.0,0.0,0.0,0.0
"mitchell, keith",sg_putt,0.018379568044608885,1.76544219724288,0.4808582962488643,-0.03223590581995062,497,49.999999768220945,player_ema,-0.0,1.0,0.0,0.0,0.0
"moore, taylor",sg_app,-0.5809000493548545,1.3908370202056721,0.2416186912348012,-0.3315390334227182,380,49.99997500556153,player_ema,-0.0,1.0,0.0,0.0,0.0
"moore, taylor",sg_arg,0.03904517124102791,1.1729110248934833,-0.2871819995639316,1.3977791518663905,380,49.99997500556153,player_ema,0.0,1.0,0.0,0.0,0.0
"moore, taylor",sg_ott,0.20261923017274253,1.004908256731845,-0.6775200350572007,0.3470402934130621,380,49.99997500556153,player_ema,0.0,1.0,0.0,0.0,0.0
"moore, taylor",sg_putt,0.05755909205530151,1.4229267068315319,-0.14034843722827692,-0.5137366930382705,380,49.99997500556153,player_ema,0.0,1.0,0.0,0.0,0.0
"morikawa, collin",sg_app,0.727133891639227,1.5444361931766128,-0.05812709099176384,1.114798087109702,477,49.99999948411115,player_ema,0.0,1.0,0.0,0.0,0.0
"morikawa, collin",sg_arg,-0.08552395041412976,0.8962248199034533,0.07356730510928432,0.3712998534825922,477,49.99999948411115,player_ema,-0.0,1.0,0.0,0.0,0.0
"morikawa, collin",sg_ott,0.4314136607031027,0.7953888103038012,-0.8105964542607669,0.3337604417824638,477,49.99999948411115,player_ema,0.0,1.0,0.0,0.0,0.0
"morikawa, collin",sg_putt,0.6137917103934851,1.6369740689252337,-0.006565579168765591,0.11266884704226765,477,49.99999948411115,player_ema,0.0,1.0,0.0,0.0,0.0
"nagasaki, koshin",sg_app,-0.26541912347723506,1.5322762825918592,-0.09415822153081277,0.0,0,0.0,pga_population_prior,0.0,1.0,0.0,0.0,0.0
"nagasaki, koshin",sg_arg,-0.08225994240066449,1.023526431130031,-0.08332142475303503,0.25835296561405086,0,0.0,pga_population_prior,0.0,1.0,0.0,0.0,0.0
"nagasaki, koshin",sg_ott,-0.17306777960091205,0.9805176278948962,-0.6387840890200145,0.2669670419616701,0,0.0,pga_population_prior,0.0,1.0,0.0,0.0,0.0
"nagasaki, koshin",sg_putt,-0.15345304112950164,1.6380053709220803,0.0057083548197044785,0.0,0,0.0,pga_population_prior,0.0,1.0,0.0,0.0,0.0
"nakajima, keita",sg_app,0.3062096929925308,1.4579942565682062,0.26530199284664785,0.31707809445822344,78,45.772707755388126,player_ema,0.0,1.0,0.0,0.0,0.0
"nakajima, keita",sg_arg,-0.08833872338806252,0.9162497680037409,-0.7436293650642032,0.9792798600990227,78,45.772707755388126,player_ema,-0.0,1.0,0.0,0.0,0.0
"nakajima, keita",sg_ott,0.09103293031429913,0.9930168170525073,-0.48310051133509424,0.8270550000461316,78,45.772707755388126,player_ema,-0.0,1.0,0.0,0.0,0.0
"nakajima, keita",sg_putt,0.08705902894850265,1.885388372157469,0.2380230882988844,0.0015206107159078108,78,45.772707755388126,player_ema,-0.0,1.0,0.0,0.0,0.0
"neergaard-petersen, rasmus",sg_app,0.04232636905339336,1.3016261583633058,0.26409684597508226,-0.10841817431201983,65,43.08838925560441,player_ema,-0.0,1.0,0.0,0.0,0.0
"neergaard-petersen, rasmus",sg_arg,0.03439058618608791,0.9062190105276384,-0.31154786247294186,0.28584867435802597,65,43.08838925560441,player_ema,-0.0,1.0,0.0,0.0,0.0
"neergaard-petersen, rasmus",sg_ott,0.6204620118824415,0.8983104429326566,-0.7661785680954242,0.036353574163482616,65,43.08838925560441,player_ema,0.0,1.0,0.0,0.0,0.0
"neergaard-petersen, rasmus",sg_putt,-0.2683982892707295,1.6010429471567198,0.08140531169000939,-0.6508197502658284,65,43.08838925560441,player_ema,-0.0,1.0,0.0,0.0,0.0
"parry, john",sg_app,0.23407746164839904,1.1523221530290135,0.542028603232211,0.22861069088325614,89,47.23603406048301,player_ema,0.0,1.0,0.0,0.0,0.0
"parry, john",sg_arg,0.19916788461559884,0.8918313307236175,1.3046971895023163,4.1789848263816385,89,47.23603406048301,player_ema,0.0,1.0,0.0,0.0,0.0
"parry, john",sg_ott,-0.03137530035130503,1.0425616864388823,-0.06254450184312052,-0.5606896026544663,89,47.23603406048301,player_ema,-0.0,1.0,0.0,0.0,0.0
"parry, john",sg_putt,-0.2232805706010151,1.659704435583157,0.09683240508566063,-0.9330586511919043,89,47.23603406048301,player_ema,-0.0,1.0,0.0,0.0,0.0
"pendrith, taylor",sg_app,-0.062276222187849936,1.470551078594748,0.1675081391782291,0.42125393461410354,380,49.99997500556153,player_ema,-0.0,1.0,0.0,0.0,0.0
"pendrith, taylor",sg_arg,-0.013124068050886596,0.8098345002508631,-0.10885733575559274,2.00150085883305,380,49.99997500556153,player_ema,0.0,1.0,0.0,0.0,0.0
"pendrith, taylor",sg_ott,0.2619961858385768,0.9933056618198471,-0.5738438846743776,0.4341311224023623,380,49.99997500556153,player_ema,0.0,1.0,0.0,0.0,0.0
"pendrith, taylor",sg_putt,-0.36883194933114954,1.7961996955258517,0.011511845244582665,-0.3557710037586075,380,49.99997500556153,player_ema,-0.0,1.0,0.0,0.0,0.0
"phillips, chandler",sg_app,-0.5063170298203206,1.5897268920435508,-0.08948747383792843,-0.3156544171866722,212,49.97926989059023,player_ema,-0.0,1.0,0.0,0.0,0.0
"phillips, chandler",sg_arg,0.46646218316721616,0.8759761881507189,-0.24734303528776186,-0.12559376415266943,212,49.97926989059023,player_ema,0.0,1.0,0.0,0.0,0.0
"phillips, chandler",sg_ott,0.0848821879164828,0.8117555814583904,-0.5619405195200766,0.4953473394064525,212,49.97926989059023,player_ema,0.0,1.0,0.0,0.0,0.0
"phillips, chandler",sg_putt,-0.03587315722788558,1.7706948696032376,-0.10873965857215918,-0.264470999446186,212,49.97926989059023,player_ema,-0.0,1.0,0.0,0.0,0.0
"potgieter, aldrich",sg_app,-0.45801280519101756,1.8638951608987302,-1.081967331306259,2.229974660169529,120,49.18426098631997,player_ema,-0.0,1.0,0.0,0.0,0.0
"potgieter, aldrich",sg_arg,-0.5293315247614737,1.122665121568693,-0.05464501371017975,0.13963285893816835,120,49.18426098631997,player_ema,-0.0,1.0,0.0,0.0,0.0
"potgieter, aldrich",sg_ott,0.39016206958799365,1.2673226921938252,-0.5879815095528312,-0.16163168092048696,120,49.18426098631997,player_ema,0.0,1.0,0.0,0.0,0.0
"potgieter, aldrich",sg_putt,-0.03310720277771126,1.5312903173923997,0.39574698999853375,1.0631397111313188,120,49.18426098631997,player_ema,0.0,1.0,0.0,0.0,0.0
"putnam, andrew",sg_app,0.19840323794161038,1.40852967891586,-0.26090823189481394,0.9763209730862155,494,49.99999973866566,player_ema,0.0,1.0,0.0,0.0,0.0
"putnam, andrew",sg_arg,0.1948378368327831,0.9603123165444869,0.24350958233831643,0.6653399035651408,494,49.99999973866566,player_ema,0.0,1.0,0.0,0.0,0.0
"putnam, andrew",sg_ott,-0.8797211161142998,0.9899058482022027,-0.4020614534707199,-0.5297318725068885,494,49.99999973866566,player_ema,-0.0,1.0,0.0,0.0,0.0
"putnam, andrew",sg_putt,0.28076999877906195,1.4880860794711948,0.39268461174283154,-0.11950103146490365,494,49.99999973866566,player_ema,0.0,1.0,0.0,0.0,0.0
"rodgers, patrick",sg_app,-0.5250389911913358,1.5179977962029703,-0.8698202867500365,2.5805125582536546,543,49.99999996319852,player_ema,-0.0,1.0,0.0,0.0,0.0
"rodgers, patrick",sg_arg,-0.07457365427774595,0.8941886083180248,0.050316107734763575,1.99094377133573,543,49.99999996319852,player_ema,0.0,1.0,0.0,0.0,0.0
"rodgers, patrick",sg_ott,-0.15781094985119884,1.141970559983931,-0.6360827913994545,-0.3365505427158686,543,49.99999996319852,player_ema,-0.0,1.0,0.0,0.0,0.0
"rodgers, patrick",sg_putt,0.3523016899711064,1.8983848979196793,-0.22849736191944356,0.4290790590792226,543,49.99999996319852,player_ema,0.0,1.0,0.0,0.0,0.0
"roy, kevin",sg_app,0.0290161160011183,1.6957311295390118,-0.3919496259433186,-0.009884387152337748,199,49.96513389495991,player_ema,-0.0,1.0,0.0,0.0,0.0
"roy, kevin",sg_arg,0.05037129973767808,0.9153381614801902,0.030041285666543738,1.4570819153956593,199,49.96513389495991,player_ema,-0.0,1.0,0.0,0.0,0.0
"roy, kevin",sg_ott,0.2292185362008024,1.0431792572106755,-1.3384405825194192,2.906417137979549,199,49.96513389495991,player_ema,0.0,1.0,0.0,0.0,0.0
"roy, kevin",sg_putt,0.10123763307502665,1.573740794803885,0.23194332328298528,-0.22783360800477181,199,49.96513389495991,player_ema,-0.0,1.0,0.0,0.0,0.0
"schauffele, xander",sg_app,0.561057502015227,1.2916816198645074,0.01354520200481358,-0.06332190017295147,484,49.99999961011418,player_ema,0.0,1.0,0.0,0.0,0.0
"schauffele, xander",sg_arg,0.009133788056295793,1.0702366782086785,-0.550455697851607,1.2259704757710743,484,49.99999961011418,player_ema,-0.0,1.0,0.0,0.0,0.0
"schauffele, xander",sg_ott,0.7789585738240586,0.8573574729825312,-0.3829095248755006,0.2620392012308361,484,49.99999961011418,player_ema,0.0,1.0,0.0,0.0,0.0
"schauffele, xander",sg_putt,0.2560507431648968,1.2799448828591644,-0.06912846993600624,-0.5200472005361214,484,49.99999961011418,player_ema,-0.0,1.0,0.0,0.0,0.0
"scott, adam",sg_app,0.5604020285139166,1.3660288033377774,-0.14579707144838167,-0.14708462933713085,414,49.99999358607026,player_ema,0.0,1.0,0.0,0.0,0.0
"scott, adam",sg_arg,-0.04678853259992262,1.1308028141022353,-0.3749267805760815,0.07641575506901033,414,49.99999358607026,player_ema,-0.0,1.0,0.0,0.0,0.0
"scott, adam",sg_ott,0.45346084453415264,0.8829609401559538,-1.150552197181421,3.108227576910192,414,49.99999358607026,player_ema,0.0,1.0,0.0,0.0,0.0
"scott, adam",sg_putt,0.2452186038966914,1.6553889056572926,0.02425983966940271,-0.8961182654029414,414,49.99999358607026,player_ema,-0.0,1.0,0.0,0.0,0.0
"smalley, alex",sg_app,0.6397346536046962,1.5215687818651984,0.33317607600251226,0.16175782606254296,398,49.999987835067294,player_ema,0.0,1.0,0.0,0.0,0.0
"smalley, alex",sg_arg,0.05476282742615691,1.0341026917905374,-1.299395287354922,4.639533274314394,398,49.999987835067294,player_ema,-0.0,1.0,0.0,0.0,0.0
"smalley, alex",sg_ott,0.06952887926568756,1.0034926451164976,-0.9974842905182217,0.6734158395095147,398,49.999987835067294,player_ema,-0.0,1.0,0.0,0.0,0.0
"smalley, alex",sg_putt,0.092361034814324,1.5466800673822074,-0.1298208447347734,0.12713914543946725,398,49.999987835067294,player_ema,-0.0,1.0,0.0,0.0,0.0
"smith, jordan",sg_app,0.2551609632397953,1.2792116883951181,0.12535205705497013,-0.3733149099969908,117,49.08119783850038,player_ema,0.0,1.0,0.0,0.0,0.0
"smith, jordan",sg_arg,-0.20557016946114562,0.9598337826095718,-0.2864608060920611,-0.48097493283876336,117,49.08119783850038,player_ema,-0.0,1.0,0.0,0.0,0.0
"smith, jordan",sg_ott,0.5367949935577642,0.8597604810557821,-0.537119511699512,-0.046408928970681274,117,49.08119783850038,player_ema,0.0,1.0,0.0,0.0,0.0
"smith, jordan",sg_putt,0.09700875183990937,1.789775745643273,0.0672060803116828,-0.12308182226488817,117,49.08119783850038,player_ema,-0.0,1.0,0.0,0.0,0.0
"spieth, jordan",sg_app,0.225343272177405,1.535036651498448,-0.3670147057258188,0.43740542426542195,491,49.99999970534163,player_ema,0.0,1.0,0.0,0.0,0.0
"spieth, jordan",sg_arg,-0.010473881188971152,1.0148480616980282,0.26321596519870066,-0.015068679807370255,491,49.99999970534163,player_ema,-0.0,1.0,0.0,0.0,0.0
"spieth, jordan",sg_ott,0.11958849267114857,1.05477905027791,-0.7967481506722731,0.1626254344759821,491,49.99999970534163,player_ema,-0.0,1.0,0.0,0.0,0.0
"spieth, jordan",sg_putt,0.25428004275237664,1.6783761283149836,-0.18894570634484006,-0.08068391800897912,491,49.99999970534163,player_ema,0.0,1.0,0.0,0.0,0.0
"suber, jackson",sg_app,0.5488196638445645,1.2859716522942002,-0.39915786411522897,0.6199990812872764,133,49.513450525337646,player_ema,0.0,1.0,0.0,0.0,0.0
"suber, jackson",sg_arg,0.1691515590699693,0.8943929091830705,-0.07519478393501731,-0.1317086978790809,133,49.513450525337646,player_ema,0.0,1.0,0.0,0.0,0.0
"suber, jackson",sg_ott,0.23960289239006052,1.1072208608800183,-1.8544100580329288,5.842142752548369,133,49.513450525337646,player_ema,0.0,1.0,0.0,0.0,0.0
"suber, jackson",sg_putt,-0.2876820559313627,1.6896753960759776,-0.24617921118411357,0.004528557736140915,133,49.513450525337646,player_ema,-0.0,1.0,0.0,0.0,0.0
"sunagawa, kosuke",sg_app,-0.26541912347723506,1.5322762825918592,-0.09415822153081277,0.0,0,0.0,pga_population_prior,0.0,1.0,0.0,0.0,0.0
"sunagawa, kosuke",sg_arg,-0.08225994240066449,1.023526431130031,-0.08332142475303503,0.25835296561405086,0,0.0,pga_population_prior,0.0,1.0,0.0,0.0,0.0
"sunagawa, kosuke",sg_ott,-0.17306777960091205,0.9805176278948962,-0.6387840890200145,0.2669670419616701,0,0.0,pga_population_prior,0.0,1.0,0.0,0.0,0.0
"sunagawa, kosuke",sg_putt,-0.15345304112950164,1.6380053709220803,0.0057083548197044785,0.0,0,0.0,pga_population_prior,0.0,1.0,0.0,0.0,0.0
"taylor, nick",sg_app,-0.28117286639363964,1.6104115596176432,-0.40967870095452724,1.4245958460467696,526,49.99999992735174,player_ema,-0.0,1.0,0.0,0.0,0.0
"taylor, nick",sg_arg,0.3519304761755347,1.0048418492924944,0.8528404526651924,1.1795875159353537,526,49.99999992735174,player_ema,0.0,1.0,0.0,0.0,0.0
"taylor, nick",sg_ott,-0.22088271248744262,0.8385733626621845,-0.6567253698661935,0.14070188544543205,526,49.99999992735174,player_ema,-0.0,1.0,0.0,0.0,0.0
"taylor, nick",sg_putt,0.32458557167590674,1.6644178046171128,-0.12804695771836072,-0.6583621535888953,526,49.99999992735174,player_ema,0.0,1.0,0.0,0.0,0.0
"theegala, sahith",sg_app,0.3309741059411398,1.7362805241182144,-0.2473609564949151,-0.746373673701342,464,49.999999132200486,player_ema,0.0,1.0,0.0,0.0,0.0
"theegala, sahith",sg_arg,-0.15667569273129978,1.2227517627700548,-0.20795493309182964,0.28186658030577494,464,49.999999132200486,player_ema,-0.0,1.0,0.0,0.0,0.0
"theegala, sahith",sg_ott,-0.14541724060125014,1.048811824702151,-0.3067851980898813,-0.2833088247920781,464,49.999999132200486,player_ema,-0.0,1.0,0.0,0.0,0.0
"theegala, sahith",sg_putt,0.03241794384495905,1.6301596538088996,-0.563812425651762,0.2413170585121298,464,49.999999132200486,player_ema,0.0,1.0,0.0,0.0,0.0
"thomas, justin",sg_app,0.010030691440002688,1.4538547028860953,0.11003789939389318,0.1847926730649725,489,49.99999968079699,player_ema,-0.0,1.0,0.0,0.0,0.0
"thomas, justin",sg_arg,0.7898471026410104,0.9788290425047166,0.23002163621218175,0.6605977975976836,489,49.99999968079699,player_ema,0.0,1.0,0.0,0.0,0.0
"thomas, justin",sg_ott,0.27325391500046503,0.9806568232189433,-1.093140926892814,1.9901321124342326,489,49.99999968079699,player_ema,-0.0,1.0,0.0,0.0,0.0
"thomas, justin",sg_putt,0.08441628868330414,1.3541062220441973,0.10900733542333327,1.04197791061591,489,49.99999968079699,player_ema,-0.0,1.0,0.0,0.0,0.0
"thompson, davis",sg_app,0.6264726802795797,1.5578406870087873,0.5492060507373207,0.504015973856005,352,49.99992338428646,player_ema,0.0,1.0,0.0,0.0,0.0
"thompson, davis",sg_arg,-0.21408404713485557,0.9162819152292664,-0.4991742484416508,2.2398082923690454,352,49.99992338428646,player_ema,-0.0,1.0,0.0,0.0,0.0
"thompson, davis",sg_ott,0.27837292046027007,1.0480961608684216,-1.1763123994399793,0.8766874003505936,352,49.99992338428646,player_ema,0.0,1.0,0.0,0.0,0.0
"thompson, davis",sg_putt,-0.3603252706876256,1.5233353233702998,0.5044843402180066,0.3339264557797912,352,49.99992338428646,player_ema,-0.0,1.0,0.0,0.0,0.0
"thorbjornsen, michael",sg_app,0.26477860796737385,1.721054845305108,-0.349742918498534,-0.2538529001400458,185,49.93897228544291,player_ema,0.0,1.0,0.0,0.0,0.0
"thorbjornsen, michael",sg_arg,0.21838546739430986,1.0802239056859113,0.1664942765589558,0.7364259647849876,185,49.93897228544291,player_ema,-0.0,1.0,0.0,0.0,0.0
"thorbjornsen, michael",sg_ott,0.5004580981194868,0.9832364285355218,-1.1199634445479654,3.3797914788818675,185,49.93897228544291,player_ema,0.0,1.0,0.0,0.0,0.0
"thorbjornsen, michael",sg_putt,-0.09559711923762172,1.5111422846441125,-0.7823788382355735,0.8382537248925392,185,49.93897228544291,player_ema,-0.0,1.0,0.0,0.0,0.0
"ventura, kristoffer",sg_app,-0.003378498462980312,1.618079734856881,-0.3827477218091457,0.2243437171680016,191,49.95198918345071,player_ema,-0.0,1.0,0.0,0.0,0.0
"ventura, kristoffer",sg_arg,-0.07694235578769695,0.9359349627779139,-2.630306552747549,14.85006539795836,191,49.95198918345071,player_ema,-0.0,1.0,0.0,0.0,0.0
"ventura, kristoffer",sg_ott,0.5566425277894285,0.902075981106048,-0.61295659889511,1.8738996383290445,191,49.95198918345071,player_ema,0.0,1.0,0.0,0.0,0.0
"ventura, kristoffer",sg_putt,-0.2898012415705597,1.776025637253751,0.20839956731274653,-0.24404340357382992,191,49.95198918345071,player_ema,-0.0,1.0,0.0,0.0,0.0
"wallace, matt",sg_app,0.5920482545332272,1.4376166387019367,0.10831422621335648,0.13132159489539497,379,49.99997398538062,player_ema,0.0,1.0,0.0,0.0,0.0
"wallace, matt",sg_arg,0.3413929797120386,0.9078240178231372,0.02813918599835417,0.6659373954119263,379,49.99997398538062,player_ema,0.0,1.0,0.0,0.0,0.0
"wallace, matt",sg_ott,0.11572391392451768,0.8988287504889675,-0.7003724273511703,0.7336496329307884,379,49.99997398538062,player_ema,-0.0,1.0,0.0,0.0,0.0
"wallace, matt",sg_putt,-0.11239985580293048,2.0375037986232076,0.2302160690719182,-0.6319702156374647,379,49.99997398538062,player_ema,-0.0,1.0,0.0,0.0,0.0
"yonezawa, ren",sg_app,0.24123491842793013,1.0892289151730052,-0.22034075507561535,0.0,10,9.870047702762898,empirical_bayes_partial,0.0,1.0,0.0,0.0,0.0
"yonezawa, ren",sg_arg,-0.04671356432547297,1.0973976121639641,-0.13099924189084333,0.0,10,9.870047702762898,empirical_bayes_partial,0.0,1.0,0.0,0.0,0.0
"yonezawa, ren",sg_ott,-0.13301455250779026,0.7511250042099563,-0.3461256120413058,0.0,10,9.870047702762898,empirical_bayes_partial,0.0,1.0,0.0,0.0,0.0
"yonezawa, ren",sg_putt,-0.8709929886871088,2.101285581188617,-0.07051531431186267,0.0,10,9.870047702762898,empirical_bayes_partial,0.0,1.0,0.0,0.0,0.0
"yu, kevin",sg_app,0.24944108239255205,1.4779799336041812,0.03310569536083635,-0.05075500334001948,284,49.99883653944639,player_ema,0.0,1.0,0.0,0.0,0.0
"yu, kevin",sg_arg,-0.021992518800778352,0.8394232674822137,0.022606311742479904,-0.1646383284647306,284,49.99883653944639,player_ema,-0.0,1.0,0.0,0.0,0.0
"yu, kevin",sg_ott,0.39434093230498823,0.6955594912516109,-0.18174581067972317,0.6032319286023546,284,49.99883653944639,player_ema,0.0,1.0,0.0,0.0,0.0
"yu, kevin",sg_putt,0.2134143647770729,1.5058352447031396,-0.023860020554244583,0.8551144925483363,284,49.99883653944639,player_ema,0.0,1.0,0.0,0.0,0.0
