player_name,dew_adj_r1,wind_adj_r1,dew_adj_r2,wind_adj_r2,dew_adv_r1_2,wind_adv_r1_2
"bauchou, zach",-0.02,-0.04,-0.0,-0.0,0.02,0.04
"bezuidenhout, christiaan",-0.0,-0.01,-0.01,-0.02,0.01,0.03
"bradley, keegan",-0.01,-0.03,-0.0,-0.01,0.02,0.04
"brennan, michael",0.01,0.03,0.0,0.01,-0.01,-0.04
"bridgeman, jacob",0.0,0.01,0.01,0.02,-0.01,-0.03
"castillo, ricky",0.01,0.03,0.0,0.01,-0.01,-0.04
"clark, wyndham",-0.01,-0.03,-0.0,-0.01,0.02,0.04
"coody, pierceson",0.02,0.05,-0.0,0.0,-0.02,-0.06
"echavarria, nicolas",0.01,0.02,0.0,0.01,-0.01,-0.03
"finau, tony",-0.01,-0.03,-0.0,-0.01,0.02,0.04
"fisk, steven",-0.01,-0.02,-0.0,-0.01,0.01,0.04
"fowler, rickie",-0.01,-0.03,-0.0,-0.01,0.02,0.04
"fujimoto, yoshinori",-0.0,-0.01,-0.01,-0.02,0.01,0.03
"gerard, ryan",-0.01,-0.03,-0.0,-0.01,0.02,0.04
"ghim, doug",-0.02,-0.04,-0.0,-0.0,0.02,0.04
"greyserman, max",0.01,0.04,0.0,0.01,-0.02,-0.05
"harman, brian",-0.01,-0.03,-0.0,-0.01,0.02,0.04
"hisatsune, ryo",-0.01,-0.02,-0.01,-0.02,0.01,0.04
"hodges, lee",-0.02,-0.04,-0.0,-0.0,0.02,0.04
"hoge, tom",-0.01,-0.03,-0.0,-0.01,0.02,0.04
"homa, max",-0.01,-0.02,-0.0,-0.01,0.01,0.04
"horschel, billy",0.01,0.03,0.0,0.01,-0.01,-0.04
"hosono, yusaku",-0.01,-0.02,-0.01,-0.02,0.01,0.04
"hossler, beau",0.02,0.05,-0.0,0.0,-0.02,-0.06
"im, sungjae",0.01,0.02,0.0,0.01,-0.01,-0.03
"ishizaka, tomohiro",-0.01,-0.02,-0.0,-0.01,0.01,0.04
"iwasaki, aguri",-0.01,-0.02,-0.01,-0.02,0.01,0.04
"iwata, hiroshi",-0.0,-0.01,-0.01,-0.02,0.01,0.03
"jaeger, stephan",0.01,0.03,0.0,0.01,-0.01,-0.04
"kanaya, takumi",0.0,-0.0,0.01,0.02,-0.01,-0.02
"keefer, johnny",-0.0,-0.01,-0.01,-0.02,0.01,0.03
"kim, michael",0.02,0.05,-0.0,0.0,-0.02,-0.06
"kitayama, kurt",-0.01,-0.02,-0.0,-0.01,0.01,0.04
"kohles, ben",0.02,0.05,-0.0,0.0,-0.02,-0.06
"kozuma, jinichiro",0.0,-0.0,0.01,0.02,-0.01,-0.02
"lee, min woo",0.01,0.02,0.0,0.01,-0.01,-0.03
"lee, sanghee",0.01,0.04,0.0,0.01,-0.02,-0.05
"lipsky, david",-0.02,-0.04,-0.0,-0.0,0.02,0.04
"matsuyama, hideki",-0.01,-0.03,-0.0,-0.01,0.02,0.04
"mccarthy, denny",0.01,0.04,0.0,0.01,-0.02,-0.05
"mccarty, matt",0.01,0.03,0.0,0.01,-0.01,-0.04
"mcnealy, maverick",0.01,0.02,0.0,0.01,-0.01,-0.03
"meissner, mac",0.01,0.04,0.0,0.01,-0.02,-0.05
"mitchell, keith",0.02,0.05,-0.0,0.0,-0.02,-0.06
"moore, taylor",-0.01,-0.02,-0.01,-0.02,0.01,0.04
"morikawa, collin",0.0,0.01,0.01,0.02,-0.01,-0.03
"nagasaki, koshin",-0.02,-0.04,-0.0,-0.0,0.02,0.04
"nakajima, keita",0.01,0.04,0.0,0.01,-0.02,-0.05
"neergaard-petersen, rasmus",-0.0,-0.01,-0.01,-0.02,0.01,0.03
"parry, john",0.0,-0.0,0.01,0.02,-0.01,-0.02
"pendrith, taylor",0.0,0.01,0.01,0.02,-0.01,-0.03
"phillips, chandler",-0.01,-0.02,-0.01,-0.02,0.01,0.04
"potgieter, aldrich",0.0,0.01,0.01,0.02,-0.01,-0.03
"putnam, andrew",-0.02,-0.04,-0.0,-0.0,0.02,0.04
"rodgers, patrick",-0.01,-0.02,-0.01,-0.02,0.01,0.04
"roy, kevin",-0.0,-0.01,-0.01,-0.02,0.01,0.03
"schauffele, xander",0.0,0.01,0.01,0.02,-0.01,-0.03
"scott, adam",-0.01,-0.03,-0.0,-0.01,0.02,0.04
"smalley, alex",0.01,0.02,0.0,0.01,-0.01,-0.03
"smith, jordan",-0.01,-0.02,-0.0,-0.01,0.01,0.04
"spieth, jordan",0.01,0.02,0.0,0.01,-0.01,-0.03
"suber, jackson",0.0,-0.0,0.01,0.02,-0.01,-0.02
"sunagawa, kosuke",0.0,-0.0,0.01,0.02,-0.01,-0.02
"taylor, nick",0.0,0.01,0.01,0.02,-0.01,-0.03
"theegala, sahith",-0.01,-0.02,-0.0,-0.01,0.01,0.04
"thomas, justin",-0.01,-0.03,-0.0,-0.01,0.02,0.04
"thompson, davis",-0.01,-0.03,-0.0,-0.01,0.02,0.04
"thorbjornsen, michael",0.01,0.03,0.0,0.01,-0.01,-0.04
"ventura, kristoffer",0.01,0.04,0.0,0.01,-0.02,-0.05
"wallace, matt",0.0,-0.0,0.01,0.02,-0.01,-0.02
"yonezawa, ren",0.02,0.05,-0.0,0.0,-0.02,-0.06
"yu, kevin",-0.01,-0.03,-0.0,-0.01,0.02,0.04
